group,variable,value
feature1,feature1,1.0
feature1,feature2,-0.11206760586707652
feature1,feature3,0.14208973597259753
feature1,feature4,-0.046003156092807224
feature1,feature5,0.05237651135148544
feature1,feature6,0.04893857451392244
feature2,feature1,-0.11206760586707652
feature2,feature2,1.0
feature2,feature3,0.2778187839184958
feature2,feature4,0.17895850539480695
feature2,feature5,0.39431229184636946
feature2,feature6,0.18188051192877347
feature3,feature1,0.14208973597259753
feature3,feature2,0.2778187839184958
feature3,feature3,1.0
feature3,feature4,0.3605515392468806
feature3,feature5,0.46787158823426694
feature3,feature6,0.33208506484367617
feature4,feature1,-0.046003156092807224
feature4,feature2,0.17895850539480695
feature4,feature3,0.3605515392468806
feature4,feature4,1.0
feature4,feature5,0.43011863428166247
feature4,feature6,0.711867235869568
feature5,feature1,0.05237651135148544
feature5,feature2,0.39431229184636946
feature5,feature3,0.46787158823426694
feature5,feature4,0.43011863428166247
feature5,feature5,1.0
feature5,feature6,0.4018949227079373
feature6,feature1,0.04893857451392244
feature6,feature2,0.18188051192877347
feature6,feature3,0.33208506484367617
feature6,feature4,0.711867235869568
feature6,feature5,0.4018949227079373
feature6,feature6,1.0
