group,variable,value
feature1,feature1,1.0
feature1,feature2,-0.09272445112190424
feature1,feature3,0.12281202351343179
feature1,feature4,-0.035770387996876395
feature1,feature5,0.09393703111727371
feature1,feature6,0.0328698713954263
feature2,feature1,-0.09272445112190424
feature2,feature2,1.0
feature2,feature3,0.341071547657182
feature2,feature4,0.22428245973119765
feature2,feature5,0.3870343435318588
feature2,feature6,0.2368126037060724
feature3,feature1,0.12281202351343179
feature3,feature2,0.341071547657182
feature3,feature3,1.0
feature3,feature4,0.2921674107207451
feature3,feature5,0.5072595190286241
feature3,feature6,0.23184609028356065
feature4,feature1,-0.035770387996876395
feature4,feature2,0.22428245973119765
feature4,feature3,0.2921674107207451
feature4,feature4,1.0
feature4,feature5,0.4062239621379775
feature4,feature6,0.735474355130234
feature5,feature1,0.09393703111727371
feature5,feature2,0.3870343435318588
feature5,feature3,0.5072595190286241
feature5,feature4,0.4062239621379775
feature5,feature5,1.0
feature5,feature6,0.4011381034923739
feature6,feature1,0.0328698713954263
feature6,feature2,0.2368126037060724
feature6,feature3,0.23184609028356065
feature6,feature4,0.735474355130234
feature6,feature5,0.4011381034923739
feature6,feature6,1.0
