feature,value
feature1,0.0
feature1,0.0
feature1,0.0
feature1,0.0
feature1,0.0263
feature1,0.0
feature1,0.1174
feature1,0.0
feature1,0.0
feature1,0.0
feature1,0.0
feature1,0.0
feature1,0.0
feature1,0.0
feature1,0.0
feature1,0.0
feature1,0.0
feature1,0.0
feature1,0.0
feature1,0.0
feature1,0.0
feature1,0.0
feature1,0.0
feature1,0.0
feature1,0.0
feature1,0.0
feature1,0.0
feature1,0.0
feature1,0.0
feature1,0.0
feature1,0.0301
feature1,0.0
feature1,0.0
feature1,0.0
feature1,0.0
feature1,0.0
feature1,0.0
feature1,0.0
feature1,0.0
feature1,0.0
feature1,0.0
feature1,0.0
feature1,0.0
feature1,0.0
feature1,0.0585
feature1,0.0
feature1,0.0
feature1,0.0
feature1,0.0
feature1,0.0
feature1,0.0
feature1,0.0
feature1,0.0
feature1,0.0
feature1,0.0
feature1,0.1325
feature1,0.0
feature1,0.0
feature1,0.0
feature1,0.0
feature1,0.0983
feature1,0.0
feature1,0.0
feature1,0.0
feature1,0.0
feature1,0.0
feature1,0.0
feature1,0.0
feature1,0.1015
feature1,0.0
feature1,0.0307
feature1,0.0
feature1,0.2215
feature1,0.0
feature1,0.0
feature1,0.0
feature1,0.8118
feature1,0.2228
feature1,0.4086
feature1,0.3938
feature1,0.0
feature1,0.6111
feature1,0.0
feature1,0.8112
feature1,0.0
feature1,0.5302
feature1,0.0
feature1,0.2895
feature1,0.6111
feature1,0.0973
feature1,0.1966
feature1,0.3253
feature1,0.0
feature1,0.0
feature1,0.0637
feature1,0.0
feature1,0.0
feature1,0.0
feature1,0.0
feature1,0.0
feature1,0.0
feature1,0.0
feature2,0.1444
feature2,0.505
feature2,0.2862
feature2,0.1056
feature2,0.2391
feature2,0.22399999999999998
feature2,0.1252
feature2,0.2191
feature2,0.3065
feature2,0.1864
feature2,0.1085
feature2,0.1407
feature2,0.2465
feature2,0.4094
feature2,0.2333
feature2,0.05
feature2,0.2209
feature2,0.3049
feature2,0.3563
feature2,0.2191
feature2,0.2085
feature2,0.3097
feature2,0.1596
feature2,0.1895
feature2,0.2704
feature2,0.2181
feature2,0.3584
feature2,0.2423
feature2,0.0504
feature2,0.2529
feature2,0.2125
feature2,0.1934
feature2,0.5197
feature2,0.2247
feature2,0.1735
feature2,0.28800000000000003
feature2,0.1809
feature2,0.2542
feature2,0.2861
feature2,0.2754
feature2,0.2501
feature2,0.33
feature2,0.245
feature2,0.19399999999999998
feature2,0.048
feature2,0.2226
feature2,0.1826
feature2,0.0941
feature2,0.067
feature2,0.1944
feature2,0.2184
feature2,0.1801
feature2,0.2282
feature2,0.2773
feature2,0.1865
feature2,0.013000000000000001
feature2,0.2003
feature2,0.2329
feature2,0.1463
feature2,0.2248
feature2,0.4018
feature2,0.5047
feature2,0.17600000000000002
feature2,0.2599
feature2,0.3065
feature2,0.3639
feature2,0.0557
feature2,0.1357
feature2,0.3479
feature2,0.2629
feature2,0.0407
feature2,0.3017
feature2,0.0919
feature2,0.2973
feature2,0.2413
feature2,0.1874
feature2,0.0
feature2,0.6920000000000001
feature2,0.2219
feature2,0.1594
feature2,0.521
feature2,0.0
feature2,0.5434
feature2,0.0
feature2,0.1722
feature2,0.2129
feature2,0.6739
feature2,0.7975
feature2,0.0375
feature2,0.0408
feature2,0.0924
feature2,0.2027
feature2,0.2889
feature2,0.0
feature2,0.1629
feature2,0.2674
feature2,0.4361
feature2,0.12300000000000001
feature2,0.6062
feature2,0.0
feature2,0.7323
feature2,0.0094
feature3,0.4616
feature3,0.8571
feature3,0.7170000000000001
feature3,0.3784
feature3,0.5635
feature3,0.5167
feature3,0.5643
feature3,0.4753
feature3,0.6995
feature3,0.4665
feature3,0.4134
feature3,0.5262
feature3,0.4475
feature3,0.8044
feature3,0.4768
feature3,0.5931
feature3,0.5101
feature3,0.6425
feature3,0.7856
feature3,0.5820000000000001
feature3,0.3831
feature3,0.6802
feature3,0.6288
feature3,0.4748
feature3,0.5372
feature3,0.5977
feature3,0.7931
feature3,0.5735
feature3,0.4235
feature3,0.7439
feature3,0.4911
feature3,0.4407
feature3,0.8417
feature3,0.5670000000000001
feature3,0.5752
feature3,0.5984
feature3,0.4135
feature3,0.6893
feature3,0.5414
feature3,0.5991
feature3,0.7433
feature3,0.5788
feature3,0.5294
feature3,0.6681
feature3,0.4956
feature3,0.7468
feature3,0.5717
feature3,0.4859
feature3,0.3971
feature3,0.7281
feature3,0.358
feature3,0.5056
feature3,0.3853
feature3,0.8248
feature3,0.4367
feature3,0.3477
feature3,0.5603
feature3,0.6095
feature3,0.6203
feature3,0.6578
feature3,0.8425
feature3,0.9353
feature3,0.4999
feature3,0.6079
feature3,0.7597
feature3,0.5705
feature3,0.5318
feature3,0.5348
feature3,0.7005
feature3,0.5026
feature3,0.3642
feature3,0.5838
feature3,0.3598
feature3,0.627
feature3,0.6004
feature3,0.4155
feature3,0.0452
feature3,0.9208
feature3,0.5517
feature3,0.45
feature3,0.7684
feature3,0.0766
feature3,0.9766
feature3,0.9329999999999999
feature3,0.7123
feature3,0.6619
feature3,1.0
feature3,1.0
feature3,0.3999
feature3,0.5195
feature3,0.4683
feature3,0.5031
feature3,0.8049
feature3,0.9928
feature3,0.9975
feature3,0.7423
feature3,0.8489
feature3,0.9965
feature3,1.0
feature3,0.9905
feature3,0.9868
feature3,0.9842
feature4,1.0
feature4,1.0
feature4,1.0
feature4,1.0
feature4,1.0
feature4,1.0
feature4,1.0
feature4,1.0
feature4,1.0
feature4,1.0
feature4,1.0
feature4,1.0
feature4,1.0
feature4,1.0
feature4,1.0
feature4,1.0
feature4,1.0
feature4,1.0
feature4,1.0
feature4,1.0
feature4,1.0
feature4,1.0
feature4,1.0
feature4,1.0
feature4,1.0
feature4,1.0
feature4,1.0
feature4,1.0
feature4,1.0
feature4,1.0
feature4,1.0
feature4,1.0
feature4,1.0
feature4,1.0
feature4,1.0
feature4,1.0
feature4,1.0
feature4,1.0
feature4,1.0
feature4,1.0
feature4,0.769
feature4,1.0
feature4,1.0
feature4,1.0
feature4,1.0
feature4,1.0
feature4,1.0
feature4,1.0
feature4,1.0
feature4,1.0
feature4,1.0
feature4,1.0
feature4,1.0
feature4,1.0
feature4,1.0
feature4,1.0
feature4,1.0
feature4,1.0
feature4,1.0
feature4,1.0
feature4,1.0
feature4,1.0
feature4,1.0
feature4,1.0
feature4,1.0
feature4,1.0
feature4,1.0
feature4,1.0
feature4,1.0
feature4,1.0
feature4,1.0
feature4,1.0
feature4,1.0
feature4,1.0
feature4,1.0
feature4,1.0
feature4,1.0
feature4,1.0
feature4,0.2839
feature4,0.5675
feature4,1.0
feature4,1.0
feature4,0.0994
feature4,1.0
feature4,1.0
feature4,1.0
feature4,0.2464
feature4,1.0
feature4,1.0
feature4,0.9502
feature4,1.0
feature4,1.0
feature4,1.0
feature4,1.0
feature4,1.0
feature4,0.9141
feature4,1.0
feature4,1.0
feature4,1.0
feature4,1.0
feature4,1.0
feature4,1.0
feature5,0.9421
feature5,0.9503
feature5,0.9152
feature5,0.9275
feature5,0.9855
feature5,0.9427
feature5,0.9672
feature5,0.9023
feature5,0.9840000000000001
feature5,0.6732
feature5,0.8609
feature5,0.8329
feature5,0.9756
feature5,0.9717
feature5,0.8977
feature5,0.948
feature5,0.9412
feature5,0.9771
feature5,0.9717
feature5,0.9631
feature5,0.9481
feature5,0.9540000000000001
feature5,0.9768
feature5,0.8903
feature5,0.9681
feature5,0.9654
feature5,0.9946
feature5,0.9723
feature5,0.8347
feature5,0.8696
feature5,0.9865
feature5,0.9342
feature5,0.9976
feature5,0.958
feature5,0.9052
feature5,0.9247
feature5,0.841
feature5,0.9317
feature5,0.9076
feature5,0.9264
feature5,0.8109999999999999
feature5,0.9574
feature5,0.9672
feature5,0.98
feature5,0.982
feature5,0.9872
feature5,0.9474
feature5,0.9167
feature5,0.9795
feature5,0.9829
feature5,0.9506
feature5,0.9279999999999999
feature5,0.9367
feature5,0.9993
feature5,0.9674
feature5,0.9802
feature5,0.9201
feature5,0.9648
feature5,0.9558
feature5,0.9424
feature5,0.9964
feature5,0.9982
feature5,0.9722
feature5,0.9119
feature5,0.8902
feature5,0.9621
feature5,0.9787
feature5,0.96
feature5,0.9576
feature5,0.9822
feature5,0.9895
feature5,0.8527
feature5,0.9906
feature5,0.9757
feature5,0.9723
feature5,0.8028
feature5,0.5679
feature5,0.9934
feature5,0.9631
feature5,0.9885
feature5,0.9974
feature5,0.8962
feature5,0.9892
feature5,0.7307
feature5,0.9911
feature5,0.9971
feature5,0.9967
feature5,0.9965
feature5,0.9953
feature5,0.9568
feature5,0.9890000000000001
feature5,0.9772
feature5,0.9869
feature5,0.7867
feature5,0.8528
feature5,0.9995
feature5,0.9995
feature5,0.975
feature5,0.9972
feature5,0.9672
feature5,0.997
feature5,0.9272
feature6,1.0
feature6,1.0
feature6,1.0
feature6,1.0
feature6,1.0
feature6,1.0
feature6,1.0
feature6,1.0
feature6,1.0
feature6,1.0
feature6,1.0
feature6,1.0
feature6,1.0
feature6,1.0
feature6,1.0
feature6,1.0
feature6,1.0
feature6,1.0
feature6,0.8589
feature6,1.0
feature6,1.0
feature6,1.0
feature6,1.0
feature6,1.0
feature6,1.0
feature6,1.0
feature6,1.0
feature6,1.0
feature6,1.0
feature6,1.0
feature6,1.0
feature6,1.0
feature6,0.9995
feature6,1.0
feature6,0.948
feature6,1.0
feature6,1.0
feature6,1.0
feature6,1.0
feature6,1.0
feature6,0.9983
feature6,1.0
feature6,1.0
feature6,1.0
feature6,1.0
feature6,1.0
feature6,0.9977
feature6,0.997
feature6,1.0
feature6,1.0
feature6,1.0
feature6,1.0
feature6,1.0
feature6,1.0
feature6,1.0
feature6,0.9957
feature6,1.0
feature6,1.0
feature6,1.0
feature6,1.0
feature6,1.0
feature6,1.0
feature6,1.0
feature6,1.0
feature6,1.0
feature6,1.0
feature6,1.0
feature6,1.0
feature6,1.0
feature6,1.0
feature6,0.9981
feature6,1.0
feature6,1.0
feature6,1.0
feature6,1.0
feature6,1.0
feature6,1.0
feature6,0.945
feature6,0.9949
feature6,0.9925
feature6,1.0
feature6,0.7227
feature6,0.9997
feature6,0.9858
feature6,0.9212
feature6,0.9715
feature6,0.9988
feature6,0.9976
feature6,0.8887
feature6,0.9662
feature6,0.9753
feature6,0.965
feature6,1.0
feature6,0.9856
feature6,1.0
feature6,0.9995
feature6,1.0
feature6,1.0
feature6,1.0
feature6,0.8883
feature6,1.0
feature6,1.0
