feature,value
feature1,0.8972
feature1,0.9568
feature1,0.9395
feature1,0.9492
feature1,0.0
feature1,0.825
feature1,0.8883
feature1,0.6481
feature1,0.98
feature1,0.8821
feature1,0.9185
feature1,0.8675
feature1,0.6664
feature1,0.6437
feature1,0.5764
feature1,0.8927
feature1,0.7592
feature1,0.6599
feature1,0.61
feature1,0.7099
feature1,0.7019
feature1,0.7247
feature1,0.8833
feature1,0.9412
feature1,0.3454
feature1,0.5086
feature1,0.5225
feature1,0.9464
feature1,0.8645
feature1,0.9670000000000001
feature1,0.8248
feature1,0.7075
feature1,0.5957
feature1,0.8908
feature1,0.6531
feature1,0.5418
feature1,0.9817
feature1,0.8761
feature1,0.8924
feature1,0.9503
feature1,0.8605
feature1,0.8893
feature1,0.8218
feature2,0.0
feature2,0.0
feature2,0.0
feature2,0.0
feature2,1.0
feature2,0.0
feature2,0.0
feature2,0.7277
feature2,0.0
feature2,0.0
feature2,0.0
feature2,0.0
feature2,0.0
feature2,0.0
feature2,0.4226
feature2,0.0
feature2,0.0
feature2,0.0
feature2,0.0801
feature2,0.0
feature2,0.0
feature2,0.0
feature2,0.0
feature2,0.3257
feature2,0.0
feature2,0.0
feature2,0.0
feature2,0.0
feature2,0.0
feature2,0.0927
feature2,0.0
feature2,0.0
feature2,0.0806
feature2,0.0
feature2,0.1365
feature2,0.1729
feature2,0.0
feature2,0.0
feature2,0.0
feature2,0.0
feature2,0.0
feature2,0.0
feature2,0.0
feature3,0.8381
feature3,0.4947
feature3,0.1057
feature3,0.1741
feature3,1.0
feature3,0.33799999999999997
feature3,0.1423
feature3,0.0
feature3,0.6317
feature3,0.7345
feature3,0.3179
feature3,1.0
feature3,0.6924
feature3,0.8986
feature3,1.0
feature3,0.7774
feature3,0.5111
feature3,0.4005
feature3,0.8322
feature3,0.6596
feature3,0.8247
feature3,0.1751
feature3,0.0
feature3,0.7777
feature3,0.9895
feature3,0.3512
feature3,0.7867
feature3,0.5996
feature3,0.5182
feature3,0.8440000000000001
feature3,0.7090000000000001
feature3,0.7105
feature3,0.3452
feature3,0.7226
feature3,0.5076
feature3,1.0
feature3,0.3512
feature3,0.5429999999999999
feature3,0.2459
feature3,0.4073
feature3,0.3164
feature3,0.5995
feature3,0.5126
feature4,1.0
feature4,0.7098
feature4,1.0
feature4,1.0
feature4,1.0
feature4,1.0
feature4,1.0
feature4,1.0
feature4,0.0103
feature4,0.3894
feature4,1.0
feature4,0.1805
feature4,1.0
feature4,1.0
feature4,1.0
feature4,0.0705
feature4,0.2385
feature4,0.4361
feature4,0.1151
feature4,0.7504
feature4,0.1964
feature4,1.0
feature4,0.7665
feature4,1.0
feature4,1.0
feature4,1.0
feature4,0.6167
feature4,1.0
feature4,1.0
feature4,0.0028
feature4,0.2652
feature4,1.0
feature4,0.9027
feature4,0.326
feature4,0.4424
feature4,0.0
feature4,0.8528
feature4,1.0
feature4,0.3997
feature4,1.0
feature4,1.0
feature4,1.0
feature4,1.0
feature5,0.8162
feature5,0.8348
feature5,0.7113
feature5,0.3327
feature5,0.0
feature5,0.3296
feature5,0.3333
feature5,0.9985
feature5,0.9028
feature5,0.8838
feature5,0.6212
feature5,0.9145
feature5,0.0285
feature5,0.0
feature5,0.7653
feature5,0.9364
feature5,0.8956
feature5,0.7186
feature5,0.8226
feature5,0.6151
feature5,0.8892
feature5,0.5173
feature5,0.7781
feature5,0.8163
feature5,0.044000000000000004
feature5,0.6931
feature5,0.7889
feature5,0.4626
feature5,0.7778
feature5,0.9626
feature5,0.8244
feature5,0.8271
feature5,0.9226
feature5,0.8799
feature5,0.8644
feature5,0.9503
feature5,0.7931
feature5,0.9028
feature5,0.4272
feature5,0.0
feature5,0.2199
feature5,0.0
feature5,0.8341
feature6,0.8340000000000001
feature6,0.6094
feature6,1.0
feature6,1.0
feature6,1.0
feature6,1.0
feature6,1.0
feature6,1.0
feature6,0.8320000000000001
feature6,0.8929
feature6,1.0
feature6,0.9046
feature6,1.0
feature6,1.0
feature6,1.0
feature6,0.9734
feature6,0.9256
feature6,0.7041
feature6,0.8942
feature6,0.7023
feature6,0.826
feature6,1.0
feature6,0.9872
feature6,1.0
feature6,1.0
feature6,1.0
feature6,0.7729
feature6,1.0
feature6,1.0
feature6,0.992
feature6,0.9239
feature6,0.3635
feature6,0.6794
feature6,0.7732
feature6,0.7905
feature6,0.9896
feature6,0.6485
feature6,1.0
feature6,0.6042
feature6,1.0
feature6,1.0
feature6,1.0
feature6,1.0
