feature,value
feature1,0.7729
feature1,0.7703
feature1,0.8226
feature1,0.8186
feature1,0.8446
feature1,0.7759999999999999
feature1,0.6434
feature1,0.6794
feature1,0.6137
feature1,0.782
feature1,0.0
feature1,0.9426
feature1,0.919
feature1,0.0
feature1,0.3503
feature1,0.483
feature1,0.4869
feature1,0.8557
feature1,0.8288
feature1,0.5259
feature1,0.8002
feature1,0.9186
feature1,0.8513
feature1,0.9172
feature1,0.7842
feature1,0.8786
feature1,0.4744
feature1,0.4968
feature1,0.8058
feature1,0.6923
feature1,0.4511
feature1,0.6986
feature1,0.7017
feature1,0.787
feature1,0.5305
feature1,0.5003
feature1,0.8086
feature1,0.7869
feature1,0.2538
feature1,0.5983
feature1,0.7513
feature1,0.7893
feature1,0.7786
feature1,0.7357
feature1,0.7826
feature1,0.8236
feature1,0.5669
feature1,0.9688
feature1,0.6878
feature1,0.8448
feature1,0.8354
feature1,0.8114
feature1,0.8368
feature1,0.7664
feature1,0.6738
feature1,0.5682
feature1,0.6686
feature1,0.882
feature1,0.915
feature1,0.917
feature1,0.6192
feature1,0.8794
feature1,0.8224
feature1,0.7616
feature1,0.8604
feature1,0.7959
feature1,0.8137
feature1,0.5315
feature1,0.7161
feature1,0.5132
feature1,0.7458
feature1,0.932
feature1,0.6149
feature1,0.8491
feature1,0.7887
feature1,0.883
feature1,0.6338
feature1,0.7782
feature1,0.7573
feature1,0.6028
feature1,0.9045
feature2,0.0
feature2,0.0
feature2,0.0
feature2,0.0
feature2,0.0
feature2,0.0
feature2,0.0
feature2,0.0
feature2,0.0
feature2,0.0
feature2,0.3191
feature2,0.0
feature2,0.0
feature2,0.7761
feature2,0.0
feature2,0.0
feature2,0.0
feature2,0.0
feature2,0.0
feature2,0.0
feature2,0.0
feature2,0.0
feature2,0.0
feature2,0.0
feature2,0.0
feature2,0.0
feature2,0.0
feature2,0.0
feature2,0.0
feature2,0.0
feature2,0.1387
feature2,0.0
feature2,0.0
feature2,0.0
feature2,0.0
feature2,0.0
feature2,0.0
feature2,0.0
feature2,0.182
feature2,0.077
feature2,0.0
feature2,0.0
feature2,0.0
feature2,0.0
feature2,0.0
feature2,0.0107
feature2,0.0
feature2,0.0
feature2,0.3651
feature2,0.0
feature2,0.0
feature2,0.0
feature2,0.0
feature2,0.0
feature2,0.0
feature2,0.0
feature2,0.0
feature2,0.0
feature2,0.0
feature2,0.0
feature2,0.0
feature2,0.0
feature2,0.0
feature2,0.0
feature2,0.0
feature2,0.0
feature2,0.0
feature2,0.0327
feature2,0.0
feature2,0.0
feature2,0.0
feature2,0.0003
feature2,0.0
feature2,0.0
feature2,0.0
feature2,0.0
feature2,0.0
feature2,0.0
feature2,0.0
feature2,0.0
feature2,0.0
feature3,0.5465
feature3,0.4204
feature3,0.5720000000000001
feature3,0.3952
feature3,0.5592
feature3,0.6427
feature3,1.0
feature3,1.0
feature3,0.0716
feature3,1.0
feature3,0.7782
feature3,0.1377
feature3,0.4308
feature3,1.0
feature3,0.9889
feature3,0.8340000000000001
feature3,0.9012
feature3,1.0
feature3,0.0
feature3,1.0
feature3,0.6207
feature3,0.4245
feature3,0.0
feature3,0.9492
feature3,0.8662
feature3,0.6832
feature3,0.9828
feature3,1.0
feature3,0.0
feature3,0.0205
feature3,0.4897
feature3,0.3565
feature3,1.0
feature3,0.1128
feature3,0.2166
feature3,0.2874
feature3,0.5189
feature3,0.1551
feature3,0.5379
feature3,0.3939
feature3,0.132
feature3,0.1484
feature3,0.0466
feature3,0.9059999999999999
feature3,0.3572
feature3,0.9836
feature3,1.0
feature3,1.0
feature3,0.3547
feature3,0.7582
feature3,0.7607
feature3,0.8217
feature3,0.442
feature3,0.9883
feature3,0.9464
feature3,0.3154
feature3,0.5738
feature3,0.8166
feature3,0.8554
feature3,0.6226
feature3,0.9263
feature3,0.8148
feature3,0.5608
feature3,0.7757
feature3,0.7802
feature3,0.7489
feature3,0.8577
feature3,0.3723
feature3,0.8172
feature3,0.2797
feature3,0.2349
feature3,0.7213
feature3,1.0
feature3,0.1538
feature3,0.0
feature3,0.0532
feature3,0.2748
feature3,0.0266
feature3,0.5566
feature3,0.1468
feature3,0.7489
feature4,1.0
feature4,1.0
feature4,1.0
feature4,0.8448
feature4,1.0
feature4,1.0
feature4,1.0
feature4,1.0
feature4,1.0
feature4,1.0
feature4,1.0
feature4,1.0
feature4,1.0
feature4,0.4211
feature4,1.0
feature4,1.0
feature4,1.0
feature4,0.248
feature4,1.0
feature4,1.0
feature4,1.0
feature4,1.0
feature4,1.0
feature4,1.0
feature4,1.0
feature4,1.0
feature4,1.0
feature4,1.0
feature4,1.0
feature4,1.0
feature4,1.0
feature4,1.0
feature4,1.0
feature4,1.0
feature4,1.0
feature4,1.0
feature4,1.0
feature4,1.0
feature4,1.0
feature4,1.0
feature4,1.0
feature4,1.0
feature4,1.0
feature4,0.2993
feature4,1.0
feature4,0.0667
feature4,1.0
feature4,1.0
feature4,1.0
feature4,1.0
feature4,1.0
feature4,0.3309
feature4,1.0
feature4,1.0
feature4,1.0
feature4,1.0
feature4,1.0
feature4,1.0
feature4,1.0
feature4,1.0
feature4,1.0
feature4,1.0
feature4,1.0
feature4,1.0
feature4,1.0
feature4,1.0
feature4,0.2387
feature4,1.0
feature4,0.244
feature4,0.5458
feature4,1.0
feature4,0.0
feature4,1.0
feature4,1.0
feature4,1.0
feature4,0.4588
feature4,1.0
feature4,1.0
feature4,1.0
feature4,0.2452
feature4,1.0
feature5,0.0
feature5,0.5833
feature5,0.1667
feature5,0.4444
feature5,0.0
feature5,0.1667
feature5,0.0934
feature5,0.4944
feature5,0.8202
feature5,0.6429
feature5,0.6673
feature5,0.33299999999999996
feature5,0.3319
feature5,0.7963
feature5,0.0
feature5,0.0
feature5,0.0
feature5,0.4652
feature5,0.5407
feature5,0.0
feature5,0.7182
feature5,0.0
feature5,0.0
feature5,0.8006
feature5,0.7229
feature5,0.5218
feature5,0.0
feature5,0.0
feature5,0.7718
feature5,0.6545
feature5,0.7029
feature5,0.7368
feature5,0.6055
feature5,0.6667
feature5,0.5686
feature5,0.546
feature5,0.5716
feature5,0.3965
feature5,0.5676
feature5,0.4621
feature5,0.7945
feature5,0.5438
feature5,0.614
feature5,0.7402
feature5,0.8207
feature5,0.545
feature5,0.41200000000000003
feature5,0.0
feature5,0.1477
feature5,0.6314
feature5,0.4647
feature5,0.8043
feature5,0.7051
feature5,0.6189
feature5,0.639
feature5,0.7219
feature5,0.4701
feature5,0.2481
feature5,0.6124
feature5,0.0
feature5,0.5963
feature5,0.3511
feature5,0.7568
feature5,0.2212
feature5,0.3699
feature5,0.2181
feature5,0.7723
feature5,0.7981
feature5,0.6289
feature5,0.1502
feature5,0.3824
feature5,0.7868
feature5,0.0
feature5,0.3332
feature5,0.6
feature5,0.8336
feature5,0.7409
feature5,0.5969
feature5,0.0
feature5,0.7229
feature5,0.1779
feature6,1.0
feature6,0.9545
feature6,0.8183
feature6,0.9729
feature6,1.0
feature6,1.0
feature6,1.0
feature6,1.0
feature6,0.9385
feature6,1.0
feature6,1.0
feature6,1.0
feature6,1.0
feature6,0.8458
feature6,1.0
feature6,1.0
feature6,1.0
feature6,0.9287
feature6,1.0
feature6,1.0
feature6,1.0
feature6,1.0
feature6,1.0
feature6,1.0
feature6,1.0
feature6,1.0
feature6,1.0
feature6,1.0
feature6,0.9093
feature6,1.0
feature6,0.5978
feature6,0.9012
feature6,1.0
feature6,0.8340000000000001
feature6,1.0
feature6,1.0
feature6,0.924
feature6,1.0
feature6,0.7931
feature6,0.8343
feature6,1.0
feature6,1.0
feature6,1.0
feature6,0.853
feature6,1.0
feature6,0.9311
feature6,1.0
feature6,1.0
feature6,1.0
feature6,0.6987
feature6,0.4749
feature6,0.7447
feature6,0.8417
feature6,0.7176
feature6,0.6293
feature6,0.9787
feature6,0.6402
feature6,0.7125
feature6,0.6575
feature6,0.8386
feature6,0.6859999999999999
feature6,0.7739
feature6,0.6324
feature6,0.7105
feature6,0.8324
feature6,0.708
feature6,0.9581
feature6,1.0
feature6,0.9845
feature6,0.6252
feature6,1.0
feature6,0.6017
feature6,1.0
feature6,1.0
feature6,0.9499
feature6,0.9895
feature6,0.9762
feature6,0.9767
feature6,1.0
feature6,0.9984
feature6,1.0
