feature,value
feature1,0.0
feature1,0.6845
feature1,0.7594
feature1,0.9234
feature1,0.8914
feature1,0.7912
feature1,0.7296
feature1,0.0
feature1,0.5324
feature1,0.0
feature1,0.812
feature1,0.7263
feature1,0.7424
feature1,0.6428
feature1,0.5575
feature1,0.721
feature1,0.5246
feature1,0.7240000000000001
feature1,0.0
feature1,0.2639
feature1,0.3818
feature1,0.8259
feature1,0.4505
feature1,0.6167
feature1,0.6145
feature1,0.6303
feature1,0.7057
feature1,0.8702
feature1,0.7597
feature1,0.45399999999999996
feature1,0.9721
feature1,0.9721
feature1,0.0
feature1,0.0
feature1,0.6222
feature1,0.0
feature1,0.7595
feature1,0.8927
feature1,0.0
feature1,0.755
feature1,0.7036
feature1,0.8622
feature1,0.0
feature1,0.8687
feature1,0.9321
feature1,0.9075
feature1,0.0
feature1,0.7503
feature1,0.0
feature1,0.0
feature1,0.0
feature1,0.0
feature1,0.7594
feature1,0.9009
feature1,0.0
feature1,0.0
feature1,0.0
feature1,0.0
feature1,0.0
feature1,0.6068
feature1,0.8384
feature1,0.8536
feature1,0.5075
feature1,0.6996
feature1,0.0
feature1,0.0
feature1,0.7849
feature1,1.0
feature1,0.0
feature1,0.0
feature1,0.0
feature1,0.0
feature1,0.6637
feature1,0.0
feature1,0.6566
feature1,0.0
feature1,0.0
feature1,0.0
feature1,0.8873
feature1,0.5713
feature1,0.0
feature1,0.8775
feature1,0.8343
feature1,0.6077
feature1,0.0
feature1,0.0
feature1,0.0
feature1,0.6582
feature1,0.8631
feature1,0.3922
feature1,0.0
feature1,0.8794
feature1,0.7776
feature1,0.3987
feature1,0.8967
feature1,0.6435
feature1,0.0
feature1,0.8909999999999999
feature1,0.8867
feature1,0.8446
feature1,0.6916
feature1,0.2867
feature1,0.7488
feature1,0.0
feature1,0.345
feature1,0.7174
feature1,0.2302
feature1,0.8320000000000001
feature1,0.7052
feature1,0.7771
feature1,0.3984
feature1,0.8636
feature1,0.2677
feature1,0.1835
feature1,0.8225
feature1,0.7167
feature1,0.29100000000000004
feature1,0.0
feature1,0.2383
feature1,0.1621
feature1,0.0
feature1,0.2774
feature1,0.2049
feature1,0.8731
feature1,0.7338
feature1,0.3366
feature1,0.8288
feature1,0.3606
feature1,0.0
feature1,0.0
feature1,0.7396
feature1,0.349
feature1,0.6538
feature1,0.8634
feature1,0.0
feature1,0.2333
feature1,0.0
feature1,0.0
feature1,0.8359
feature1,0.7478
feature1,0.4365
feature1,0.364
feature1,0.6154
feature1,0.5417
feature1,0.6466
feature1,0.0
feature1,0.8337
feature1,0.0
feature1,0.6481
feature1,0.5559
feature1,0.4933
feature1,0.7184
feature1,0.7242
feature1,0.7674
feature1,0.6419
feature1,0.7754
feature1,0.6533
feature1,0.7997
feature1,0.9590000000000001
feature1,0.7287
feature1,0.9124
feature1,0.4267
feature1,0.7314
feature1,0.561
feature1,0.9525
feature1,0.0
feature1,0.0
feature1,0.9420000000000001
feature1,0.7588
feature1,0.5769
feature1,0.753
feature1,0.8029999999999999
feature1,0.7886
feature1,0.7381
feature1,0.7889
feature1,0.7309
feature1,0.7317
feature1,0.7192
feature1,0.7297
feature1,0.73
feature1,0.733
feature1,0.7535
feature1,0.7611
feature1,0.7464
feature1,0.5624
feature1,0.6328
feature1,0.6444
feature1,0.0704
feature1,0.6829999999999999
feature1,0.595
feature1,0.7604
feature1,0.7545
feature1,0.7297
feature1,0.8939
feature1,0.7118
feature1,0.7112
feature1,0.9462
feature1,0.6791
feature1,0.0032
feature1,0.3837
feature1,0.7352
feature1,0.7661
feature1,0.6997
feature1,0.7337
feature1,0.5858
feature1,0.6576
feature1,0.7388
feature1,0.7069
feature1,0.7275
feature1,0.7516
feature1,0.488
feature1,0.7564
feature1,0.7038
feature1,0.466
feature1,0.6851
feature1,0.7233
feature1,0.7135
feature1,0.7048
feature1,0.774
feature1,0.7490000000000001
feature1,0.2327
feature1,0.578
feature1,0.7477
feature1,0.7681
feature1,0.7072
feature1,0.6326
feature1,0.5492
feature1,0.7626
feature1,0.7499
feature1,0.7593
feature1,0.8011
feature1,0.4522
feature1,0.6915
feature1,0.6145
feature1,0.8229
feature1,0.7301
feature1,0.698
feature1,0.7879999999999999
feature1,0.4995
feature1,0.7347
feature1,0.6218
feature1,0.758
feature1,0.8062
feature1,0.74
feature1,0.6333
feature1,0.5491
feature1,0.7876
feature1,0.7654
feature1,0.5017
feature1,0.4985
feature1,0.7355
feature1,0.7988
feature1,0.4705
feature1,0.2609
feature1,0.8211
feature1,0.7785
feature1,0.9001
feature1,0.9001
feature1,0.156
feature1,0.0
feature1,0.8344
feature1,0.187
feature1,0.2015
feature1,0.2015
feature1,0.3901
feature1,1.0
feature1,1.0
feature1,0.6204
feature1,1.0
feature1,1.0
feature1,1.0
feature1,0.2779
feature1,0.0
feature1,1.0
feature1,1.0
feature1,0.5437
feature1,0.7168
feature1,1.0
feature1,0.4933
feature1,1.0
feature1,0.469
feature1,0.7641
feature1,1.0
feature1,0.6473
feature1,0.7292
feature1,0.7521
feature1,1.0
feature1,1.0
feature1,0.8203
feature1,0.5187
feature1,0.7209
feature1,0.9298
feature1,1.0
feature1,1.0
feature1,1.0
feature1,1.0
feature1,1.0
feature1,0.4488
feature1,1.0
feature1,1.0
feature1,1.0
feature1,1.0
feature1,1.0
feature1,0.4747
feature1,0.8375
feature1,0.3088
feature1,0.5054
feature1,0.7718
feature1,0.3562
feature1,1.0
feature1,1.0
feature1,1.0
feature1,0.5581
feature1,1.0
feature1,0.8952
feature1,0.6411
feature1,1.0
feature1,0.2646
feature1,1.0
feature1,1.0
feature1,0.7594
feature1,1.0
feature1,0.7895
feature1,1.0
feature1,1.0
feature1,1.0
feature1,0.3005
feature1,1.0
feature1,0.3565
feature1,0.1935
feature1,1.0
feature1,0.6989
feature1,1.0
feature1,0.9891
feature1,0.7116
feature1,0.9334
feature1,1.0
feature1,1.0
feature1,0.5636
feature1,0.3166
feature1,1.0
feature1,0.2813
feature1,1.0
feature1,0.7557
feature1,1.0
feature1,1.0
feature1,1.0
feature1,1.0
feature1,0.4767
feature1,1.0
feature1,1.0
feature1,1.0
feature1,1.0
feature1,1.0
feature1,1.0
feature1,0.4631
feature1,0.8809
feature1,1.0
feature1,1.0
feature1,0.2403
feature1,0.9540000000000001
feature1,0.4872
feature1,1.0
feature1,1.0
feature1,1.0
feature1,1.0
feature1,1.0
feature1,0.6183
feature1,1.0
feature1,0.3838
feature1,1.0
feature1,1.0
feature1,0.6493
feature1,1.0
feature1,0.866
feature1,1.0
feature1,0.312
feature1,0.5956
feature1,0.9008
feature1,1.0
feature1,1.0
feature1,1.0
feature1,1.0
feature1,0.4422
feature1,0.5627
feature1,0.8528
feature1,0.3201
feature1,0.8443
feature1,0.4068
feature1,1.0
feature1,0.5614
feature1,0.7746
feature1,0.3623
feature1,1.0
feature1,1.0
feature1,1.0
feature1,1.0
feature1,0.4106
feature1,0.2693
feature1,1.0
feature1,0.5721
feature1,0.3782
feature1,1.0
feature1,0.9209
feature1,1.0
feature1,1.0
feature1,0.3734
feature1,1.0
feature1,1.0
feature1,0.4008
feature1,0.8067
feature1,1.0
feature1,0.9805
feature1,0.4706
feature1,1.0
feature1,0.8309
feature1,0.9116
feature1,1.0
feature1,1.0
feature1,1.0
feature1,1.0
feature1,1.0
feature1,0.2316
feature1,0.0321
feature1,0.8257
feature1,0.7638
feature1,0.6606
feature1,0.6979
feature1,0.0
feature1,0.0
feature1,0.0
feature1,0.8015
feature1,0.8015
feature1,0.7001
feature1,0.0
feature1,0.7486
feature1,0.0
feature1,0.9214
feature1,0.0
feature1,0.0
feature1,0.4533
feature1,0.4211
feature1,0.6993
feature1,0.5675
feature1,0.8190000000000001
feature1,0.4581
feature1,0.5607
feature1,0.5342
feature1,0.5084
feature1,0.3731
feature1,0.5569
feature1,0.6153
feature1,0.7148
feature1,0.8675
feature1,0.7928
feature1,0.7928
feature1,0.5671
feature1,0.601
feature1,0.3266
feature1,0.4594
feature1,0.1224
feature1,0.7271
feature1,0.6336
feature1,0.7771
feature1,0.9391
feature1,0.3424
feature1,0.4318
feature1,0.882
feature1,0.5289
feature1,0.9153
feature1,0.6427
feature1,0.6913
feature1,0.6395
feature1,0.6305
feature1,0.625
feature1,0.3907
feature1,0.6214
feature1,0.6815
feature1,0.4561
feature1,0.0
feature1,0.6425
feature1,0.8087
feature1,0.6382
feature1,0.7098
feature1,0.5541
feature1,0.7344
feature1,0.6261
feature1,0.9153
feature1,0.6143
feature1,0.6582
feature1,0.8609
feature1,0.3983
feature1,0.7098
feature1,0.7798
feature1,0.5742
feature1,0.905
feature1,0.3879
feature1,0.8718
feature1,0.2433
feature1,0.35200000000000004
feature1,0.8188
feature1,0.7071
feature1,0.6214
feature1,0.344
feature1,0.902
feature1,0.3819
feature1,0.7897
feature1,0.8807
feature1,0.2492
feature1,0.5529
feature1,0.6875
feature1,0.8071
feature1,0.6654
feature1,0.6754
feature1,0.8931
feature1,0.4634
feature1,0.4037
feature1,0.0558
feature1,0.4408
feature1,0.6686
feature1,0.4766
feature1,0.3444
feature1,0.7331
feature1,0.6545
feature1,0.7342
feature1,0.6814
feature1,0.6569
feature1,0.4326
feature1,0.2522
feature1,0.18600000000000003
feature1,0.7107
feature1,0.2407
feature1,0.5675
feature1,0.7864
feature1,0.9109999999999999
feature1,0.652
feature1,0.9123
feature1,0.2084
feature1,0.6085
feature1,0.0
feature1,0.5979
feature1,0.2163
feature1,0.5683
feature1,0.8876
feature1,0.61
feature1,0.6678
feature1,0.7874
feature1,0.7177
feature1,0.2773
feature1,0.2713
feature1,0.5763
feature1,0.8978
feature1,0.39899999999999997
feature1,0.6855
feature1,0.6832
feature1,0.9244
feature1,0.4075
feature1,0.2863
feature1,0.8687
feature1,0.7148
feature1,0.6537
feature1,0.7791
feature1,0.4208
feature1,0.6149
feature1,0.6754
feature1,0.7685
feature1,0.6905
feature1,0.5757
feature1,0.2919
feature1,0.7337
feature1,0.2504
feature1,0.7573
feature1,0.7306
feature1,0.6477
feature1,0.8906
feature1,0.1572
feature1,0.4329
feature1,0.7190000000000001
feature1,0.7536
feature1,0.8359
feature1,0.7024
feature1,0.5582
feature1,0.8746
feature1,0.6805
feature1,0.1559
feature1,0.4182
feature1,0.7547
feature1,0.7071
feature1,0.6264
feature1,0.257
feature1,0.8861
feature1,0.9397
feature1,0.2847
feature1,0.8165
feature1,0.027000000000000003
feature1,0.0
feature1,0.6888
feature1,0.3848
feature1,0.7242
feature1,0.3289
feature1,0.5468
feature1,0.0
feature1,0.4115
feature1,0.8478
feature1,0.5261
feature1,0.5135
feature1,0.7658
feature1,0.7052
feature1,0.8087
feature1,0.9561
feature1,0.7035
feature1,0.5767
feature1,0.8657
feature1,0.6743
feature1,0.8381
feature1,0.5631
feature1,0.667
feature1,0.2632
feature1,0.616
feature1,0.568
feature1,0.1728
feature1,0.7644
feature1,0.6614
feature1,0.5087
feature1,0.8105
feature1,0.8536
feature1,0.6917
feature1,0.8236
feature1,0.6557
feature1,0.7974
feature1,0.9215
feature1,0.2282
feature1,0.5925
feature1,0.9115
feature1,0.2841
feature1,0.8154
feature1,0.8054
feature1,0.6728
feature1,0.2076
feature1,0.3341
feature1,0.0866
feature1,0.6244
feature1,0.8518
feature1,0.5282
feature1,0.2217
feature1,0.3306
feature1,0.8632
feature1,0.7162
feature1,0.813
feature1,0.7008
feature1,0.6782
feature1,0.6752
feature1,0.7172
feature1,0.7236
feature1,0.561
feature1,0.555
feature1,0.3755
feature1,0.7044
feature2,0.9969
feature2,0.0
feature2,0.0
feature2,0.0
feature2,0.2686
feature2,0.0
feature2,0.0
feature2,0.7918
feature2,0.0
feature2,0.8569
feature2,0.0
feature2,0.0
feature2,0.0
feature2,0.0
feature2,0.0
feature2,0.0
feature2,0.0
feature2,0.0
feature2,0.2545
feature2,0.0
feature2,0.0
feature2,0.0
feature2,0.1513
feature2,0.0
feature2,0.0
feature2,0.0
feature2,0.0
feature2,0.0
feature2,0.0
feature2,0.0
feature2,0.3479
feature2,0.3479
feature2,0.8806
feature2,0.1677
feature2,0.1871
feature2,0.0784
feature2,0.0
feature2,0.0
feature2,0.1249
feature2,0.0
feature2,0.3306
feature2,0.0
feature2,0.3518
feature2,0.1243
feature2,0.0
feature2,0.0
feature2,0.0
feature2,0.0659
feature2,0.0765
feature2,0.4561
feature2,0.1391
feature2,0.4184
feature2,0.0778
feature2,0.0
feature2,0.4438
feature2,0.0682
feature2,0.222
feature2,0.0905
feature2,0.1261
feature2,0.0
feature2,0.0
feature2,0.0195
feature2,0.0
feature2,0.0
feature2,0.5064
feature2,0.053
feature2,0.0
feature2,0.0
feature2,0.0882
feature2,0.0922
feature2,0.1634
feature2,0.1403
feature2,0.0
feature2,0.1375
feature2,0.0
feature2,0.4195
feature2,0.2279
feature2,0.2936
feature2,0.0
feature2,0.0
feature2,0.3763
feature2,0.3106
feature2,0.4106
feature2,0.145
feature2,0.0
feature2,0.2878
feature2,0.9042
feature2,0.1477
feature2,0.0
feature2,0.2467
feature2,0.48100000000000004
feature2,0.0
feature2,0.0
feature2,0.2013
feature2,0.0
feature2,0.0035
feature2,0.0
feature2,0.0
feature2,0.0
feature2,0.042
feature2,0.0602
feature2,0.078
feature2,0.0
feature2,0.5274
feature2,0.1742
feature2,0.0
feature2,0.0
feature2,0.0
feature2,0.0
feature2,0.0
feature2,0.0614
feature2,0.0
feature2,0.14
feature2,0.1004
feature2,0.0
feature2,0.0
feature2,0.0
feature2,0.2668
feature2,0.0756
feature2,0.2538
feature2,0.6691
feature2,0.2656
feature2,0.2121
feature2,0.0
feature2,0.0
feature2,0.0
feature2,0.0
feature2,0.1143
feature2,0.2329
feature2,0.3139
feature2,0.0
feature2,0.0
feature2,0.0
feature2,0.3233
feature2,0.1857
feature2,0.1659
feature2,0.2822
feature2,0.2342
feature2,0.0
feature2,0.0
feature2,0.4904
feature2,0.0
feature2,0.0
feature2,0.2106
feature2,0.0168
feature2,0.4493
feature2,0.0
feature2,0.5501
feature2,0.0
feature2,0.0
feature2,0.0
feature2,0.0
feature2,0.0
feature2,0.0
feature2,0.0
feature2,0.0
feature2,0.0
feature2,0.0
feature2,0.0
feature2,0.0
feature2,0.0
feature2,0.0
feature2,0.0
feature2,0.0
feature2,0.0
feature2,0.4069
feature2,0.4069
feature2,0.0
feature2,0.0
feature2,0.0
feature2,0.0
feature2,0.0
feature2,0.0
feature2,0.0
feature2,0.0
feature2,0.0
feature2,0.0
feature2,0.0
feature2,0.0
feature2,0.0
feature2,0.0
feature2,0.0
feature2,0.0
feature2,0.0
feature2,0.0
feature2,0.0
feature2,0.0
feature2,0.0592
feature2,0.0
feature2,0.0
feature2,0.0
feature2,0.0
feature2,0.0
feature2,0.1524
feature2,0.0
feature2,0.0
feature2,0.6155
feature2,0.0
feature2,0.0
feature2,0.0
feature2,0.0
feature2,0.0
feature2,0.0
feature2,0.0
feature2,0.0
feature2,0.0
feature2,0.0
feature2,0.0
feature2,0.0
feature2,0.0
feature2,0.0
feature2,0.0
feature2,0.0
feature2,0.0
feature2,0.0
feature2,0.0
feature2,0.0
feature2,0.0
feature2,0.0
feature2,0.0
feature2,0.0
feature2,0.0
feature2,0.0
feature2,0.0
feature2,0.0
feature2,0.0
feature2,0.0
feature2,0.0
feature2,0.0
feature2,0.0
feature2,0.0
feature2,0.0
feature2,0.0
feature2,0.0
feature2,0.0
feature2,0.0
feature2,0.0
feature2,0.0
feature2,0.2225
feature2,0.0
feature2,0.0
feature2,0.0
feature2,0.1428
feature2,0.0
feature2,0.0
feature2,0.2544
feature2,0.0
feature2,0.0
feature2,0.0
feature2,0.0
feature2,0.0
feature2,0.0
feature2,0.2636
feature2,0.0
feature2,0.0029
feature2,0.0
feature2,0.1487
feature2,0.1487
feature2,0.0
feature2,0.5122
feature2,0.0
feature2,0.0695
feature2,0.4124
feature2,0.4124
feature2,0.2304
feature2,0.0
feature2,0.0
feature2,0.0094
feature2,0.0
feature2,0.0275
feature2,0.0
feature2,0.0332
feature2,0.24600000000000002
feature2,0.0
feature2,0.0094
feature2,0.0
feature2,0.0
feature2,0.0
feature2,0.0056
feature2,0.0
feature2,0.027000000000000003
feature2,0.2274
feature2,0.0
feature2,0.0
feature2,0.2861
feature2,0.0
feature2,0.0
feature2,0.0
feature2,0.0
feature2,0.0
feature2,0.4924
feature2,0.0
feature2,0.0
feature2,0.0
feature2,0.0
feature2,0.0
feature2,0.0
feature2,0.0
feature2,0.0
feature2,0.0
feature2,0.0
feature2,0.0
feature2,0.0031
feature2,0.0
feature2,0.0
feature2,0.0
feature2,0.0
feature2,0.0
feature2,0.1828
feature2,0.0
feature2,0.0
feature2,0.0
feature2,0.0
feature2,0.0
feature2,0.0217
feature2,0.0
feature2,0.0
feature2,0.0471
feature2,0.0101
feature2,0.0
feature2,0.0
feature2,0.0
feature2,0.1805
feature2,0.0
feature2,0.0
feature2,0.0
feature2,0.0
feature2,0.0
feature2,0.0
feature2,0.2753
feature2,0.0
feature2,0.3349
feature2,0.0
feature2,0.0
feature2,0.1018
feature2,0.0
feature2,0.0
feature2,0.0
feature2,0.0
feature2,0.0121
feature2,0.0
feature2,0.0
feature2,0.0
feature2,0.0
feature2,0.0
feature2,0.0
feature2,0.0
feature2,0.0
feature2,0.0281
feature2,0.0
feature2,0.0
feature2,0.0
feature2,0.0
feature2,0.0
feature2,0.0
feature2,0.0
feature2,0.0
feature2,0.0115
feature2,0.0
feature2,0.026000000000000002
feature2,0.0
feature2,0.0
feature2,0.0
feature2,0.0
feature2,0.0
feature2,0.0
feature2,0.0
feature2,0.0
feature2,0.0
feature2,0.1732
feature2,0.0
feature2,0.0
feature2,0.0
feature2,0.0
feature2,0.0
feature2,0.0
feature2,0.1454
feature2,0.0
feature2,0.0
feature2,0.0
feature2,0.0
feature2,0.0
feature2,0.0189
feature2,0.0
feature2,0.0
feature2,0.0
feature2,0.0
feature2,0.0
feature2,0.0
feature2,0.0644
feature2,0.025
feature2,0.2253
feature2,0.1509
feature2,0.0
feature2,0.0
feature2,0.0388
feature2,0.0
feature2,0.006999999999999999
feature2,0.1829
feature2,0.0
feature2,0.1734
feature2,0.0629
feature2,0.0
feature2,0.0
feature2,0.0
feature2,0.0
feature2,0.0183
feature2,0.0
feature2,0.0
feature2,0.139
feature2,0.0
feature2,0.0
feature2,0.0
feature2,0.4076
feature2,0.0
feature2,0.0
feature2,0.0
feature2,0.0
feature2,0.0
feature2,0.0487
feature2,0.0
feature2,0.0
feature2,0.0714
feature2,0.0817
feature2,0.0
feature2,0.1578
feature2,0.0
feature2,0.2529
feature2,0.4367
feature2,0.0
feature2,0.1973
feature2,0.4043
feature2,0.4043
feature2,0.3209
feature2,0.3468
feature2,0.1254
feature2,0.3385
feature2,0.0
feature2,0.9095
feature2,0.1509
feature2,0.0
feature2,0.0
feature2,0.0
feature2,0.0234
feature2,0.0493
feature2,0.1004
feature2,0.022000000000000002
feature2,0.001
feature2,0.0
feature2,0.2634
feature2,0.0295
feature2,0.0173
feature2,0.0238
feature2,0.0749
feature2,0.6666
feature2,0.6666
feature2,0.0248
feature2,0.0
feature2,0.2387
feature2,0.0
feature2,0.0
feature2,0.0
feature2,0.0
feature2,0.0
feature2,0.0
feature2,0.0
feature2,0.0
feature2,0.0
feature2,0.0
feature2,0.0
feature2,0.0
feature2,0.0
feature2,0.0
feature2,0.0
feature2,0.0
feature2,0.022000000000000002
feature2,0.0
feature2,0.0
feature2,0.0
feature2,0.0
feature2,0.0
feature2,0.0
feature2,0.0
feature2,0.0
feature2,0.0
feature2,0.0
feature2,0.0
feature2,0.0
feature2,0.0
feature2,0.0
feature2,0.0
feature2,0.0
feature2,0.0
feature2,0.0
feature2,0.0
feature2,0.0
feature2,0.0
feature2,0.0
feature2,0.0
feature2,0.0
feature2,0.0
feature2,0.0
feature2,0.0
feature2,0.0
feature2,0.0
feature2,0.0
feature2,0.0
feature2,0.0
feature2,0.0
feature2,0.0
feature2,0.0
feature2,0.0
feature2,0.0
feature2,0.0
feature2,0.0
feature2,0.0
feature2,0.0
feature2,0.0
feature2,0.0
feature2,0.0
feature2,0.0
feature2,0.0
feature2,0.0
feature2,0.0
feature2,0.0
feature2,0.0
feature2,0.0
feature2,0.0
feature2,0.0
feature2,0.0
feature2,0.0
feature2,0.0
feature2,0.0
feature2,0.0
feature2,0.0
feature2,0.0
feature2,0.0
feature2,0.0
feature2,0.0
feature2,0.0211
feature2,0.0
feature2,0.0
feature2,0.0
feature2,0.0
feature2,0.0
feature2,0.0
feature2,0.0
feature2,0.0
feature2,0.0
feature2,0.0
feature2,0.0
feature2,0.0
feature2,0.0
feature2,0.0
feature2,0.0
feature2,0.0
feature2,0.0
feature2,0.0
feature2,0.0
feature2,0.0
feature2,0.0
feature2,0.0
feature2,0.0
feature2,0.0
feature2,0.0
feature2,0.0
feature2,0.0
feature2,0.0
feature2,0.0
feature2,0.0
feature2,0.0
feature2,0.0
feature2,0.0
feature2,0.0
feature2,0.0
feature2,0.0
feature2,0.0
feature2,0.0
feature2,0.0
feature2,0.0
feature2,0.0
feature2,0.0
feature2,0.0
feature2,0.0
feature2,0.0
feature2,0.0
feature2,0.0
feature2,0.051
feature2,0.0
feature2,0.0
feature2,0.0
feature2,0.0
feature2,0.0
feature2,0.0
feature2,0.0
feature2,0.0
feature2,0.0
feature2,0.0
feature2,0.0
feature2,0.0
feature2,0.0
feature2,0.0
feature2,0.0
feature2,0.0
feature2,0.0
feature2,0.0
feature2,0.0
feature2,0.0
feature2,0.0
feature2,0.0
feature2,0.0
feature2,0.0
feature2,0.0
feature2,0.0
feature2,0.0
feature2,0.0
feature2,0.0
feature2,0.0
feature2,0.0
feature2,0.0
feature2,0.0
feature2,0.0
feature2,0.0
feature2,0.0
feature2,0.0
feature2,0.0063
feature2,0.0
feature2,0.0
feature2,0.0
feature2,0.0
feature2,0.0
feature2,0.0
feature2,0.0
feature2,0.0
feature2,0.0
feature2,0.0
feature2,0.0
feature2,0.0
feature2,0.0
feature2,0.0
feature2,0.0
feature2,0.0
feature2,0.0
feature2,0.0
feature2,0.0
feature2,0.0
feature2,0.0
feature2,0.0
feature2,0.0
feature2,0.0
feature2,0.0
feature2,0.0
feature2,0.0
feature2,0.0
feature2,0.0
feature2,0.0
feature2,0.0
feature2,0.0
feature3,0.9995
feature3,0.0
feature3,0.1353
feature3,0.9029
feature3,0.9754
feature3,0.1567
feature3,0.0417
feature3,0.8716
feature3,0.2474
feature3,0.9996
feature3,0.0
feature3,0.9396
feature3,0.0676
feature3,1.0
feature3,1.0
feature3,1.0
feature3,1.0
feature3,1.0
feature3,1.0
feature3,0.2302
feature3,1.0
feature3,0.5828
feature3,0.7248
feature3,1.0
feature3,1.0
feature3,1.0
feature3,1.0
feature3,1.0
feature3,1.0
feature3,1.0
feature3,1.0
feature3,1.0
feature3,0.9997
feature3,0.9355
feature3,0.6584
feature3,0.4552
feature3,0.3088
feature3,1.0
feature3,0.3975
feature3,1.0
feature3,1.0
feature3,0.0575
feature3,0.6312
feature3,0.7399
feature3,0.0336
feature3,1.0
feature3,0.9651
feature3,1.0
feature3,0.3177
feature3,0.8572
feature3,0.4372
feature3,0.7227
feature3,1.0
feature3,1.0
feature3,0.8181
feature3,0.36700000000000005
feature3,0.5296
feature3,0.2952
feature3,0.8515
feature3,0.256
feature3,1.0
feature3,1.0
feature3,0.12300000000000001
feature3,0.0161
feature3,0.8979
feature3,0.3109
feature3,0.0
feature3,0.1204
feature3,0.3218
feature3,0.7126
feature3,0.4724
feature3,0.3209
feature3,0.2438
feature3,0.3789
feature3,1.0
feature3,0.7637
feature3,0.6473
feature3,0.599
feature3,1.0
feature3,0.0798
feature3,1.0
feature3,1.0
feature3,0.9898
feature3,0.3794
feature3,0.6684
feature3,0.738
feature3,0.0
feature3,1.0
feature3,1.0
feature3,1.0
feature3,1.0
feature3,0.5494
feature3,0.8441
feature3,0.9109999999999999
feature3,0.6546
feature3,0.2045
feature3,0.6565
feature3,0.8555
feature3,0.7067
feature3,0.35100000000000003
feature3,0.4526
feature3,0.4979
feature3,0.0778
feature3,1.0
feature3,0.5557
feature3,0.1381
feature3,0.379
feature3,0.2576
feature3,0.1746
feature3,0.0735
feature3,0.4241
feature3,0.0533
feature3,0.3959
feature3,0.4783
feature3,0.1873
feature3,0.3157
feature3,0.2064
feature3,0.3892
feature3,0.4668
feature3,0.6396
feature3,1.0
feature3,0.6943
feature3,0.6054
feature3,0.0652
feature3,0.3701
feature3,0.3827
feature3,0.8789
feature3,0.4226
feature3,0.4116
feature3,0.6015
feature3,0.2355
feature3,0.2764
feature3,0.0871
feature3,1.0
feature3,0.6783
feature3,0.491
feature3,0.9108
feature3,0.5151
feature3,1.0
feature3,0.8290000000000001
feature3,0.9012
feature3,1.0
feature3,0.0551
feature3,1.0
feature3,1.0
feature3,0.9939
feature3,0.1974
feature3,1.0
feature3,0.3603
feature3,0.0923
feature3,0.0653
feature3,0.2432
feature3,1.0
feature3,0.0588
feature3,0.0878
feature3,0.105
feature3,0.1053
feature3,0.1268
feature3,0.2169
feature3,0.0727
feature3,0.3809
feature3,0.3483
feature3,0.0
feature3,0.065
feature3,0.0
feature3,1.0
feature3,1.0
feature3,0.0
feature3,1.0
feature3,1.0
feature3,1.0
feature3,1.0
feature3,1.0
feature3,1.0
feature3,1.0
feature3,0.3768
feature3,1.0
feature3,1.0
feature3,1.0
feature3,1.0
feature3,1.0
feature3,1.0
feature3,1.0
feature3,1.0
feature3,1.0
feature3,1.0
feature3,1.0
feature3,1.0
feature3,1.0
feature3,1.0
feature3,1.0
feature3,0.755
feature3,1.0
feature3,1.0
feature3,1.0
feature3,1.0
feature3,1.0
feature3,1.0
feature3,1.0
feature3,0.9239
feature3,0.8575
feature3,1.0
feature3,1.0
feature3,1.0
feature3,1.0
feature3,1.0
feature3,0.6515
feature3,1.0
feature3,1.0
feature3,1.0
feature3,1.0
feature3,1.0
feature3,1.0
feature3,0.7971
feature3,1.0
feature3,1.0
feature3,1.0
feature3,1.0
feature3,1.0
feature3,1.0
feature3,1.0
feature3,1.0
feature3,1.0
feature3,1.0
feature3,1.0
feature3,1.0
feature3,1.0
feature3,1.0
feature3,1.0
feature3,1.0
feature3,0.0
feature3,0.3264
feature3,1.0
feature3,1.0
feature3,0.1617
feature3,0.8402
feature3,1.0
feature3,1.0
feature3,0.532
feature3,0.561
feature3,0.3718
feature3,1.0
feature3,0.5133
feature3,1.0
feature3,1.0
feature3,0.7
feature3,0.3732
feature3,0.1685
feature3,0.3581
feature3,0.2707
feature3,0.1527
feature3,0.4094
feature3,0.9608
feature3,0.2425
feature3,0.3866
feature3,0.23
feature3,0.4815
feature3,0.4815
feature3,0.3425
feature3,1.0
feature3,0.7240000000000001
feature3,0.7956
feature3,1.0
feature3,1.0
feature3,1.0
feature3,1.0
feature3,1.0
feature3,1.0
feature3,1.0
feature3,1.0
feature3,1.0
feature3,0.9885
feature3,0.5563
feature3,1.0
feature3,1.0
feature3,0.9983
feature3,0.9999
feature3,1.0
feature3,1.0
feature3,1.0
feature3,1.0
feature3,0.9403
feature3,1.0
feature3,0.9907
feature3,1.0
feature3,0.853
feature3,1.0
feature3,1.0
feature3,1.0
feature3,1.0
feature3,1.0
feature3,0.9995
feature3,0.4352
feature3,0.9969
feature3,1.0
feature3,1.0
feature3,1.0
feature3,0.9504
feature3,1.0
feature3,0.9972
feature3,1.0
feature3,0.9990000000000001
feature3,1.0
feature3,1.0
feature3,0.9909
feature3,0.9532
feature3,1.0
feature3,0.9967
feature3,1.0
feature3,0.8688
feature3,1.0
feature3,1.0
feature3,0.9947
feature3,1.0
feature3,1.0
feature3,1.0
feature3,1.0
feature3,1.0
feature3,1.0
feature3,0.9781
feature3,1.0
feature3,0.9457
feature3,1.0
feature3,1.0
feature3,1.0
feature3,1.0
feature3,1.0
feature3,1.0
feature3,1.0
feature3,1.0
feature3,0.7156
feature3,1.0
feature3,1.0
feature3,0.8401
feature3,0.9963
feature3,0.9999
feature3,1.0
feature3,1.0
feature3,0.9993
feature3,1.0
feature3,1.0
feature3,1.0
feature3,0.8459
feature3,0.9974
feature3,0.7922
feature3,1.0
feature3,0.951
feature3,1.0
feature3,1.0
feature3,1.0
feature3,1.0
feature3,1.0
feature3,0.9997
feature3,1.0
feature3,1.0
feature3,1.0
feature3,0.8281
feature3,1.0
feature3,0.9884
feature3,0.7689
feature3,1.0
feature3,1.0
feature3,1.0
feature3,1.0
feature3,0.9986
feature3,0.9129999999999999
feature3,1.0
feature3,0.9936
feature3,1.0
feature3,1.0
feature3,1.0
feature3,1.0
feature3,1.0
feature3,1.0
feature3,1.0
feature3,1.0
feature3,1.0
feature3,0.7927
feature3,0.9713
feature3,0.9963
feature3,0.9647
feature3,1.0
feature3,1.0
feature3,0.9998
feature3,1.0
feature3,0.9925
feature3,0.9999
feature3,1.0
feature3,1.0
feature3,1.0
feature3,1.0
feature3,1.0
feature3,1.0
feature3,0.9914
feature3,1.0
feature3,1.0
feature3,0.9937
feature3,1.0
feature3,0.9996
feature3,1.0
feature3,0.9363
feature3,1.0
feature3,1.0
feature3,0.8829
feature3,1.0
feature3,1.0
feature3,1.0
feature3,1.0
feature3,1.0
feature3,1.0
feature3,0.7048
feature3,0.9790000000000001
feature3,1.0
feature3,1.0
feature3,1.0
feature3,0.9872
feature3,0.9677
feature3,0.9784
feature3,0.9927
feature3,1.0
feature3,1.0
feature3,1.0
feature3,0.4003
feature3,0.483
feature3,0.5214
feature3,0.934
feature3,1.0
feature3,1.0
feature3,0.8916
feature3,1.0
feature3,1.0
feature3,0.662
feature3,0.662
feature3,1.0
feature3,0.9228
feature3,0.7705
feature3,0.7779
feature3,1.0
feature3,0.922
feature3,1.0
feature3,0.1535
feature3,0.0806
feature3,0.1607
feature3,0.3178
feature3,0.4293
feature3,0.4078
feature3,0.3025
feature3,0.2927
feature3,0.3325
feature3,0.6155
feature3,0.3415
feature3,0.179
feature3,0.3565
feature3,0.3077
feature3,1.0
feature3,1.0
feature3,0.2181
feature3,0.1208
feature3,0.0
feature3,1.0
feature3,1.0
feature3,1.0
feature3,0.8893
feature3,1.0
feature3,1.0
feature3,1.0
feature3,1.0
feature3,1.0
feature3,1.0
feature3,1.0
feature3,1.0
feature3,0.7687
feature3,1.0
feature3,1.0
feature3,1.0
feature3,1.0
feature3,1.0
feature3,1.0
feature3,1.0
feature3,0.9812
feature3,1.0
feature3,1.0
feature3,1.0
feature3,1.0
feature3,1.0
feature3,1.0
feature3,0.7812
feature3,1.0
feature3,1.0
feature3,1.0
feature3,1.0
feature3,1.0
feature3,1.0
feature3,1.0
feature3,1.0
feature3,1.0
feature3,1.0
feature3,1.0
feature3,1.0
feature3,1.0
feature3,1.0
feature3,1.0
feature3,1.0
feature3,1.0
feature3,1.0
feature3,1.0
feature3,1.0
feature3,1.0
feature3,1.0
feature3,1.0
feature3,1.0
feature3,1.0
feature3,1.0
feature3,1.0
feature3,1.0
feature3,1.0
feature3,1.0
feature3,1.0
feature3,1.0
feature3,1.0
feature3,1.0
feature3,1.0
feature3,1.0
feature3,1.0
feature3,1.0
feature3,0.4804
feature3,0.8649
feature3,0.9729
feature3,0.9082
feature3,1.0
feature3,1.0
feature3,1.0
feature3,1.0
feature3,1.0
feature3,1.0
feature3,1.0
feature3,1.0
feature3,1.0
feature3,1.0
feature3,1.0
feature3,1.0
feature3,1.0
feature3,1.0
feature3,1.0
feature3,1.0
feature3,1.0
feature3,1.0
feature3,1.0
feature3,1.0
feature3,1.0
feature3,1.0
feature3,1.0
feature3,1.0
feature3,1.0
feature3,1.0
feature3,1.0
feature3,1.0
feature3,1.0
feature3,1.0
feature3,1.0
feature3,1.0
feature3,1.0
feature3,1.0
feature3,1.0
feature3,1.0
feature3,1.0
feature3,1.0
feature3,1.0
feature3,1.0
feature3,1.0
feature3,1.0
feature3,1.0
feature3,1.0
feature3,1.0
feature3,1.0
feature3,1.0
feature3,1.0
feature3,1.0
feature3,1.0
feature3,1.0
feature3,1.0
feature3,1.0
feature3,1.0
feature3,0.4549
feature3,1.0
feature3,1.0
feature3,1.0
feature3,1.0
feature3,1.0
feature3,1.0
feature3,1.0
feature3,1.0
feature3,1.0
feature3,1.0
feature3,1.0
feature3,1.0
feature3,0.9676
feature3,1.0
feature3,1.0
feature3,1.0
feature3,1.0
feature3,1.0
feature3,1.0
feature3,1.0
feature3,1.0
feature3,1.0
feature3,1.0
feature3,1.0
feature3,1.0
feature3,1.0
feature3,1.0
feature3,1.0
feature3,1.0
feature3,1.0
feature3,1.0
feature3,1.0
feature3,1.0
feature3,1.0
feature3,1.0
feature3,1.0
feature3,1.0
feature3,1.0
feature3,1.0
feature3,1.0
feature3,1.0
feature3,1.0
feature3,1.0
feature3,1.0
feature3,1.0
feature3,1.0
feature3,1.0
feature3,1.0
feature3,1.0
feature3,0.9787
feature3,1.0
feature3,1.0
feature3,1.0
feature3,1.0
feature3,1.0
feature3,1.0
feature3,1.0
feature3,1.0
feature3,1.0
feature3,0.4268
feature3,1.0
feature3,1.0
feature3,1.0
feature3,1.0
feature3,1.0
feature3,1.0
feature3,1.0
feature3,1.0
feature3,1.0
feature3,1.0
feature3,1.0
feature3,1.0
feature3,1.0
feature3,0.2328
feature4,1.0
feature4,1.0
feature4,1.0
feature4,1.0
feature4,1.0
feature4,1.0
feature4,1.0
feature4,1.0
feature4,1.0
feature4,1.0
feature4,1.0
feature4,1.0
feature4,1.0
feature4,1.0
feature4,1.0
feature4,1.0
feature4,1.0
feature4,1.0
feature4,1.0
feature4,1.0
feature4,1.0
feature4,1.0
feature4,1.0
feature4,1.0
feature4,1.0
feature4,1.0
feature4,1.0
feature4,1.0
feature4,1.0
feature4,1.0
feature4,0.2493
feature4,0.2493
feature4,1.0
feature4,0.1071
feature4,1.0
feature4,1.0
feature4,1.0
feature4,1.0
feature4,1.0
feature4,1.0
feature4,1.0
feature4,1.0
feature4,1.0
feature4,1.0
feature4,1.0
feature4,1.0
feature4,0.1906
feature4,1.0
feature4,1.0
feature4,1.0
feature4,1.0
feature4,1.0
feature4,1.0
feature4,1.0
feature4,1.0
feature4,1.0
feature4,1.0
feature4,1.0
feature4,1.0
feature4,1.0
feature4,0.3449
feature4,1.0
feature4,1.0
feature4,1.0
feature4,1.0
feature4,1.0
feature4,1.0
feature4,1.0
feature4,1.0
feature4,1.0
feature4,1.0
feature4,1.0
feature4,1.0
feature4,1.0
feature4,1.0
feature4,1.0
feature4,1.0
feature4,1.0
feature4,1.0
feature4,1.0
feature4,1.0
feature4,1.0
feature4,0.0
feature4,1.0
feature4,1.0
feature4,1.0
feature4,1.0
feature4,0.2875
feature4,0.2505
feature4,1.0
feature4,1.0
feature4,0.1768
feature4,1.0
feature4,1.0
feature4,0.1677
feature4,1.0
feature4,1.0
feature4,0.022000000000000002
feature4,0.7059
feature4,0.8976
feature4,1.0
feature4,1.0
feature4,0.9536
feature4,1.0
feature4,1.0
feature4,0.9745
feature4,1.0
feature4,1.0
feature4,1.0
feature4,1.0
feature4,1.0
feature4,1.0
feature4,1.0
feature4,1.0
feature4,1.0
feature4,0.6225
feature4,1.0
feature4,1.0
feature4,1.0
feature4,1.0
feature4,1.0
feature4,1.0
feature4,1.0
feature4,0.5631
feature4,1.0
feature4,1.0
feature4,1.0
feature4,1.0
feature4,1.0
feature4,1.0
feature4,1.0
feature4,1.0
feature4,1.0
feature4,1.0
feature4,1.0
feature4,1.0
feature4,1.0
feature4,1.0
feature4,1.0
feature4,0.4169
feature4,1.0
feature4,1.0
feature4,1.0
feature4,1.0
feature4,1.0
feature4,1.0
feature4,1.0
feature4,1.0
feature4,1.0
feature4,1.0
feature4,1.0
feature4,1.0
feature4,0.6717
feature4,1.0
feature4,1.0
feature4,1.0
feature4,1.0
feature4,1.0
feature4,1.0
feature4,1.0
feature4,1.0
feature4,1.0
feature4,1.0
feature4,1.0
feature4,1.0
feature4,1.0
feature4,1.0
feature4,1.0
feature4,1.0
feature4,1.0
feature4,1.0
feature4,1.0
feature4,1.0
feature4,1.0
feature4,1.0
feature4,1.0
feature4,1.0
feature4,1.0
feature4,1.0
feature4,1.0
feature4,1.0
feature4,1.0
feature4,1.0
feature4,1.0
feature4,1.0
feature4,1.0
feature4,1.0
feature4,1.0
feature4,1.0
feature4,1.0
feature4,1.0
feature4,1.0
feature4,1.0
feature4,1.0
feature4,1.0
feature4,1.0
feature4,1.0
feature4,1.0
feature4,1.0
feature4,1.0
feature4,1.0
feature4,1.0
feature4,1.0
feature4,1.0
feature4,1.0
feature4,1.0
feature4,1.0
feature4,1.0
feature4,1.0
feature4,1.0
feature4,1.0
feature4,1.0
feature4,1.0
feature4,1.0
feature4,1.0
feature4,1.0
feature4,1.0
feature4,1.0
feature4,1.0
feature4,1.0
feature4,1.0
feature4,1.0
feature4,1.0
feature4,1.0
feature4,1.0
feature4,1.0
feature4,1.0
feature4,1.0
feature4,1.0
feature4,1.0
feature4,1.0
feature4,1.0
feature4,1.0
feature4,1.0
feature4,1.0
feature4,1.0
feature4,1.0
feature4,1.0
feature4,1.0
feature4,1.0
feature4,1.0
feature4,1.0
feature4,0.1755
feature4,1.0
feature4,1.0
feature4,1.0
feature4,1.0
feature4,1.0
feature4,0.7275
feature4,1.0
feature4,1.0
feature4,0.7227
feature4,1.0
feature4,1.0
feature4,1.0
feature4,1.0
feature4,1.0
feature4,1.0
feature4,1.0
feature4,1.0
feature4,0.6646
feature4,1.0
feature4,1.0
feature4,1.0
feature4,1.0
feature4,0.2648
feature4,0.5563
feature4,1.0
feature4,0.2423
feature4,0.4227
feature4,0.1906
feature4,0.7489
feature4,1.0
feature4,0.2283
feature4,0.1378
feature4,1.0
feature4,0.2748
feature4,0.3929
feature4,1.0
feature4,0.1775
feature4,1.0
feature4,1.0
feature4,0.4484
feature4,1.0
feature4,0.0
feature4,0.0
feature4,0.1864
feature4,0.9237
feature4,1.0
feature4,1.0
feature4,1.0
feature4,0.0
feature4,1.0
feature4,0.0961
feature4,0.1114
feature4,0.2923
feature4,0.6487
feature4,1.0
feature4,0.1825
feature4,1.0
feature4,0.3782
feature4,1.0
feature4,0.0827
feature4,1.0
feature4,1.0
feature4,1.0
feature4,1.0
feature4,0.2455
feature4,1.0
feature4,1.0
feature4,0.0861
feature4,0.1492
feature4,1.0
feature4,0.2337
feature4,1.0
feature4,1.0
feature4,1.0
feature4,1.0
feature4,0.0209
feature4,0.0
feature4,1.0
feature4,1.0
feature4,0.0868
feature4,0.0069
feature4,0.1296
feature4,1.0
feature4,1.0
feature4,0.1152
feature4,1.0
feature4,1.0
feature4,1.0
feature4,1.0
feature4,0.0732
feature4,1.0
feature4,1.0
feature4,0.0
feature4,0.1141
feature4,0.3374
feature4,1.0
feature4,1.0
feature4,0.1691
feature4,1.0
feature4,0.096
feature4,1.0
feature4,0.9101
feature4,0.1401
feature4,0.1189
feature4,0.0
feature4,1.0
feature4,0.086
feature4,0.1295
feature4,0.1698
feature4,0.078
feature4,0.1532
feature4,0.1408
feature4,1.0
feature4,1.0
feature4,0.2223
feature4,0.0
feature4,1.0
feature4,0.16399999999999998
feature4,1.0
feature4,0.1711
feature4,0.6884
feature4,1.0
feature4,0.5595
feature4,0.4464
feature4,1.0
feature4,0.2187
feature4,1.0
feature4,0.4617
feature4,1.0
feature4,1.0
feature4,0.1423
feature4,0.4819
feature4,1.0
feature4,1.0
feature4,1.0
feature4,0.0
feature4,1.0
feature4,1.0
feature4,0.0
feature4,0.2331
feature4,1.0
feature4,1.0
feature4,1.0
feature4,1.0
feature4,1.0
feature4,1.0
feature4,0.4491
feature4,1.0
feature4,0.1465
feature4,1.0
feature4,0.8812
feature4,0.1716
feature4,0.1209
feature4,0.1839
feature4,1.0
feature4,1.0
feature4,0.1143
feature4,1.0
feature4,1.0
feature4,0.1338
feature4,1.0
feature4,0.2199
feature4,0.3775
feature4,1.0
feature4,0.7012
feature4,0.7025
feature4,1.0
feature4,0.6577
feature4,1.0
feature4,0.5528
feature4,1.0
feature4,0.731
feature4,1.0
feature4,1.0
feature4,0.8994
feature4,0.1992
feature4,0.4971
feature4,0.3408
feature4,0.0524
feature4,1.0
feature4,1.0
feature4,1.0
feature4,0.0006
feature4,1.0
feature4,1.0
feature4,0.1381
feature4,1.0
feature4,0.4983
feature4,0.0947
feature4,0.0947
feature4,0.5178
feature4,1.0
feature4,1.0
feature4,1.0
feature4,1.0
feature4,0.431
feature4,1.0
feature4,1.0
feature4,1.0
feature4,1.0
feature4,1.0
feature4,1.0
feature4,1.0
feature4,1.0
feature4,1.0
feature4,1.0
feature4,1.0
feature4,1.0
feature4,1.0
feature4,1.0
feature4,1.0
feature4,0.7266
feature4,0.7266
feature4,0.7254
feature4,1.0
feature4,1.0
feature4,1.0
feature4,1.0
feature4,1.0
feature4,1.0
feature4,1.0
feature4,1.0
feature4,1.0
feature4,1.0
feature4,1.0
feature4,1.0
feature4,1.0
feature4,1.0
feature4,1.0
feature4,1.0
feature4,1.0
feature4,1.0
feature4,1.0
feature4,1.0
feature4,1.0
feature4,1.0
feature4,1.0
feature4,1.0
feature4,1.0
feature4,1.0
feature4,1.0
feature4,1.0
feature4,1.0
feature4,1.0
feature4,1.0
feature4,1.0
feature4,1.0
feature4,1.0
feature4,1.0
feature4,1.0
feature4,1.0
feature4,1.0
feature4,1.0
feature4,1.0
feature4,1.0
feature4,1.0
feature4,1.0
feature4,1.0
feature4,1.0
feature4,1.0
feature4,1.0
feature4,1.0
feature4,1.0
feature4,1.0
feature4,1.0
feature4,1.0
feature4,1.0
feature4,1.0
feature4,1.0
feature4,1.0
feature4,1.0
feature4,1.0
feature4,1.0
feature4,1.0
feature4,1.0
feature4,1.0
feature4,1.0
feature4,1.0
feature4,1.0
feature4,1.0
feature4,1.0
feature4,1.0
feature4,1.0
feature4,1.0
feature4,1.0
feature4,1.0
feature4,1.0
feature4,1.0
feature4,1.0
feature4,1.0
feature4,1.0
feature4,1.0
feature4,1.0
feature4,1.0
feature4,1.0
feature4,1.0
feature4,1.0
feature4,1.0
feature4,1.0
feature4,1.0
feature4,1.0
feature4,1.0
feature4,1.0
feature4,1.0
feature4,1.0
feature4,1.0
feature4,1.0
feature4,1.0
feature4,1.0
feature4,1.0
feature4,1.0
feature4,1.0
feature4,1.0
feature4,1.0
feature4,1.0
feature4,1.0
feature4,1.0
feature4,1.0
feature4,1.0
feature4,1.0
feature4,1.0
feature4,1.0
feature4,1.0
feature4,1.0
feature4,1.0
feature4,1.0
feature4,1.0
feature4,1.0
feature4,1.0
feature4,1.0
feature4,1.0
feature4,1.0
feature4,1.0
feature4,1.0
feature4,1.0
feature4,1.0
feature4,1.0
feature4,1.0
feature4,1.0
feature4,1.0
feature4,1.0
feature4,1.0
feature4,1.0
feature4,1.0
feature4,1.0
feature4,1.0
feature4,1.0
feature4,1.0
feature4,1.0
feature4,1.0
feature4,1.0
feature4,1.0
feature4,1.0
feature4,1.0
feature4,1.0
feature4,1.0
feature4,1.0
feature4,1.0
feature4,1.0
feature4,1.0
feature4,1.0
feature4,1.0
feature4,1.0
feature4,1.0
feature4,1.0
feature4,1.0
feature4,1.0
feature4,1.0
feature4,1.0
feature4,1.0
feature4,1.0
feature4,1.0
feature4,1.0
feature4,1.0
feature4,1.0
feature4,1.0
feature4,1.0
feature4,1.0
feature4,1.0
feature4,1.0
feature4,1.0
feature4,1.0
feature4,1.0
feature4,1.0
feature4,1.0
feature4,1.0
feature4,1.0
feature4,1.0
feature4,1.0
feature4,1.0
feature4,1.0
feature4,1.0
feature4,1.0
feature4,1.0
feature4,1.0
feature4,1.0
feature4,1.0
feature4,1.0
feature4,1.0
feature4,1.0
feature4,1.0
feature4,1.0
feature4,1.0
feature4,1.0
feature4,1.0
feature4,1.0
feature4,1.0
feature4,1.0
feature4,1.0
feature4,1.0
feature4,1.0
feature4,1.0
feature4,1.0
feature4,1.0
feature4,1.0
feature5,0.0
feature5,0.7032
feature5,0.8262
feature5,0.7393
feature5,0.9469
feature5,0.8706
feature5,0.529
feature5,0.9282
feature5,0.8963
feature5,0.2136
feature5,0.6555
feature5,0.5467
feature5,0.7106
feature5,0.6868
feature5,0.7609
feature5,0.6832
feature5,0.7857
feature5,0.7099
feature5,0.96
feature5,0.8922
feature5,0.0
feature5,0.0
feature5,0.9929
feature5,0.0
feature5,0.0
feature5,0.0
feature5,0.0
feature5,0.0
feature5,0.0
feature5,0.0
feature5,0.9943
feature5,0.9943
feature5,0.0
feature5,0.9418
feature5,0.7490000000000001
feature5,0.9636
feature5,0.9808
feature5,0.9539
feature5,0.9408
feature5,0.7674
feature5,0.9886
feature5,0.7897
feature5,0.9876
feature5,0.9767
feature5,0.8067
feature5,0.9107
feature5,0.9562
feature5,0.75
feature5,0.9558
feature5,0.8901
feature5,0.9412
feature5,0.9791
feature5,0.9448
feature5,0.9206
feature5,0.9429
feature5,0.9541
feature5,0.8507
feature5,0.9275
feature5,0.9357
feature5,0.8515
feature5,0.7859999999999999
feature5,0.9459
feature5,0.8998
feature5,0.7969
feature5,0.8718
feature5,0.9517
feature5,0.6245
feature5,0.9409
feature5,0.9367
feature5,0.9539
feature5,0.8824
feature5,0.927
feature5,0.4099
feature5,0.8182
feature5,0.8148
feature5,0.8684
feature5,0.9790000000000001
feature5,0.9219
feature5,0.8901
feature5,0.9511
feature5,0.996
feature5,0.3434
feature5,0.899
feature5,0.9052
feature5,0.7929
feature5,0.6391
feature5,0.7297
feature5,0.9647
feature5,0.6629
feature5,0.9766
feature5,0.9968
feature5,0.9295
feature5,0.8429
feature5,0.9047
feature5,0.7869
feature5,0.9505
feature5,0.978
feature5,0.8549
feature5,0.4336
feature5,0.9325
feature5,0.9297
feature5,0.9751
feature5,0.7955
feature5,0.9301
feature5,0.9916
feature5,0.8052
feature5,0.8216
feature5,0.7986
feature5,0.9705
feature5,0.8151
feature5,0.9559
feature5,0.9185
feature5,0.9817
feature5,0.9823
feature5,0.8225
feature5,0.8101
feature5,0.8721
feature5,0.9315
feature5,0.9346
feature5,0.9795
feature5,0.9975
feature5,0.9938
feature5,0.9752
feature5,0.8638
feature5,0.9490000000000001
feature5,0.9798
feature5,0.4675
feature5,0.9465
feature5,0.9848
feature5,0.9438
feature5,0.7907
feature5,0.9607
feature5,0.9458
feature5,0.9802
feature5,0.5654
feature5,0.9842
feature5,0.9868
feature5,0.9644
feature5,0.9503
feature5,0.7773
feature5,0.945
feature5,0.0
feature5,0.7244
feature5,0.9802
feature5,0.9369
feature5,0.9822
feature5,0.6453
feature5,0.8443
feature5,0.7296
feature5,0.9573
feature5,0.8268
feature5,0.7290000000000001
feature5,0.903
feature5,0.502
feature5,0.9602
feature5,0.8038
feature5,0.8996
feature5,0.4635
feature5,0.8492
feature5,0.509
feature5,0.8352
feature5,0.7059
feature5,0.6509
feature5,0.8724
feature5,0.7145
feature5,0.9758
feature5,0.9758
feature5,0.4934
feature5,0.5814
feature5,0.1189
feature5,0.6859
feature5,0.6083
feature5,0.6683
feature5,0.8736
feature5,0.8137
feature5,0.877
feature5,0.7494
feature5,0.1453
feature5,0.6779
feature5,0.8595
feature5,0.9451
feature5,0.9113
feature5,0.909
feature5,0.5387
feature5,0.4729
feature5,0.6849
feature5,0.8816
feature5,0.8007
feature5,0.6155
feature5,0.2842
feature5,0.9175
feature5,0.0893
feature5,0.39799999999999996
feature5,0.9596
feature5,0.9233
feature5,0.8722
feature5,0.2279
feature5,0.6092
feature5,0.3007
feature5,0.1955
feature5,0.6025
feature5,0.9056
feature5,0.5
feature5,0.8565
feature5,0.0
feature5,0.6267
feature5,0.8458
feature5,0.8546
feature5,0.0319
feature5,0.8044
feature5,0.1981
feature5,0.9598
feature5,0.7858
feature5,0.8086
feature5,0.8924
feature5,0.5606
feature5,0.8167
feature5,0.6416
feature5,0.8511
feature5,0.6021
feature5,0.6362
feature5,0.5920000000000001
feature5,0.8988
feature5,0.6188
feature5,0.7479
feature5,0.8373
feature5,0.4111
feature5,0.8807
feature5,0.8184
feature5,0.9616
feature5,0.9520000000000001
feature5,0.9118
feature5,0.4908
feature5,0.8675
feature5,0.8542
feature5,0.9145
feature5,0.0
feature5,0.6759
feature5,0.8394
feature5,0.9219
feature5,0.9522
feature5,0.9602
feature5,0.9641
feature5,0.4932
feature5,0.4058
feature5,0.9881
feature5,0.5876
feature5,0.6044
feature5,0.8708
feature5,0.831
feature5,0.7959999999999999
feature5,0.9107
feature5,0.9813
feature5,0.7974
feature5,0.9252
feature5,0.8411
feature5,0.9717
feature5,0.9717
feature5,0.9272
feature5,0.99
feature5,0.9321
feature5,0.8474
feature5,0.99
feature5,0.99
feature5,0.8176
feature5,0.4261
feature5,0.2495
feature5,0.3984
feature5,0.1763
feature5,0.3204
feature5,0.3797
feature5,0.7685
feature5,0.9725
feature5,0.0932
feature5,0.1964
feature5,0.7736
feature5,0.4085
feature5,0.0
feature5,0.2127
feature5,0.4911
feature5,0.4203
feature5,0.9291
feature5,0.0
feature5,0.2632
feature5,0.8273
feature5,0.8196
feature5,0.1469
feature5,0.0832
feature5,0.0
feature5,0.3805
feature5,0.9729
feature5,0.5031
feature5,0.4443
feature5,0.2774
feature5,0.41200000000000003
feature5,0.2278
feature5,0.1707
feature5,0.7332
feature5,0.4779
feature5,0.8434
feature5,0.0
feature5,0.4505
feature5,0.43
feature5,0.5737
feature5,0.6808
feature5,0.5152
feature5,0.4617
feature5,0.2911
feature5,0.7746
feature5,0.1658
feature5,0.3131
feature5,0.32
feature5,0.3273
feature5,0.1292
feature5,0.4006
feature5,0.0
feature5,0.0
feature5,0.6241
feature5,0.3858
feature5,0.7499
feature5,0.2979
feature5,0.7792
feature5,0.3952
feature5,0.5382
feature5,0.2388
feature5,0.2805
feature5,0.5534
feature5,0.2342
feature5,0.4484
feature5,0.8515
feature5,0.0
feature5,0.7225
feature5,0.5805
feature5,0.5206
feature5,0.7971
feature5,0.6331
feature5,0.2377
feature5,0.3099
feature5,0.4366
feature5,0.4736
feature5,0.2556
feature5,0.5939
feature5,0.792
feature5,0.0249
feature5,0.0
feature5,0.4013
feature5,0.2858
feature5,0.6437
feature5,0.6121
feature5,0.6398
feature5,0.2295
feature5,0.2194
feature5,0.2911
feature5,0.4245
feature5,0.22899999999999998
feature5,0.4684
feature5,0.7782
feature5,0.2405
feature5,0.7674
feature5,0.8419
feature5,0.2789
feature5,0.4511
feature5,0.345
feature5,0.0
feature5,0.0478
feature5,0.2352
feature5,0.0
feature5,0.6577
feature5,0.3813
feature5,0.4193
feature5,0.0
feature5,0.3369
feature5,0.308
feature5,0.2891
feature5,0.7394
feature5,0.4479
feature5,0.3301
feature5,0.7949
feature5,0.8253
feature5,0.8261
feature5,0.1618
feature5,0.4642
feature5,0.0757
feature5,0.6096
feature5,0.6698
feature5,0.0
feature5,0.6482
feature5,0.2313
feature5,0.348
feature5,0.0
feature5,0.4006
feature5,0.7527
feature5,0.3945
feature5,0.4787
feature5,0.6615
feature5,0.6142
feature5,0.6269
feature5,0.3075
feature5,0.8185
feature5,0.2979
feature5,0.8474
feature5,0.4316
feature5,0.7536
feature5,0.7043
feature5,0.1668
feature5,0.0034
feature5,0.3614
feature5,0.0
feature5,0.5637
feature5,0.3784
feature5,0.4464
feature5,0.7509
feature5,0.0671
feature5,0.9993
feature5,0.0
feature5,0.0
feature5,0.6079
feature5,0.0
feature5,0.8497
feature5,0.0
feature5,0.6186
feature5,0.5877
feature5,0.6298
feature5,0.9713
feature5,0.9196
feature5,0.9502
feature5,0.7542
feature5,0.9868
feature5,0.9995
feature5,0.4972
feature5,0.9307
feature5,0.821
feature5,0.821
feature5,0.9782
feature5,0.8884
feature5,0.8983
feature5,0.9975
feature5,0.9640000000000001
feature5,0.9987
feature5,0.9698
feature5,0.8274
feature5,0.882
feature5,0.955
feature5,0.8177
feature5,0.7082
feature5,0.7793
feature5,0.9588
feature5,0.9348
feature5,0.9691
feature5,0.9516
feature5,0.9442
feature5,0.838
feature5,0.8947
feature5,0.9495
feature5,0.3787
feature5,0.3787
feature5,0.8649
feature5,0.8962
feature5,0.8473
feature5,0.498
feature5,0.6611
feature5,0.7519
feature5,0.3958
feature5,0.7357
feature5,0.8997
feature5,0.0999
feature5,0.8152
feature5,0.9773
feature5,0.4435
feature5,0.9161
feature5,0.5876
feature5,0.2847
feature5,0.7972
feature5,0.27899999999999997
feature5,0.6381
feature5,0.934
feature5,0.3329
feature5,0.4312
feature5,0.6365
feature5,0.22
feature5,0.7224
feature5,0.9183
feature5,0.6697
feature5,0.5206
feature5,0.2913
feature5,0.7517
feature5,0.385
feature5,0.9307
feature5,0.8819
feature5,0.8958
feature5,0.7876
feature5,0.4008
feature5,0.7874
feature5,0.805
feature5,0.1282
feature5,0.9399
feature5,0.2837
feature5,0.9414
feature5,0.3679
feature5,0.4138
feature5,0.7855
feature5,0.9002
feature5,0.5565
feature5,0.6322
feature5,0.9438
feature5,0.1266
feature5,0.6881
feature5,0.938
feature5,0.4816
feature5,0.5835
feature5,0.3275
feature5,0.8817
feature5,0.3917
feature5,0.226
feature5,0.7783
feature5,0.4104
feature5,0.6519
feature5,0.6243
feature5,0.8872
feature5,0.8419
feature5,0.0602
feature5,0.4484
feature5,0.6817
feature5,0.7340000000000001
feature5,0.6094
feature5,0.4592
feature5,0.4276
feature5,0.8747
feature5,0.4318
feature5,0.4853
feature5,0.1342
feature5,0.79
feature5,0.6939
feature5,0.9581
feature5,0.9705
feature5,0.4295
feature5,0.7852
feature5,0.8525
feature5,0.6075
feature5,0.82
feature5,0.8994
feature5,0.1143
feature5,0.5012
feature5,0.9620000000000001
feature5,0.2982
feature5,0.5814
feature5,0.7858
feature5,0.875
feature5,0.5869
feature5,0.2987
feature5,0.7973
feature5,0.9679
feature5,0.5686
feature5,0.4629
feature5,0.6823
feature5,0.561
feature5,0.7126
feature5,0.6716
feature5,0.8674
feature5,0.7533
feature5,0.5287
feature5,0.8303
feature5,0.0557
feature5,0.2669
feature5,0.662
feature5,0.8563
feature5,0.4756
feature5,0.5597
feature5,0.2695
feature5,0.7034
feature5,0.3075
feature5,0.8759
feature5,0.5633
feature5,0.187
feature5,0.8581
feature5,0.3602
feature5,0.1431
feature5,0.7768
feature5,0.6019
feature5,0.8742
feature5,0.8146
feature5,0.5283
feature5,0.9556
feature5,0.7818
feature5,0.226
feature5,0.4786
feature5,0.9106
feature5,0.9851
feature5,0.5457
feature5,0.4388
feature5,0.887
feature5,0.8376
feature5,0.4829
feature5,0.8638
feature5,0.8532
feature5,0.6641
feature5,0.6565
feature5,0.0792
feature5,0.8818
feature5,0.0884
feature5,0.7126
feature5,0.6311
feature5,0.4539
feature5,0.9527
feature5,0.0934
feature5,0.122
feature5,0.8822
feature5,0.1776
feature5,0.9242
feature5,0.8696
feature5,0.467
feature5,0.1776
feature5,0.9751
feature5,0.6739
feature5,0.7519
feature5,0.7149
feature5,0.8203
feature5,0.7315
feature5,0.2498
feature5,0.6463
feature5,0.5908
feature5,0.8513
feature5,0.4781
feature5,0.3812
feature5,0.7612
feature5,0.8745
feature5,0.6977
feature5,0.7106
feature5,0.6425
feature5,0.6963
feature5,0.8951
feature5,0.1922
feature5,0.2604
feature5,0.8651
feature5,0.0766
feature5,0.9467
feature5,0.5641
feature5,0.6256
feature5,0.8629
feature5,0.159
feature5,0.4076
feature5,0.4888
feature5,0.81
feature5,0.7114
feature5,0.8302
feature5,0.7426
feature5,0.8088
feature5,0.9055
feature5,0.6697
feature5,0.6704
feature5,0.7688
feature5,0.6573
feature5,0.5383
feature5,0.5076
feature5,0.5675
feature5,0.3451
feature5,0.7199
feature5,0.9439
feature6,1.0
feature6,1.0
feature6,1.0
feature6,1.0
feature6,0.638
feature6,1.0
feature6,1.0
feature6,1.0
feature6,1.0
feature6,1.0
feature6,1.0
feature6,1.0
feature6,1.0
feature6,1.0
feature6,1.0
feature6,1.0
feature6,1.0
feature6,1.0
feature6,0.8914
feature6,0.9629
feature6,1.0
feature6,1.0
feature6,1.0
feature6,1.0
feature6,1.0
feature6,1.0
feature6,1.0
feature6,1.0
feature6,1.0
feature6,1.0
feature6,0.9998
feature6,0.9998
feature6,1.0
feature6,0.879
feature6,0.5177
feature6,1.0
feature6,1.0
feature6,1.0
feature6,1.0
feature6,1.0
feature6,1.0
feature6,0.9817
feature6,1.0
feature6,1.0
feature6,1.0
feature6,1.0
feature6,0.9096
feature6,1.0
feature6,1.0
feature6,1.0
feature6,1.0
feature6,1.0
feature6,1.0
feature6,1.0
feature6,1.0
feature6,1.0
feature6,1.0
feature6,1.0
feature6,1.0
feature6,1.0
feature6,0.9044
feature6,1.0
feature6,1.0
feature6,1.0
feature6,1.0
feature6,1.0
feature6,1.0
feature6,0.6968
feature6,1.0
feature6,1.0
feature6,1.0
feature6,1.0
feature6,1.0
feature6,1.0
feature6,1.0
feature6,1.0
feature6,1.0
feature6,1.0
feature6,1.0
feature6,0.9205
feature6,1.0
feature6,0.6555
feature6,0.6926
feature6,1.0
feature6,1.0
feature6,1.0
feature6,1.0
feature6,0.5516
feature6,0.9295
feature6,1.0
feature6,1.0
feature6,0.9786
feature6,0.8192
feature6,1.0
feature6,0.8691
feature6,1.0
feature6,1.0
feature6,0.703
feature6,0.7995
feature6,0.8951
feature6,0.7472
feature6,0.884
feature6,0.9922
feature6,1.0
feature6,1.0
feature6,0.9957
feature6,1.0
feature6,0.9914
feature6,1.0
feature6,1.0
feature6,1.0
feature6,1.0
feature6,1.0
feature6,1.0
feature6,0.9897
feature6,0.9904
feature6,1.0
feature6,1.0
feature6,1.0
feature6,1.0
feature6,1.0
feature6,1.0
feature6,1.0
feature6,0.9915
feature6,0.9956
feature6,1.0
feature6,0.5999
feature6,1.0
feature6,1.0
feature6,1.0
feature6,0.9925
feature6,1.0
feature6,0.8987
feature6,0.9064
feature6,1.0
feature6,1.0
feature6,1.0
feature6,1.0
feature6,0.9909
feature6,0.6789
feature6,1.0
feature6,1.0
feature6,1.0
feature6,0.8606
feature6,0.6890000000000001
feature6,1.0
feature6,1.0
feature6,0.8938
feature6,1.0
feature6,0.8475
feature6,1.0
feature6,1.0
feature6,0.9839
feature6,1.0
feature6,0.9145
feature6,1.0
feature6,0.9072
feature6,1.0
feature6,1.0
feature6,1.0
feature6,1.0
feature6,1.0
feature6,1.0
feature6,0.9257
feature6,1.0
feature6,0.816
feature6,0.816
feature6,1.0
feature6,1.0
feature6,1.0
feature6,1.0
feature6,1.0
feature6,1.0
feature6,1.0
feature6,1.0
feature6,1.0
feature6,1.0
feature6,1.0
feature6,1.0
feature6,1.0
feature6,1.0
feature6,1.0
feature6,1.0
feature6,1.0
feature6,1.0
feature6,1.0
feature6,1.0
feature6,1.0
feature6,1.0
feature6,1.0
feature6,1.0
feature6,1.0
feature6,1.0
feature6,0.713
feature6,1.0
feature6,1.0
feature6,0.9153
feature6,1.0
feature6,1.0
feature6,1.0
feature6,1.0
feature6,1.0
feature6,1.0
feature6,1.0
feature6,1.0
feature6,1.0
feature6,1.0
feature6,1.0
feature6,1.0
feature6,1.0
feature6,1.0
feature6,1.0
feature6,1.0
feature6,1.0
feature6,1.0
feature6,1.0
feature6,1.0
feature6,1.0
feature6,1.0
feature6,1.0
feature6,1.0
feature6,1.0
feature6,1.0
feature6,1.0
feature6,1.0
feature6,1.0
feature6,1.0
feature6,1.0
feature6,1.0
feature6,1.0
feature6,1.0
feature6,0.7213
feature6,1.0
feature6,1.0
feature6,0.9475
feature6,1.0
feature6,1.0
feature6,1.0
feature6,1.0
feature6,1.0
feature6,1.0
feature6,1.0
feature6,0.9956
feature6,1.0
feature6,1.0
feature6,1.0
feature6,1.0
feature6,1.0
feature6,0.9955
feature6,0.9396
feature6,1.0
feature6,0.9945
feature6,1.0
feature6,1.0
feature6,0.9616
feature6,1.0
feature6,0.7459
feature6,0.7459
feature6,1.0
feature6,0.5146
feature6,0.9062
feature6,0.8501
feature6,1.0
feature6,1.0
feature6,0.9763
feature6,0.9341
feature6,0.9583
feature6,0.8268
feature6,0.9974
feature6,0.98
feature6,0.9795
feature6,0.9547
feature6,0.9637
feature6,0.9927
feature6,0.9599
feature6,0.9322
feature6,0.9372
feature6,0.9719
feature6,0.7287
feature6,0.9748
feature6,0.7152
feature6,0.945
feature6,0.8886
feature6,0.4879
feature6,0.8809999999999999
feature6,0.8785
feature6,0.978
feature6,0.732
feature6,0.5528
feature6,0.7177
feature6,0.9716
feature6,0.8898
feature6,0.4424
feature6,0.9434
feature6,0.9496
feature6,0.8892
feature6,0.9790000000000001
feature6,0.6946
feature6,0.9766
feature6,0.7185
feature6,0.9678
feature6,0.6923
feature6,0.9379
feature6,0.5524
feature6,0.6083
feature6,0.5972
feature6,0.6511
feature6,0.9985
feature6,0.8682
feature6,0.517
feature6,0.9393
feature6,0.9642
feature6,0.5324
feature6,0.9945
feature6,0.9233
feature6,0.7259
feature6,0.4591
feature6,0.627
feature6,0.9109
feature6,0.8767
feature6,0.7626
feature6,0.9577
feature6,0.9396
feature6,0.9044
feature6,0.9567
feature6,0.72
feature6,0.452
feature6,0.9511
feature6,0.6009
feature6,0.9623
feature6,0.7049
feature6,0.8556
feature6,0.9339
feature6,0.6515
feature6,0.8668
feature6,0.8549
feature6,0.9507
feature6,0.9561
feature6,0.4195
feature6,0.5793
feature6,0.9717
feature6,0.5464
feature6,0.9434
feature6,0.8348
feature6,0.8018
feature6,0.9608
feature6,0.9526
feature6,0.8219
feature6,0.5826
feature6,0.9393
feature6,0.9567
feature6,0.9719
feature6,0.9359
feature6,0.9658
feature6,0.961
feature6,0.5665
feature6,0.9062
feature6,0.9906
feature6,0.7490000000000001
feature6,1.0
feature6,0.9698
feature6,0.5695
feature6,0.9724
feature6,0.9426
feature6,0.7845
feature6,0.9591
feature6,0.9863
feature6,0.3999
feature6,0.9894
feature6,0.7673
feature6,0.8558
feature6,0.7777
feature6,0.523
feature6,0.9616
feature6,0.5511
feature6,0.7235
feature6,0.7324
feature6,0.8347
feature6,0.7828
feature6,0.8755
feature6,0.3813
feature6,0.8886
feature6,0.9943
feature6,0.5293
feature6,0.4677
feature6,0.8296
feature6,0.3956
feature6,0.8992
feature6,0.6317
feature6,0.8527
feature6,0.4824
feature6,0.9632
feature6,0.7509999999999999
feature6,0.9096
feature6,0.9726
feature6,0.9533
feature6,0.9771
feature6,0.5939
feature6,0.9807
feature6,0.9507
feature6,0.9746
feature6,0.4961
feature6,0.9584
feature6,0.845
feature6,0.9898
feature6,0.9676
feature6,0.6166
feature6,0.8491
feature6,0.9084
feature6,0.7491
feature6,0.9809
feature6,0.8807
feature6,0.9575
feature6,0.9913
feature6,0.914
feature6,0.6734
feature6,0.8583
feature6,0.7167
feature6,0.7538
feature6,0.8642
feature6,0.9571
feature6,0.925
feature6,1.0
feature6,1.0
feature6,0.6515
feature6,0.8343
feature6,0.2806
feature6,0.9631
feature6,0.9999
feature6,0.9646
feature6,0.9996
feature6,0.9781
feature6,0.9781
feature6,0.8901
feature6,1.0
feature6,1.0
feature6,1.0
feature6,0.7547
feature6,0.9822
feature6,0.7773
feature6,1.0
feature6,1.0
feature6,1.0
feature6,1.0
feature6,1.0
feature6,1.0
feature6,1.0
feature6,1.0
feature6,1.0
feature6,1.0
feature6,0.8647
feature6,0.976
feature6,1.0
feature6,1.0
feature6,0.9875
feature6,0.9875
feature6,0.9759
feature6,0.965
feature6,0.8508
feature6,1.0
feature6,1.0
feature6,1.0
feature6,1.0
feature6,1.0
feature6,1.0
feature6,1.0
feature6,1.0
feature6,1.0
feature6,1.0
feature6,1.0
feature6,1.0
feature6,1.0
feature6,1.0
feature6,1.0
feature6,1.0
feature6,1.0
feature6,1.0
feature6,1.0
feature6,1.0
feature6,1.0
feature6,1.0
feature6,1.0
feature6,1.0
feature6,1.0
feature6,1.0
feature6,1.0
feature6,1.0
feature6,1.0
feature6,1.0
feature6,1.0
feature6,1.0
feature6,1.0
feature6,1.0
feature6,1.0
feature6,1.0
feature6,1.0
feature6,1.0
feature6,1.0
feature6,1.0
feature6,1.0
feature6,1.0
feature6,1.0
feature6,1.0
feature6,1.0
feature6,1.0
feature6,1.0
feature6,1.0
feature6,1.0
feature6,1.0
feature6,1.0
feature6,1.0
feature6,1.0
feature6,1.0
feature6,1.0
feature6,1.0
feature6,1.0
feature6,1.0
feature6,1.0
feature6,1.0
feature6,1.0
feature6,1.0
feature6,1.0
feature6,1.0
feature6,1.0
feature6,1.0
feature6,1.0
feature6,1.0
feature6,1.0
feature6,1.0
feature6,1.0
feature6,1.0
feature6,1.0
feature6,1.0
feature6,1.0
feature6,1.0
feature6,1.0
feature6,1.0
feature6,1.0
feature6,1.0
feature6,1.0
feature6,1.0
feature6,1.0
feature6,1.0
feature6,1.0
feature6,1.0
feature6,1.0
feature6,1.0
feature6,1.0
feature6,1.0
feature6,1.0
feature6,1.0
feature6,1.0
feature6,1.0
feature6,1.0
feature6,1.0
feature6,1.0
feature6,1.0
feature6,1.0
feature6,1.0
feature6,1.0
feature6,1.0
feature6,1.0
feature6,1.0
feature6,1.0
feature6,1.0
feature6,1.0
feature6,1.0
feature6,1.0
feature6,1.0
feature6,1.0
feature6,1.0
feature6,1.0
feature6,1.0
feature6,1.0
feature6,1.0
feature6,1.0
feature6,1.0
feature6,1.0
feature6,1.0
feature6,1.0
feature6,1.0
feature6,1.0
feature6,1.0
feature6,1.0
feature6,1.0
feature6,1.0
feature6,1.0
feature6,1.0
feature6,1.0
feature6,1.0
feature6,1.0
feature6,1.0
feature6,1.0
feature6,1.0
feature6,1.0
feature6,1.0
feature6,1.0
feature6,1.0
feature6,1.0
feature6,1.0
feature6,1.0
feature6,1.0
feature6,1.0
feature6,1.0
feature6,1.0
feature6,1.0
feature6,1.0
feature6,1.0
feature6,1.0
feature6,1.0
feature6,1.0
feature6,1.0
feature6,1.0
feature6,1.0
feature6,1.0
feature6,1.0
feature6,1.0
feature6,1.0
feature6,1.0
feature6,1.0
feature6,1.0
feature6,1.0
feature6,1.0
feature6,1.0
feature6,1.0
feature6,1.0
feature6,1.0
feature6,1.0
feature6,1.0
feature6,1.0
feature6,1.0
feature6,1.0
feature6,1.0
feature6,1.0
feature6,1.0
feature6,1.0
feature6,1.0
feature6,1.0
feature6,1.0
feature6,1.0
feature6,1.0
feature6,1.0
feature6,1.0
feature6,1.0
feature6,1.0
feature6,1.0
feature6,1.0
feature6,1.0
feature6,1.0
feature6,1.0
feature6,1.0
feature6,1.0
feature6,1.0
feature6,1.0
feature6,1.0
feature6,1.0
feature6,1.0
feature6,1.0
