feature,value
feature1,0.594
feature1,0.4808
feature1,0.5495
feature1,0.3859
feature1,0.1841
feature1,0.7563
feature1,0.5474
feature1,0.4697
feature1,0.6436
feature1,0.6879
feature1,0.4635
feature1,0.7573
feature1,0.7638
feature1,0.4835
feature1,0.5836
feature1,0.8334
feature1,0.7121
feature1,0.5163
feature1,0.5378
feature1,0.4728
feature1,0.3811
feature1,0.4893
feature1,0.7096
feature1,0.7436
feature1,0.44299999999999995
feature1,0.5045
feature1,0.3136
feature1,0.2754
feature1,0.5528
feature1,0.3148
feature1,0.3345
feature1,0.6367
feature1,0.192
feature1,0.3072
feature1,0.7454
feature1,0.5412
feature1,0.4247
feature1,0.7004
feature1,0.384
feature1,0.5411
feature1,0.1795
feature1,0.5872
feature1,0.3902
feature1,0.5794
feature1,0.708
feature1,0.6342
feature1,0.6829999999999999
feature1,0.469
feature1,0.6211
feature1,0.4468
feature1,0.5571
feature1,0.3108
feature1,0.6319
feature1,0.48200000000000004
feature1,0.4588
feature1,0.4367
feature1,0.4252
feature1,0.5787
feature1,0.8387
feature1,0.6973
feature1,0.4516
feature1,0.7154
feature1,0.2968
feature1,0.7499
feature1,0.6457
feature1,0.3801
feature1,0.617
feature1,0.7240000000000001
feature1,0.5922
feature1,0.6366
feature1,0.3651
feature1,0.5716
feature1,0.212
feature1,0.5348
feature1,0.6896
feature1,0.2485
feature1,0.5673
feature1,0.2317
feature1,0.3276
feature1,0.5988
feature1,0.4509
feature1,0.7577
feature1,0.7163
feature1,0.7288
feature1,0.7332
feature1,0.59
feature1,0.4009
feature1,0.4785
feature1,0.5863
feature1,0.4817
feature1,0.6007
feature1,0.3416
feature1,0.7132
feature1,0.3874
feature1,0.7208
feature1,0.7839
feature1,0.6648
feature1,0.9670000000000001
feature1,0.3999
feature1,0.7201
feature1,0.4647
feature1,0.833
feature1,0.6352
feature1,0.353
feature1,0.7011
feature1,0.7502
feature1,0.4467
feature1,0.7881
feature1,0.6881
feature1,0.3778
feature1,0.6924
feature1,0.7017
feature1,0.7062
feature1,0.37
feature1,0.6298
feature1,0.6026
feature1,0.38299999999999995
feature1,0.3728
feature1,0.4748
feature1,0.6254
feature1,0.4857
feature1,0.6928
feature1,0.8723
feature1,0.6947
feature1,0.4739
feature1,0.3937
feature1,0.3666
feature1,0.6027
feature1,0.6855
feature1,0.3053
feature1,0.5505
feature1,0.6045
feature1,0.7694
feature1,0.6728
feature1,0.5273
feature1,0.5343
feature1,0.6828
feature1,0.6029
feature1,0.7513
feature1,0.268
feature1,0.5987
feature1,0.698
feature1,0.8412
feature1,0.3315
feature1,0.1902
feature1,0.5945
feature1,0.737
feature1,0.7399
feature1,0.7082
feature1,0.7699
feature1,0.4073
feature1,0.7005
feature1,0.3397
feature1,0.7224
feature1,0.5044
feature1,0.7231
feature1,0.4556
feature1,0.6837
feature1,0.3739
feature1,0.4339
feature1,0.7609999999999999
feature1,0.6351
feature1,0.6248
feature1,0.7329
feature1,0.6927
feature1,0.3455
feature1,0.6784
feature1,0.732
feature1,0.5794
feature1,0.8274
feature1,0.6409
feature1,0.4706
feature1,0.6422
feature1,0.6282
feature1,0.6012
feature1,0.6987
feature1,0.2974
feature1,0.529
feature1,0.5982
feature1,0.5304
feature1,0.3959
feature1,0.6719
feature1,0.6908
feature1,0.7124
feature1,0.642
feature1,0.6412
feature1,0.2238
feature1,0.6026
feature1,0.5025
feature1,0.3468
feature1,1.0
feature1,0.2435
feature1,0.5717
feature1,0.5870000000000001
feature1,0.5679
feature1,0.4707
feature1,0.9734
feature1,0.7111
feature1,0.4601
feature1,0.5672
feature1,0.7271
feature1,0.6833
feature1,0.3845
feature1,0.3185
feature1,0.39
feature1,0.7011
feature1,0.5862
feature1,0.305
feature1,0.43200000000000005
feature1,0.4205
feature1,0.5599
feature1,0.5352
feature1,0.6999
feature1,0.6719
feature1,0.3386
feature1,0.6248
feature1,0.7562
feature1,0.6269
feature1,0.4145
feature1,0.67
feature1,0.5325
feature1,0.4546
feature1,0.3406
feature1,0.5237
feature1,0.7217
feature1,0.6394
feature1,0.6076
feature1,0.8733
feature1,0.8227
feature1,0.6681
feature1,0.9419
feature1,0.552
feature1,0.6195
feature1,0.6419
feature1,0.4964
feature1,0.39799999999999996
feature1,0.6058
feature1,0.6565
feature1,0.3008
feature1,0.0767
feature1,0.5798
feature1,0.6079
feature1,0.7163
feature1,0.6266
feature1,0.6843
feature1,0.7502
feature1,0.4294
feature1,0.6407
feature1,0.6323
feature1,0.6604
feature1,0.4988
feature1,0.7234
feature1,0.4881
feature1,0.7082
feature1,0.3068
feature1,0.5293
feature1,0.2014
feature1,0.5049
feature1,0.9012
feature1,0.6894
feature1,0.6795
feature1,0.2387
feature1,0.7645
feature1,0.4264
feature1,0.872
feature1,0.8405
feature1,0.3605
feature1,0.4458
feature1,0.5914
feature1,0.733
feature1,0.4809
feature1,0.4426
feature1,0.6532
feature1,0.32299999999999995
feature1,0.7044
feature1,0.4548
feature1,0.9466
feature1,0.5433
feature1,0.4203
feature1,0.6824
feature1,0.3813
feature1,0.664
feature1,0.4741
feature1,0.6459999999999999
feature1,0.6542
feature1,0.6659
feature1,0.4359
feature1,0.1828
feature1,0.7473
feature1,0.612
feature1,0.5483
feature1,0.3398
feature1,0.6678
feature1,0.6175
feature1,0.6811
feature1,0.736
feature1,0.4853
feature1,0.4759
feature1,0.4328
feature1,0.5003
feature1,1.0
feature1,0.6976
feature1,0.7472
feature1,0.6843
feature1,0.5263
feature1,0.3897
feature1,0.4552
feature1,0.7724
feature1,0.721
feature1,0.6749
feature1,0.5033
feature1,0.6916
feature1,0.3639
feature1,0.6152
feature1,0.7442
feature1,0.6507
feature1,0.1798
feature1,0.5764
feature1,0.2746
feature1,0.589
feature1,0.7
feature1,0.7323
feature1,0.7633
feature1,0.461
feature1,0.3393
feature1,0.6671
feature1,0.6576
feature1,0.6579999999999999
feature1,0.6621
feature1,0.5254
feature1,0.6827
feature1,0.6271
feature1,0.2653
feature1,0.7548
feature1,0.5682
feature1,1.0
feature1,0.5396
feature1,0.8389
feature1,0.5772
feature1,0.4662
feature1,0.5411
feature1,0.593
feature1,0.7274
feature1,0.7326
feature1,0.3337
feature1,0.7293
feature1,0.3116
feature1,0.6228
feature1,0.8594
feature1,0.5577
feature1,0.9736
feature1,0.6318
feature1,0.4967
feature1,1.0
feature1,0.6291
feature1,0.526
feature1,0.6025
feature1,0.3895
feature1,0.4489
feature1,0.7092
feature1,0.4639
feature1,0.7949
feature1,0.715
feature1,0.5817
feature1,0.7020000000000001
feature1,0.6842
feature1,0.6894
feature1,0.3228
feature1,0.7837
feature1,0.5938
feature1,0.8506
feature1,0.8029999999999999
feature1,0.7991
feature1,0.7656
feature1,0.6734
feature1,0.7427
feature1,0.6811
feature1,0.3734
feature1,0.6226
feature1,0.6593
feature1,0.728
feature1,0.4894
feature1,0.5724
feature1,0.5515
feature1,0.6734
feature1,0.2663
feature1,0.6557
feature1,0.5228
feature1,0.4343
feature1,0.633
feature1,1.0
feature1,0.6138
feature1,0.3699
feature1,0.6432
feature1,0.3149
feature2,0.0
feature2,0.0
feature2,0.0957
feature2,0.2304
feature2,0.0695
feature2,0.0
feature2,0.0
feature2,0.0
feature2,0.0
feature2,0.0288
feature2,0.0
feature2,0.1102
feature2,0.1028
feature2,0.0
feature2,0.0
feature2,0.1023
feature2,0.0
feature2,0.0
feature2,0.0
feature2,0.0
feature2,0.0
feature2,0.0
feature2,0.0
feature2,0.0275
feature2,0.0
feature2,0.0
feature2,0.0224
feature2,0.0332
feature2,0.0
feature2,0.0
feature2,0.0
feature2,0.0
feature2,0.1796
feature2,0.0
feature2,0.0102
feature2,0.0
feature2,0.0
feature2,0.0
feature2,0.0
feature2,0.0
feature2,0.027000000000000003
feature2,0.0
feature2,0.0
feature2,0.0
feature2,0.0
feature2,0.175
feature2,0.0
feature2,0.0
feature2,0.0
feature2,0.0
feature2,0.0
feature2,0.0555
feature2,0.0
feature2,0.0
feature2,0.0
feature2,0.0906
feature2,0.0
feature2,0.0
feature2,0.0936
feature2,0.0
feature2,0.0094
feature2,0.0
feature2,0.0
feature2,0.0
feature2,0.0
feature2,0.0352
feature2,0.0641
feature2,0.2861
feature2,0.0
feature2,0.0
feature2,0.0
feature2,0.0
feature2,0.0
feature2,0.0944
feature2,0.0
feature2,0.0
feature2,0.0
feature2,0.0
feature2,0.0
feature2,0.0
feature2,0.0371
feature2,0.0
feature2,0.0
feature2,0.0
feature2,0.0
feature2,0.1289
feature2,0.0
feature2,0.0
feature2,0.0264
feature2,0.0075
feature2,0.0
feature2,0.0
feature2,0.0
feature2,0.0
feature2,0.0202
feature2,0.0864
feature2,0.0
feature2,0.0309
feature2,0.0
feature2,0.0572
feature2,0.0
feature2,0.0
feature2,0.0
feature2,0.1828
feature2,0.0009
feature2,0.0
feature2,0.0
feature2,0.0
feature2,0.0
feature2,0.0
feature2,0.0
feature2,0.0
feature2,0.0
feature2,0.0
feature2,0.0
feature2,0.0
feature2,0.0
feature2,0.0
feature2,0.0217
feature2,0.0508
feature2,0.0
feature2,0.0
feature2,0.0
feature2,0.0101
feature2,0.0
feature2,0.0
feature2,0.0
feature2,0.0
feature2,0.0
feature2,0.0
feature2,0.1805
feature2,0.0
feature2,0.0
feature2,0.0139
feature2,0.0
feature2,0.0
feature2,0.0
feature2,0.0
feature2,0.0
feature2,0.0
feature2,0.0188
feature2,0.0
feature2,0.0
feature2,0.1018
feature2,0.2753
feature2,0.0
feature2,0.027000000000000003
feature2,0.0
feature2,0.0
feature2,0.0
feature2,0.0
feature2,0.0
feature2,0.0
feature2,0.0
feature2,0.0
feature2,0.02
feature2,0.0
feature2,0.0
feature2,0.0
feature2,0.0
feature2,0.0
feature2,0.1117
feature2,0.0
feature2,0.0
feature2,0.0
feature2,0.0
feature2,0.1263
feature2,0.0
feature2,0.0
feature2,0.0
feature2,0.0
feature2,0.0
feature2,0.1428
feature2,0.0
feature2,0.0
feature2,0.0
feature2,0.0
feature2,0.0
feature2,0.0
feature2,0.0653
feature2,0.0795
feature2,0.0
feature2,0.0
feature2,0.0
feature2,0.0
feature2,0.0
feature2,0.0281
feature2,0.0
feature2,0.0
feature2,0.0
feature2,0.0
feature2,0.0
feature2,0.0067
feature2,0.0
feature2,0.0
feature2,0.0
feature2,0.0699
feature2,0.0
feature2,0.0
feature2,0.0
feature2,0.0
feature2,0.0
feature2,0.0
feature2,0.0
feature2,0.0
feature2,0.0115
feature2,0.0
feature2,0.0
feature2,0.0
feature2,0.0
feature2,0.0
feature2,0.1083
feature2,0.0
feature2,0.0
feature2,0.0
feature2,0.0489
feature2,0.0233
feature2,0.0124
feature2,0.0
feature2,0.0
feature2,0.0
feature2,0.0
feature2,0.0
feature2,0.0
feature2,0.0
feature2,0.0
feature2,0.0
feature2,0.0
feature2,0.0
feature2,0.0
feature2,0.0
feature2,0.0
feature2,0.1002
feature2,0.0301
feature2,0.0
feature2,0.0
feature2,0.0265
feature2,0.0
feature2,0.1188
feature2,0.1732
feature2,0.0
feature2,0.0
feature2,0.0
feature2,0.0397
feature2,0.1616
feature2,0.0
feature2,0.0
feature2,0.1128
feature2,0.0
feature2,0.0262
feature2,0.0
feature2,0.0
feature2,0.0
feature2,0.0359
feature2,0.1644
feature2,0.0
feature2,0.0199
feature2,0.0
feature2,0.1495
feature2,0.0
feature2,0.0089
feature2,0.0
feature2,0.0
feature2,0.0
feature2,0.0
feature2,0.0
feature2,0.0
feature2,0.0
feature2,0.0
feature2,0.0
feature2,0.0
feature2,0.1153
feature2,0.0122
feature2,0.0
feature2,0.0
feature2,0.0
feature2,0.0
feature2,0.0
feature2,0.0
feature2,0.0949
feature2,0.0
feature2,0.0
feature2,0.0
feature2,0.0
feature2,0.0
feature2,0.0
feature2,0.0026
feature2,0.0
feature2,0.0
feature2,0.0
feature2,0.0
feature2,0.0
feature2,0.0262
feature2,0.0007
feature2,0.0
feature2,0.0
feature2,0.0
feature2,0.0
feature2,0.0
feature2,0.0
feature2,0.0644
feature2,0.0
feature2,0.0155
feature2,0.0
feature2,0.0
feature2,0.0
feature2,0.0
feature2,0.2253
feature2,0.0
feature2,0.037000000000000005
feature2,0.0613
feature2,0.0
feature2,0.0
feature2,0.0
feature2,0.0
feature2,0.0607
feature2,0.0
feature2,0.0
feature2,0.0
feature2,0.0307
feature2,0.2123
feature2,0.0
feature2,0.0
feature2,0.0
feature2,0.0388
feature2,0.07200000000000001
feature2,0.0498
feature2,0.0
feature2,0.0
feature2,0.0
feature2,0.0786
feature2,0.0
feature2,0.1829
feature2,0.0
feature2,0.1734
feature2,0.1108
feature2,0.0002
feature2,0.0
feature2,0.0
feature2,0.0
feature2,0.0
feature2,0.1642
feature2,0.0
feature2,0.0
feature2,0.0
feature2,0.0
feature2,0.0621
feature2,0.0
feature2,0.0
feature2,0.0452
feature2,0.1164
feature2,0.0
feature2,0.0251
feature2,0.1052
feature2,0.0367
feature2,0.0
feature2,0.0
feature2,0.0036
feature2,0.0
feature2,0.094
feature2,0.0176
feature2,0.0
feature2,0.0096
feature2,0.0
feature2,0.0232
feature2,0.0
feature2,0.0
feature2,0.0
feature2,0.0
feature2,0.0087
feature2,0.0
feature2,0.0
feature2,0.0838
feature2,0.0108
feature2,0.1075
feature2,0.0375
feature2,0.0
feature2,0.0487
feature2,0.0
feature2,0.0
feature2,0.0472
feature2,0.0
feature2,0.0
feature2,0.0
feature2,0.0
feature2,0.0
feature2,0.0
feature2,0.0
feature2,0.0
feature2,0.0
feature2,0.1133
feature2,0.0
feature2,0.0
feature2,0.0365
feature2,0.0094
feature3,0.2199
feature3,1.0
feature3,1.0
feature3,1.0
feature3,0.7956
feature3,0.9999
feature3,1.0
feature3,1.0
feature3,1.0
feature3,1.0
feature3,1.0
feature3,1.0
feature3,1.0
feature3,1.0
feature3,1.0
feature3,1.0
feature3,1.0
feature3,1.0
feature3,1.0
feature3,1.0
feature3,1.0
feature3,1.0
feature3,1.0
feature3,1.0
feature3,1.0
feature3,1.0
feature3,1.0
feature3,0.9885
feature3,1.0
feature3,1.0
feature3,1.0
feature3,1.0
feature3,0.9648
feature3,1.0
feature3,1.0
feature3,0.9983
feature3,1.0
feature3,1.0
feature3,1.0
feature3,1.0
feature3,1.0
feature3,1.0
feature3,1.0
feature3,1.0
feature3,1.0
feature3,1.0
feature3,1.0
feature3,1.0
feature3,1.0
feature3,1.0
feature3,1.0
feature3,1.0
feature3,1.0
feature3,1.0
feature3,1.0
feature3,1.0
feature3,1.0
feature3,1.0
feature3,1.0
feature3,0.6525
feature3,1.0
feature3,1.0
feature3,0.9993
feature3,0.853
feature3,0.9907
feature3,1.0
feature3,1.0
feature3,1.0
feature3,0.9969
feature3,1.0
feature3,1.0
feature3,0.9968
feature3,1.0
feature3,1.0
feature3,0.8104
feature3,1.0
feature3,1.0
feature3,0.9995
feature3,1.0
feature3,0.9969
feature3,1.0
feature3,1.0
feature3,1.0
feature3,1.0
feature3,1.0
feature3,1.0
feature3,1.0
feature3,1.0
feature3,1.0
feature3,1.0
feature3,0.9990000000000001
feature3,1.0
feature3,0.9972
feature3,1.0
feature3,1.0
feature3,1.0
feature3,1.0
feature3,1.0
feature3,1.0
feature3,1.0
feature3,1.0
feature3,0.9909
feature3,1.0
feature3,1.0
feature3,1.0
feature3,1.0
feature3,0.9504
feature3,0.8688
feature3,1.0
feature3,1.0
feature3,1.0
feature3,1.0
feature3,1.0
feature3,0.6939
feature3,1.0
feature3,1.0
feature3,1.0
feature3,1.0
feature3,1.0
feature3,1.0
feature3,1.0
feature3,1.0
feature3,0.9781
feature3,1.0
feature3,1.0
feature3,1.0
feature3,1.0
feature3,1.0
feature3,0.9457
feature3,1.0
feature3,1.0
feature3,1.0
feature3,1.0
feature3,1.0
feature3,1.0
feature3,1.0
feature3,1.0
feature3,1.0
feature3,1.0
feature3,0.9977
feature3,1.0
feature3,0.8339
feature3,1.0
feature3,0.9963
feature3,1.0
feature3,1.0
feature3,1.0
feature3,1.0
feature3,0.9988
feature3,1.0
feature3,1.0
feature3,1.0
feature3,1.0
feature3,1.0
feature3,1.0
feature3,1.0
feature3,1.0
feature3,0.9999
feature3,1.0
feature3,1.0
feature3,0.8401
feature3,1.0
feature3,1.0
feature3,1.0
feature3,1.0
feature3,1.0
feature3,1.0
feature3,0.8459
feature3,1.0
feature3,0.7922
feature3,1.0
feature3,1.0
feature3,1.0
feature3,1.0
feature3,1.0
feature3,1.0
feature3,0.9845
feature3,0.9974
feature3,1.0
feature3,1.0
feature3,1.0
feature3,1.0
feature3,0.951
feature3,1.0
feature3,1.0
feature3,1.0
feature3,1.0
feature3,1.0
feature3,1.0
feature3,1.0
feature3,1.0
feature3,1.0
feature3,1.0
feature3,0.9997
feature3,1.0
feature3,1.0
feature3,1.0
feature3,1.0
feature3,1.0
feature3,1.0
feature3,0.8281
feature3,1.0
feature3,1.0
feature3,1.0
feature3,1.0
feature3,1.0
feature3,1.0
feature3,1.0
feature3,0.9884
feature3,1.0
feature3,1.0
feature3,1.0
feature3,1.0
feature3,1.0
feature3,1.0
feature3,1.0
feature3,1.0
feature3,1.0
feature3,1.0
feature3,1.0
feature3,0.9129999999999999
feature3,1.0
feature3,1.0
feature3,0.9225
feature3,1.0
feature3,1.0
feature3,1.0
feature3,1.0
feature3,1.0
feature3,1.0
feature3,1.0
feature3,0.9986
feature3,1.0
feature3,1.0
feature3,1.0
feature3,1.0
feature3,1.0
feature3,1.0
feature3,1.0
feature3,1.0
feature3,1.0
feature3,0.9995
feature3,1.0
feature3,1.0
feature3,1.0
feature3,1.0
feature3,1.0
feature3,1.0
feature3,1.0
feature3,1.0
feature3,1.0
feature3,1.0
feature3,1.0
feature3,1.0
feature3,1.0
feature3,0.9981
feature3,1.0
feature3,1.0
feature3,1.0
feature3,1.0
feature3,1.0
feature3,1.0
feature3,1.0
feature3,0.9713
feature3,1.0
feature3,0.9963
feature3,1.0
feature3,1.0
feature3,0.7927
feature3,1.0
feature3,1.0
feature3,1.0
feature3,1.0
feature3,1.0
feature3,1.0
feature3,1.0
feature3,1.0
feature3,1.0
feature3,1.0
feature3,1.0
feature3,1.0
feature3,1.0
feature3,1.0
feature3,1.0
feature3,1.0
feature3,1.0
feature3,0.9992
feature3,1.0
feature3,1.0
feature3,1.0
feature3,1.0
feature3,1.0
feature3,1.0
feature3,1.0
feature3,1.0
feature3,0.392
feature3,1.0
feature3,1.0
feature3,1.0
feature3,1.0
feature3,1.0
feature3,0.9942
feature3,1.0
feature3,1.0
feature3,1.0
feature3,1.0
feature3,0.9919
feature3,1.0
feature3,1.0
feature3,1.0
feature3,1.0
feature3,0.9914
feature3,1.0
feature3,1.0
feature3,1.0
feature3,1.0
feature3,1.0
feature3,1.0
feature3,1.0
feature3,1.0
feature3,1.0
feature3,1.0
feature3,1.0
feature3,1.0
feature3,1.0
feature3,1.0
feature3,1.0
feature3,1.0
feature3,1.0
feature3,1.0
feature3,1.0
feature3,1.0
feature3,0.9996
feature3,1.0
feature3,0.9363
feature3,1.0
feature3,1.0
feature3,1.0
feature3,1.0
feature3,0.9937
feature3,1.0
feature3,1.0
feature3,0.8829
feature3,1.0
feature3,1.0
feature3,1.0
feature3,1.0
feature3,1.0
feature3,1.0
feature3,1.0
feature3,1.0
feature3,1.0
feature3,1.0
feature3,1.0
feature3,1.0
feature3,1.0
feature3,1.0
feature3,1.0
feature3,1.0
feature3,1.0
feature3,1.0
feature3,1.0
feature3,1.0
feature3,1.0
feature3,1.0
feature3,1.0
feature3,1.0
feature3,1.0
feature3,1.0
feature3,1.0
feature3,0.9790000000000001
feature3,0.7048
feature3,1.0
feature3,1.0
feature3,1.0
feature3,1.0
feature3,0.6962
feature3,1.0
feature3,1.0
feature3,1.0
feature3,1.0
feature3,1.0
feature3,1.0
feature3,0.9677
feature3,1.0
feature3,1.0
feature3,1.0
feature3,1.0
feature3,1.0
feature3,0.9927
feature3,1.0
feature3,1.0
feature3,1.0
feature3,1.0
feature3,1.0
feature4,1.0
feature4,1.0
feature4,1.0
feature4,1.0
feature4,1.0
feature4,1.0
feature4,1.0
feature4,1.0
feature4,1.0
feature4,1.0
feature4,1.0
feature4,1.0
feature4,1.0
feature4,1.0
feature4,1.0
feature4,1.0
feature4,1.0
feature4,1.0
feature4,1.0
feature4,1.0
feature4,1.0
feature4,1.0
feature4,1.0
feature4,0.4227
feature4,1.0
feature4,1.0
feature4,1.0
feature4,0.6988
feature4,1.0
feature4,1.0
feature4,1.0
feature4,1.0
feature4,1.0
feature4,1.0
feature4,1.0
feature4,1.0
feature4,1.0
feature4,1.0
feature4,1.0
feature4,1.0
feature4,1.0
feature4,1.0
feature4,1.0
feature4,1.0
feature4,1.0
feature4,1.0
feature4,1.0
feature4,1.0
feature4,1.0
feature4,1.0
feature4,1.0
feature4,1.0
feature4,1.0
feature4,1.0
feature4,1.0
feature4,1.0
feature4,1.0
feature4,1.0
feature4,1.0
feature4,1.0
feature4,1.0
feature4,1.0
feature4,1.0
feature4,1.0
feature4,1.0
feature4,1.0
feature4,1.0
feature4,1.0
feature4,1.0
feature4,1.0
feature4,1.0
feature4,1.0
feature4,1.0
feature4,1.0
feature4,1.0
feature4,1.0
feature4,1.0
feature4,1.0
feature4,1.0
feature4,1.0
feature4,1.0
feature4,1.0
feature4,1.0
feature4,1.0
feature4,1.0
feature4,1.0
feature4,1.0
feature4,1.0
feature4,1.0
feature4,1.0
feature4,1.0
feature4,1.0
feature4,1.0
feature4,1.0
feature4,1.0
feature4,1.0
feature4,1.0
feature4,1.0
feature4,1.0
feature4,1.0
feature4,1.0
feature4,1.0
feature4,1.0
feature4,1.0
feature4,1.0
feature4,1.0
feature4,1.0
feature4,1.0
feature4,1.0
feature4,1.0
feature4,1.0
feature4,1.0
feature4,1.0
feature4,1.0
feature4,1.0
feature4,1.0
feature4,1.0
feature4,1.0
feature4,1.0
feature4,1.0
feature4,1.0
feature4,1.0
feature4,1.0
feature4,1.0
feature4,1.0
feature4,1.0
feature4,1.0
feature4,1.0
feature4,1.0
feature4,1.0
feature4,0.479
feature4,1.0
feature4,1.0
feature4,1.0
feature4,1.0
feature4,1.0
feature4,1.0
feature4,1.0
feature4,1.0
feature4,1.0
feature4,1.0
feature4,1.0
feature4,1.0
feature4,1.0
feature4,1.0
feature4,1.0
feature4,1.0
feature4,1.0
feature4,1.0
feature4,1.0
feature4,1.0
feature4,1.0
feature4,1.0
feature4,1.0
feature4,1.0
feature4,1.0
feature4,1.0
feature4,1.0
feature4,1.0
feature4,1.0
feature4,1.0
feature4,1.0
feature4,1.0
feature4,1.0
feature4,1.0
feature4,1.0
feature4,1.0
feature4,1.0
feature4,1.0
feature4,0.9101
feature4,1.0
feature4,1.0
feature4,1.0
feature4,1.0
feature4,1.0
feature4,1.0
feature4,1.0
feature4,1.0
feature4,1.0
feature4,1.0
feature4,1.0
feature4,1.0
feature4,1.0
feature4,1.0
feature4,1.0
feature4,1.0
feature4,1.0
feature4,1.0
feature4,1.0
feature4,1.0
feature4,1.0
feature4,1.0
feature4,1.0
feature4,1.0
feature4,1.0
feature4,1.0
feature4,1.0
feature4,1.0
feature4,1.0
feature4,1.0
feature4,1.0
feature4,1.0
feature4,1.0
feature4,1.0
feature4,1.0
feature4,1.0
feature4,1.0
feature4,1.0
feature4,1.0
feature4,1.0
feature4,1.0
feature4,1.0
feature4,1.0
feature4,1.0
feature4,1.0
feature4,1.0
feature4,1.0
feature4,1.0
feature4,1.0
feature4,1.0
feature4,1.0
feature4,1.0
feature4,1.0
feature4,1.0
feature4,1.0
feature4,1.0
feature4,1.0
feature4,1.0
feature4,1.0
feature4,1.0
feature4,1.0
feature4,1.0
feature4,1.0
feature4,1.0
feature4,1.0
feature4,1.0
feature4,1.0
feature4,1.0
feature4,1.0
feature4,1.0
feature4,1.0
feature4,1.0
feature4,1.0
feature4,1.0
feature4,1.0
feature4,1.0
feature4,1.0
feature4,1.0
feature4,1.0
feature4,1.0
feature4,1.0
feature4,1.0
feature4,1.0
feature4,1.0
feature4,1.0
feature4,1.0
feature4,1.0
feature4,1.0
feature4,1.0
feature4,1.0
feature4,1.0
feature4,1.0
feature4,1.0
feature4,1.0
feature4,1.0
feature4,1.0
feature4,1.0
feature4,1.0
feature4,1.0
feature4,1.0
feature4,1.0
feature4,1.0
feature4,1.0
feature4,1.0
feature4,1.0
feature4,1.0
feature4,1.0
feature4,1.0
feature4,1.0
feature4,1.0
feature4,1.0
feature4,1.0
feature4,1.0
feature4,1.0
feature4,1.0
feature4,1.0
feature4,1.0
feature4,1.0
feature4,1.0
feature4,1.0
feature4,1.0
feature4,1.0
feature4,1.0
feature4,1.0
feature4,1.0
feature4,1.0
feature4,1.0
feature4,1.0
feature4,1.0
feature4,1.0
feature4,1.0
feature4,1.0
feature4,1.0
feature4,1.0
feature4,1.0
feature4,1.0
feature4,1.0
feature4,1.0
feature4,1.0
feature4,1.0
feature4,1.0
feature4,1.0
feature4,1.0
feature4,1.0
feature4,1.0
feature4,1.0
feature4,1.0
feature4,1.0
feature4,1.0
feature4,1.0
feature4,1.0
feature4,1.0
feature4,1.0
feature4,1.0
feature4,1.0
feature4,1.0
feature4,1.0
feature4,1.0
feature4,1.0
feature4,1.0
feature4,1.0
feature4,1.0
feature4,1.0
feature4,1.0
feature4,1.0
feature4,1.0
feature4,1.0
feature4,1.0
feature4,1.0
feature4,1.0
feature4,1.0
feature4,1.0
feature4,1.0
feature4,1.0
feature4,1.0
feature4,1.0
feature4,1.0
feature4,1.0
feature4,0.0
feature4,1.0
feature4,1.0
feature4,1.0
feature4,1.0
feature4,1.0
feature4,1.0
feature4,1.0
feature4,1.0
feature4,1.0
feature4,1.0
feature4,1.0
feature4,1.0
feature4,1.0
feature4,1.0
feature4,1.0
feature4,1.0
feature4,1.0
feature4,1.0
feature4,1.0
feature4,1.0
feature4,1.0
feature4,1.0
feature4,1.0
feature4,1.0
feature4,1.0
feature4,1.0
feature4,1.0
feature4,1.0
feature4,1.0
feature4,1.0
feature4,1.0
feature4,1.0
feature4,1.0
feature4,1.0
feature4,1.0
feature4,1.0
feature4,1.0
feature4,1.0
feature4,1.0
feature4,1.0
feature4,1.0
feature4,1.0
feature4,1.0
feature4,1.0
feature4,1.0
feature4,1.0
feature5,0.9535
feature5,0.2706
feature5,0.0
feature5,0.8178
feature5,0.8474
feature5,0.3709
feature5,0.5017
feature5,0.1013
feature5,0.0
feature5,0.0
feature5,0.1821
feature5,0.0
feature5,0.0
feature5,0.0
feature5,0.4262
feature5,0.0
feature5,0.0
feature5,0.1469
feature5,0.0
feature5,0.0
feature5,0.1019
feature5,0.0
feature5,0.3797
feature5,0.3204
feature5,0.0
feature5,0.0
feature5,0.2643
feature5,0.7685
feature5,0.0
feature5,0.0
feature5,0.0
feature5,0.0122
feature5,0.8223
feature5,0.0
feature5,0.0
feature5,0.7736
feature5,0.0
feature5,0.0989
feature5,0.0
feature5,0.0
feature5,0.4203
feature5,0.0
feature5,0.0
feature5,0.0
feature5,0.0
feature5,0.0
feature5,0.0
feature5,0.0
feature5,0.0
feature5,0.0
feature5,0.0
feature5,0.0
feature5,0.7394
feature5,0.0
feature5,0.0
feature5,0.0715
feature5,0.1508
feature5,0.0
feature5,0.0
feature5,0.1139
feature5,0.1964
feature5,0.3595
feature5,0.2101
feature5,0.8196
feature5,0.2632
feature5,0.0
feature5,0.0714
feature5,0.8273
feature5,0.3663
feature5,0.0
feature5,0.0
feature5,0.3227
feature5,0.3805
feature5,0.0
feature5,0.55
feature5,0.0832
feature5,0.0
feature5,0.5031
feature5,0.0723
feature5,0.2774
feature5,0.0
feature5,0.0
feature5,0.1755
feature5,0.0
feature5,0.3099
feature5,0.0
feature5,0.2589
feature5,0.4779
feature5,0.0
feature5,0.0
feature5,0.4505
feature5,0.0
feature5,0.8434
feature5,0.2278
feature5,0.0
feature5,0.0
feature5,0.0
feature5,0.0
feature5,0.0
feature5,0.0
feature5,0.0
feature5,0.6808
feature5,0.1371
feature5,0.7746
feature5,0.0
feature5,0.0
feature5,0.7332
feature5,0.1658
feature5,0.0
feature5,0.0
feature5,0.3131
feature5,0.32
feature5,0.1835
feature5,0.2405
feature5,0.0
feature5,0.0
feature5,0.0
feature5,0.0
feature5,0.4006
feature5,0.0
feature5,0.0
feature5,0.0628
feature5,0.7499
feature5,0.3858
feature5,0.0
feature5,0.0
feature5,0.2979
feature5,0.0
feature5,0.7792
feature5,0.2216
feature5,0.3952
feature5,0.5382
feature5,0.0
feature5,0.0
feature5,0.2388
feature5,0.0
feature5,0.0487
feature5,0.2805
feature5,0.0
feature5,0.3089
feature5,0.0
feature5,0.5247
feature5,0.2342
feature5,0.7971
feature5,0.8515
feature5,0.0
feature5,0.0
feature5,0.0322
feature5,0.1239
feature5,0.5805
feature5,0.0
feature5,0.0
feature5,0.0825
feature5,0.0
feature5,0.4357
feature5,0.0602
feature5,0.0
feature5,0.6331
feature5,0.0
feature5,0.2377
feature5,0.5206
feature5,0.0
feature5,0.2556
feature5,0.0
feature5,0.0
feature5,0.0732
feature5,0.0
feature5,0.792
feature5,0.0
feature5,0.0
feature5,0.0558
feature5,0.0
feature5,0.0
feature5,0.4013
feature5,0.0
feature5,0.0
feature5,0.2738
feature5,0.0249
feature5,0.3343
feature5,0.0
feature5,0.1646
feature5,0.0
feature5,0.2858
feature5,0.0
feature5,0.0783
feature5,0.6437
feature5,0.6121
feature5,0.6398
feature5,0.0
feature5,0.1124
feature5,0.1013
feature5,0.2295
feature5,0.0
feature5,0.2911
feature5,0.0504
feature5,0.0
feature5,0.0
feature5,0.0
feature5,0.0
feature5,0.062
feature5,0.7782
feature5,0.0
feature5,0.22899999999999998
feature5,0.3525
feature5,0.0
feature5,0.2405
feature5,0.0342
feature5,0.0
feature5,0.7674
feature5,0.0
feature5,0.0
feature5,0.0
feature5,0.0
feature5,0.0611
feature5,0.2789
feature5,0.0
feature5,0.0
feature5,0.0
feature5,0.0199
feature5,0.0
feature5,0.2352
feature5,0.0
feature5,0.0
feature5,0.0
feature5,0.0765
feature5,0.0405
feature5,0.0
feature5,0.0
feature5,0.0
feature5,0.0
feature5,0.0
feature5,0.0478
feature5,0.0611
feature5,0.0
feature5,0.3509
feature5,0.0
feature5,0.0
feature5,0.0
feature5,0.0
feature5,0.4193
feature5,0.0
feature5,0.0
feature5,0.0
feature5,0.0
feature5,0.0
feature5,0.0
feature5,0.2891
feature5,0.0
feature5,0.0
feature5,0.0
feature5,0.0
feature5,0.3369
feature5,0.0914
feature5,0.0
feature5,0.7693
feature5,0.3339
feature5,0.0899
feature5,0.0
feature5,0.0
feature5,0.0
feature5,0.0
feature5,0.5034
feature5,0.4479
feature5,0.8253
feature5,0.0
feature5,0.8264
feature5,0.0
feature5,0.0
feature5,0.7949
feature5,0.0
feature5,0.0
feature5,0.0
feature5,0.0
feature5,0.294
feature5,0.0
feature5,0.1193
feature5,0.0
feature5,0.0663
feature5,0.3945
feature5,0.0
feature5,0.3237
feature5,0.0
feature5,0.0
feature5,0.1193
feature5,0.4643
feature5,0.0
feature5,0.0
feature5,0.2059
feature5,0.0
feature5,0.0
feature5,0.0
feature5,0.1124
feature5,0.0
feature5,0.0
feature5,0.0
feature5,0.5760000000000001
feature5,0.0
feature5,0.1216
feature5,0.2313
feature5,0.0
feature5,0.0
feature5,0.3607
feature5,0.0
feature5,0.0
feature5,0.0
feature5,0.2383
feature5,0.0
feature5,0.7527
feature5,0.0
feature5,0.0766
feature5,0.0
feature5,0.4787
feature5,0.0
feature5,0.2592
feature5,0.0
feature5,0.667
feature5,0.4232
feature5,0.0
feature5,0.035
feature5,0.0
feature5,0.0
feature5,0.1748
feature5,0.6616
feature5,0.0
feature5,0.6142
feature5,0.0
feature5,0.0
feature5,0.0
feature5,0.0
feature5,0.1455
feature5,0.0
feature5,0.0
feature5,0.8201
feature5,0.2979
feature5,0.8474
feature5,0.0
feature5,0.1579
feature5,0.0
feature5,0.0
feature5,0.6269
feature5,0.1162
feature5,0.0
feature5,0.7043
feature5,0.0
feature5,0.0
feature5,0.0558
feature5,0.0971
feature5,0.0
feature5,0.754
feature5,0.0
feature5,0.0
feature5,0.0
feature5,0.0
feature5,0.0
feature5,0.0
feature5,0.1668
feature5,0.5637
feature5,0.0
feature5,0.0
feature5,0.0
feature5,0.0
feature5,0.0
feature5,0.0
feature5,0.0
feature5,0.0
feature5,0.0
feature5,0.0
feature5,0.2743
feature5,0.0
feature5,0.0
feature5,0.7508
feature5,0.4464
feature5,0.0
feature5,0.0
feature5,0.0
feature5,0.2333
feature5,0.469
feature5,0.0
feature5,0.054000000000000006
feature5,0.0
feature5,0.0
feature5,0.5877
feature5,0.0
feature5,0.6079
feature5,0.0
feature5,0.6698
feature5,0.0
feature5,0.0
feature5,0.0151
feature5,0.8501
feature5,0.0
feature5,0.6186
feature5,0.0
feature5,0.0
feature5,0.3984
feature6,1.0
feature6,1.0
feature6,1.0
feature6,0.9763
feature6,0.7879999999999999
feature6,1.0
feature6,1.0
feature6,1.0
feature6,1.0
feature6,1.0
feature6,1.0
feature6,1.0
feature6,1.0
feature6,1.0
feature6,1.0
feature6,1.0
feature6,1.0
feature6,1.0
feature6,1.0
feature6,1.0
feature6,1.0
feature6,1.0
feature6,1.0
feature6,0.98
feature6,1.0
feature6,1.0
feature6,1.0
feature6,0.9896
feature6,1.0
feature6,1.0
feature6,1.0
feature6,1.0
feature6,0.9052
feature6,1.0
feature6,1.0
feature6,0.9322
feature6,1.0
feature6,1.0
feature6,1.0
feature6,1.0
feature6,0.7152
feature6,1.0
feature6,1.0
feature6,1.0
feature6,1.0
feature6,1.0
feature6,1.0
feature6,1.0
feature6,1.0
feature6,1.0
feature6,1.0
feature6,1.0
feature6,1.0
feature6,1.0
feature6,1.0
feature6,1.0
feature6,1.0
feature6,1.0
feature6,1.0
feature6,1.0
feature6,1.0
feature6,1.0
feature6,1.0
feature6,1.0
feature6,0.4879
feature6,1.0
feature6,1.0
feature6,1.0
feature6,1.0
feature6,1.0
feature6,1.0
feature6,1.0
feature6,0.7177
feature6,1.0
feature6,1.0
feature6,1.0
feature6,1.0
feature6,1.0
feature6,1.0
feature6,1.0
feature6,1.0
feature6,1.0
feature6,1.0
feature6,1.0
feature6,1.0
feature6,1.0
feature6,1.0
feature6,1.0
feature6,1.0
feature6,1.0
feature6,0.6923
feature6,1.0
feature6,0.7185
feature6,1.0
feature6,1.0
feature6,1.0
feature6,1.0
feature6,1.0
feature6,1.0
feature6,1.0
feature6,1.0
feature6,0.6079
feature6,1.0
feature6,0.8682
feature6,1.0
feature6,1.0
feature6,0.6946
feature6,0.517
feature6,1.0
feature6,1.0
feature6,1.0
feature6,1.0
feature6,1.0
feature6,1.0
feature6,1.0
feature6,1.0
feature6,1.0
feature6,1.0
feature6,0.9233
feature6,1.0
feature6,1.0
feature6,1.0
feature6,1.0
feature6,1.0
feature6,1.0
feature6,1.0
feature6,0.7626
feature6,1.0
feature6,0.9577
feature6,1.0
feature6,0.9947
feature6,1.0
feature6,1.0
feature6,1.0
feature6,1.0
feature6,1.0
feature6,1.0
feature6,0.72
feature6,1.0
feature6,1.0
feature6,1.0
feature6,1.0
feature6,1.0
feature6,0.8668
feature6,0.9623
feature6,1.0
feature6,1.0
feature6,1.0
feature6,1.0
feature6,1.0
feature6,1.0
feature6,1.0
feature6,1.0
feature6,1.0
feature6,1.0
feature6,1.0
feature6,1.0
feature6,1.0
feature6,1.0
feature6,1.0
feature6,0.6515
feature6,1.0
feature6,1.0
feature6,1.0
feature6,1.0
feature6,1.0
feature6,1.0
feature6,1.0
feature6,1.0
feature6,0.8018
feature6,1.0
feature6,1.0
feature6,1.0
feature6,1.0
feature6,1.0
feature6,1.0
feature6,1.0
feature6,0.8348
feature6,1.0
feature6,1.0
feature6,1.0
feature6,1.0
feature6,1.0
feature6,1.0
feature6,1.0
feature6,1.0
feature6,0.5826
feature6,1.0
feature6,1.0
feature6,1.0
feature6,1.0
feature6,1.0
feature6,1.0
feature6,1.0
feature6,1.0
feature6,1.0
feature6,1.0
feature6,1.0
feature6,1.0
feature6,1.0
feature6,1.0
feature6,1.0
feature6,1.0
feature6,1.0
feature6,1.0
feature6,1.0
feature6,1.0
feature6,1.0
feature6,1.0
feature6,1.0
feature6,1.0
feature6,1.0
feature6,1.0
feature6,1.0
feature6,1.0
feature6,1.0
feature6,1.0
feature6,1.0
feature6,1.0
feature6,1.0
feature6,0.8093
feature6,1.0
feature6,1.0
feature6,1.0
feature6,1.0
feature6,1.0
feature6,1.0
feature6,1.0
feature6,1.0
feature6,1.0
feature6,1.0
feature6,0.7845
feature6,1.0
feature6,1.0
feature6,1.0
feature6,1.0
feature6,1.0
feature6,1.0
feature6,1.0
feature6,0.7673
feature6,1.0
feature6,1.0
feature6,1.0
feature6,1.0
feature6,1.0
feature6,1.0
feature6,1.0
feature6,1.0
feature6,1.0
feature6,1.0
feature6,1.0
feature6,0.7777
feature6,1.0
feature6,1.0
feature6,0.8693
feature6,1.0
feature6,1.0
feature6,1.0
feature6,1.0
feature6,1.0
feature6,1.0
feature6,1.0
feature6,0.5918
feature6,1.0
feature6,1.0
feature6,0.8755
feature6,1.0
feature6,1.0
feature6,0.9966
feature6,1.0
feature6,1.0
feature6,1.0
feature6,1.0
feature6,1.0
feature6,1.0
feature6,1.0
feature6,1.0
feature6,1.0
feature6,1.0
feature6,1.0
feature6,1.0
feature6,1.0
feature6,1.0
feature6,1.0
feature6,1.0
feature6,1.0
feature6,1.0
feature6,1.0
feature6,1.0
feature6,1.0
feature6,1.0
feature6,1.0
feature6,1.0
feature6,1.0
feature6,1.0
feature6,1.0
feature6,1.0
feature6,1.0
feature6,0.8992
feature6,1.0
feature6,1.0
feature6,1.0
feature6,1.0
feature6,1.0
feature6,1.0
feature6,1.0
feature6,1.0
feature6,1.0
feature6,1.0
feature6,1.0
feature6,1.0
feature6,1.0
feature6,1.0
feature6,1.0
feature6,1.0
feature6,0.6845
feature6,1.0
feature6,1.0
feature6,1.0
feature6,1.0
feature6,1.0
feature6,1.0
feature6,1.0
feature6,1.0
feature6,1.0
feature6,1.0
feature6,1.0
feature6,1.0
feature6,1.0
feature6,1.0
feature6,1.0
feature6,1.0
feature6,0.9491
feature6,1.0
feature6,0.9746
feature6,1.0
feature6,1.0
feature6,1.0
feature6,1.0
feature6,1.0
feature6,1.0
feature6,1.0
feature6,0.845
feature6,1.0
feature6,1.0
feature6,1.0
feature6,1.0
feature6,1.0
feature6,0.7378
feature6,1.0
feature6,1.0
feature6,1.0
feature6,1.0
feature6,1.0
feature6,1.0
feature6,1.0
feature6,1.0
feature6,1.0
feature6,1.0
feature6,1.0
feature6,1.0
feature6,1.0
feature6,1.0
feature6,1.0
feature6,1.0
feature6,1.0
feature6,1.0
feature6,1.0
feature6,1.0
feature6,1.0
feature6,0.8587
feature6,0.9212
feature6,1.0
feature6,1.0
feature6,1.0
feature6,1.0
feature6,1.0
feature6,1.0
feature6,1.0
feature6,1.0
feature6,1.0
feature6,1.0
feature6,1.0
feature6,0.6964
feature6,1.0
feature6,0.4677
feature6,1.0
feature6,1.0
feature6,1.0
feature6,1.0
feature6,1.0
feature6,1.0
feature6,1.0
feature6,1.0
feature6,0.8268
