feature,value
feature1,0.0
feature1,0.0
feature1,0.0
feature1,0.2911
feature1,0.0
feature1,0.4075
feature2,0.4219
feature2,0.9281
feature2,0.6764
feature2,0.6319
feature2,0.0
feature2,0.21100000000000002
feature3,0.7979
feature3,1.0
feature3,1.0
feature3,1.0
feature3,0.0
feature3,1.0
feature4,1.0
feature4,0.3468
feature4,0.0387
feature4,0.0
feature4,0.51
feature4,1.0
feature5,0.9951
feature5,0.9535
feature5,0.9694
feature5,0.9982
feature5,0.9753
feature5,0.9428
feature6,1.0
feature6,0.905
feature6,0.9986
feature6,0.9012
feature6,0.9474
feature6,0.8376
