group,variable,value
f1,feature1,1
f1,feature2,-0.1120676059
f1,feature3,0.142089736
f1,feature4,-0.04600315609
f1,feature5,0.05237651135
f1,feature6,0.04893857451

f2,feature1,-0.1120676059
f2,feature2,1
f2,feature3,0.2778187839
f2,feature4,0.1789585054
f2,feature5,0.3943122918
f2,feature6,0.1818805119

f3,feature1,0.142089736
f3,feature2,0.2778187839
f3,feature3,1
f3,feature4,0.3605515392
f3,feature5,0.4678715882
f3,feature6,0.3320850648

f4,feature1,-0.04600315609
f4,feature2,0.1789585054
f4,feature3,0.3605515392
f4,feature4,1
f4,feature5,0.4301186343
f4,feature6,0.7118672359

f5,feature1,0.05237651135
f5,feature2,0.3943122918
f5,feature3,0.4678715882
f5,feature4,0.4301186343
f5,feature5,1
f5,feature6,0.4018949227

f6,feature1,0.04893857451
f6,feature2,0.1818805119
f6,feature3,0.3320850648
f6,feature4,0.7118672359
f6,feature5,0.4018949227
f6,feature6,1