feature_name,mean,q1,median,q3,interQuantileRange,min,max
EQWT_NAM_AVERAGE_ORDER_TO_EXECUTION_TIME,0.116433333,0,0,0.218325,0.218325,0,0.4075
EQWT_NAM_MARKET_SHARE_RATIO,0.478216667,0.263725,0.5269,0.665275,0.40155,0,0.9281
EQWT_NAM_OWS_MARKET_SHARE_RATIO,0.79965,0.848425,1,1,0.151575,0,1
EQWT_NAM_WASH_AVERAGE_VOLUME_RATIO,0.482583333,0.115725,0.4284,0.8775,0.761775,0,1
EQWT_NAM_WASH_VOLUME_DENSITY,0.972383333,0.957475,0.97235,0.99015,0.032675,0.9428,0.9982
EQWT_NAM_WASH_VOLUME_RATIO,0.931633333,0.90215,0.9262,0.9858,0.08365,0.8376,1
