feature_name,mean,q1,median,q3,interQuantileRange,min,max
EQWT_NAM_AVERAGE_ORDER_TO_EXECUTION_TIME,0.771202326,0.6565,0.8605,0.89495,0.23845,0,0.9817
EQWT_NAM_MARKET_SHARE_RATIO,0.070669767,0,0,0,0,0,1
EQWT_NAM_OWS_MARKET_SHARE_RATIO,0.567123256,0.3482,0.5995,0.7822,0.434,0,1
EQWT_NAM_WASH_AVERAGE_VOLUME_RATIO,0.713297674,0.39455,1,1,0.60545,0,1
EQWT_NAM_WASH_VOLUME_DENSITY,0.642709302,0.4449,0.7889,0.88185,0.43695,0,0.9985
EQWT_NAM_WASH_VOLUME_RATIO,0.898218605,0.829,0.992,1,0.171,0.3635,1
