feature_name,mean,q1,median,q3,interQuantileRange,min,max
EQWT_NAM_AVERAGE_ORDER_TO_EXECUTION_TIME,0.060684314,0,0,0,0,0,0.8118
EQWT_NAM_MARKET_SHARE_RATIO,0.237294118,0.149575,0.22,0.28755,0.137975,0,0.7975
EQWT_NAM_OWS_MARKET_SHARE_RATIO,0.618562745,0.4872,0.5804,0.74375,0.25655,0.0452,1
EQWT_NAM_WASH_AVERAGE_VOLUME_RATIO,0.968926471,1,1,1,0,0.0994,1
EQWT_NAM_WASH_VOLUME_DENSITY,0.940995098,0.9266,0.96395,0.983725,0.057125,0.5679,0.9995
EQWT_NAM_WASH_VOLUME_RATIO,0.990112745,1,1,1,0,0.7227,1
