group,variable,value
EQWT_NAM_AVERAGE_ORDER_TO_EXECUTION_TIME,feature1,1
EQWT_NAM_AVERAGE_ORDER_TO_EXECUTION_TIME,feature2,-0.1120676059
EQWT_NAM_AVERAGE_ORDER_TO_EXECUTION_TIME,feature3,0.142089736
EQWT_NAM_AVERAGE_ORDER_TO_EXECUTION_TIME,feature4,-0.04600315609
EQWT_NAM_AVERAGE_ORDER_TO_EXECUTION_TIME,feature5,0.05237651135
EQWT_NAM_AVERAGE_ORDER_TO_EXECUTION_TIME,feature6,0.04893857451
EQWT_NAM_MARKET_SHARE_RATIO,feature1,-0.1120676059
EQWT_NAM_MARKET_SHARE_RATIO,feature2,1
EQWT_NAM_MARKET_SHARE_RATIO,feature3,0.2778187839
EQWT_NAM_MARKET_SHARE_RATIO,feature4,0.1789585054
EQWT_NAM_MARKET_SHARE_RATIO,feature5,0.3943122918
EQWT_NAM_MARKET_SHARE_RATIO,feature6,0.1818805119
EQWT_NAM_OWS_MARKET_SHARE_RATIO,feature1,0.142089736
EQWT_NAM_OWS_MARKET_SHARE_RATIO,feature2,0.2778187839
EQWT_NAM_OWS_MARKET_SHARE_RATIO,feature3,1
EQWT_NAM_OWS_MARKET_SHARE_RATIO,feature4,0.3605515392
EQWT_NAM_OWS_MARKET_SHARE_RATIO,feature5,0.4678715882
EQWT_NAM_OWS_MARKET_SHARE_RATIO,feature6,0.3320850648
EQWT_NAM_WASH_AVERAGE_VOLUME_RATIO,feature1,-0.04600315609
EQWT_NAM_WASH_AVERAGE_VOLUME_RATIO,feature2,0.1789585054
EQWT_NAM_WASH_AVERAGE_VOLUME_RATIO,feature3,0.3605515392
EQWT_NAM_WASH_AVERAGE_VOLUME_RATIO,feature4,1
EQWT_NAM_WASH_AVERAGE_VOLUME_RATIO,feature5,0.4301186343
EQWT_NAM_WASH_AVERAGE_VOLUME_RATIO,feature6,0.7118672359
EQWT_NAM_WASH_VOLUME_DENSITY,feature1,0.05237651135
EQWT_NAM_WASH_VOLUME_DENSITY,feature2,0.3943122918
EQWT_NAM_WASH_VOLUME_DENSITY,feature3,0.4678715882
EQWT_NAM_WASH_VOLUME_DENSITY,feature4,0.4301186343
EQWT_NAM_WASH_VOLUME_DENSITY,feature5,1
EQWT_NAM_WASH_VOLUME_DENSITY,feature6,0.4018949227
EQWT_NAM_WASH_VOLUME_RATIO,feature1,0.04893857451
EQWT_NAM_WASH_VOLUME_RATIO,feature2,0.1818805119
EQWT_NAM_WASH_VOLUME_RATIO,feature3,0.3320850648
EQWT_NAM_WASH_VOLUME_RATIO,feature4,0.7118672359
EQWT_NAM_WASH_VOLUME_RATIO,feature5,0.4018949227
EQWT_NAM_WASH_VOLUME_RATIO,feature6,1