group,variable,value
f1,feature1,1
f1,feature2,-0.09272445112
f1,feature3,0.1228120235
f1,feature4,-0.035770388
f1,feature5,0
f1,feature6,0.0328698714

f2,feature1,-0.09272445112
f2,feature2,1
f2,feature3,0.3410715477
f2,feature4,0.2242824597
f2,feature5,0.3870343435
f2,feature6,0.2368126037

f3,feature1,0.1228120235
f3,feature2,0.3410715477
f3,feature3,1
f3,feature4,0.2921674107
f3,feature5,0.507259519
f3,feature6,0.2318460903

f4,feature1,-0.035770388
f4,feature2,0.2242824597
f4,feature3,0.2921674107
f4,feature4,1
f4,feature5,0.4062239621
f4,feature6,0.7354743551

f5,feature1,0.09393703112
f5,feature2,0.3870343435
f5,feature3,0.507259519
f5,feature4,0.4062239621
f5,feature5,1
f5,feature6,0.4011381035

f6,feature1,0.0328698714
f6,feature2,0.2368126037
f6,feature3,0.2318460903
f6,feature4,0.7354743551
f6,feature5,0.4011381035
f6,feature6,1