group,variable,value
EQWT_NAM_AVERAGE_ORDER_TO_EXECUTION_TIME,feature1,1
EQWT_NAM_AVERAGE_ORDER_TO_EXECUTION_TIME,feature2,-0.09272445112
EQWT_NAM_AVERAGE_ORDER_TO_EXECUTION_TIME,feature3,0.1228120235
EQWT_NAM_AVERAGE_ORDER_TO_EXECUTION_TIME,feature4,-0.035770388
EQWT_NAM_AVERAGE_ORDER_TO_EXECUTION_TIME,feature5,0
EQWT_NAM_AVERAGE_ORDER_TO_EXECUTION_TIME,feature6,0.4011381035
EQWT_NAM_MARKET_SHARE_RATIO,feature1,-0.09272445112
EQWT_NAM_MARKET_SHARE_RATIO,feature2,1
EQWT_NAM_MARKET_SHARE_RATIO,feature3,0.3410715477
EQWT_NAM_MARKET_SHARE_RATIO,feature4,0.2242824597
EQWT_NAM_MARKET_SHARE_RATIO,feature5,0.3870343435
EQWT_NAM_MARKET_SHARE_RATIO,feature6,0.2368126037
EQWT_NAM_OWS_MARKET_SHARE_RATIO,feature1,0.1228120235
EQWT_NAM_OWS_MARKET_SHARE_RATIO,feature2,0.3410715477
EQWT_NAM_OWS_MARKET_SHARE_RATIO,feature3,1
EQWT_NAM_OWS_MARKET_SHARE_RATIO,feature4,0.2921674107
EQWT_NAM_OWS_MARKET_SHARE_RATIO,feature5,0.507259519
EQWT_NAM_OWS_MARKET_SHARE_RATIO,feature6,0.2318460903
EQWT_NAM_WASH_AVERAGE_VOLUME_RATIO,feature1,-0.035770388
EQWT_NAM_WASH_AVERAGE_VOLUME_RATIO,feature2,0.2242824597
EQWT_NAM_WASH_AVERAGE_VOLUME_RATIO,feature3,0.2921674107
EQWT_NAM_WASH_AVERAGE_VOLUME_RATIO,feature4,1
EQWT_NAM_WASH_AVERAGE_VOLUME_RATIO,feature5,0.4062239621
EQWT_NAM_WASH_AVERAGE_VOLUME_RATIO,feature6,0.7354743551
EQWT_NAM_WASH_VOLUME_DENSITY,feature1,0.09393703112
EQWT_NAM_WASH_VOLUME_DENSITY,feature2,0.3870343435
EQWT_NAM_WASH_VOLUME_DENSITY,feature3,0.507259519
EQWT_NAM_WASH_VOLUME_DENSITY,feature4,0.4062239621
EQWT_NAM_WASH_VOLUME_DENSITY,feature5,1
EQWT_NAM_WASH_VOLUME_DENSITY,feature6,0.4011381035
EQWT_NAM_WASH_VOLUME_RATIO,feature1,0.0328698714
EQWT_NAM_WASH_VOLUME_RATIO,feature2,0.2368126037
EQWT_NAM_WASH_VOLUME_RATIO,feature3,0.2318460903
EQWT_NAM_WASH_VOLUME_RATIO,feature4,0.7354743551
EQWT_NAM_WASH_VOLUME_RATIO,feature5,0.4011381035
EQWT_NAM_WASH_VOLUME_RATIO,feature6,1