feature,value
EQWT_NAM_AVERAGE_ORDER_TO_EXECUTION_TIME,0.7729
EQWT_NAM_AVERAGE_ORDER_TO_EXECUTION_TIME,0.7703
EQWT_NAM_AVERAGE_ORDER_TO_EXECUTION_TIME,0.8226
EQWT_NAM_AVERAGE_ORDER_TO_EXECUTION_TIME,0.8186
EQWT_NAM_AVERAGE_ORDER_TO_EXECUTION_TIME,0.8446
EQWT_NAM_AVERAGE_ORDER_TO_EXECUTION_TIME,0.7759999999999999
EQWT_NAM_AVERAGE_ORDER_TO_EXECUTION_TIME,0.6434
EQWT_NAM_AVERAGE_ORDER_TO_EXECUTION_TIME,0.6794
EQWT_NAM_AVERAGE_ORDER_TO_EXECUTION_TIME,0.6137
EQWT_NAM_AVERAGE_ORDER_TO_EXECUTION_TIME,0.782
EQWT_NAM_AVERAGE_ORDER_TO_EXECUTION_TIME,0.0
EQWT_NAM_AVERAGE_ORDER_TO_EXECUTION_TIME,0.9426
EQWT_NAM_AVERAGE_ORDER_TO_EXECUTION_TIME,0.919
EQWT_NAM_AVERAGE_ORDER_TO_EXECUTION_TIME,0.0
EQWT_NAM_AVERAGE_ORDER_TO_EXECUTION_TIME,0.3503
EQWT_NAM_AVERAGE_ORDER_TO_EXECUTION_TIME,0.483
EQWT_NAM_AVERAGE_ORDER_TO_EXECUTION_TIME,0.4869
EQWT_NAM_AVERAGE_ORDER_TO_EXECUTION_TIME,0.8557
EQWT_NAM_AVERAGE_ORDER_TO_EXECUTION_TIME,0.8288
EQWT_NAM_AVERAGE_ORDER_TO_EXECUTION_TIME,0.5259
EQWT_NAM_AVERAGE_ORDER_TO_EXECUTION_TIME,0.8002
EQWT_NAM_AVERAGE_ORDER_TO_EXECUTION_TIME,0.9186
EQWT_NAM_AVERAGE_ORDER_TO_EXECUTION_TIME,0.8513
EQWT_NAM_AVERAGE_ORDER_TO_EXECUTION_TIME,0.9172
EQWT_NAM_AVERAGE_ORDER_TO_EXECUTION_TIME,0.7842
EQWT_NAM_AVERAGE_ORDER_TO_EXECUTION_TIME,0.8786
EQWT_NAM_AVERAGE_ORDER_TO_EXECUTION_TIME,0.4744
EQWT_NAM_AVERAGE_ORDER_TO_EXECUTION_TIME,0.4968
EQWT_NAM_AVERAGE_ORDER_TO_EXECUTION_TIME,0.8058
EQWT_NAM_AVERAGE_ORDER_TO_EXECUTION_TIME,0.6923
EQWT_NAM_AVERAGE_ORDER_TO_EXECUTION_TIME,0.4511
EQWT_NAM_AVERAGE_ORDER_TO_EXECUTION_TIME,0.6986
EQWT_NAM_AVERAGE_ORDER_TO_EXECUTION_TIME,0.7017
EQWT_NAM_AVERAGE_ORDER_TO_EXECUTION_TIME,0.787
EQWT_NAM_AVERAGE_ORDER_TO_EXECUTION_TIME,0.5305
EQWT_NAM_AVERAGE_ORDER_TO_EXECUTION_TIME,0.5003
EQWT_NAM_AVERAGE_ORDER_TO_EXECUTION_TIME,0.8086
EQWT_NAM_AVERAGE_ORDER_TO_EXECUTION_TIME,0.7869
EQWT_NAM_AVERAGE_ORDER_TO_EXECUTION_TIME,0.2538
EQWT_NAM_AVERAGE_ORDER_TO_EXECUTION_TIME,0.5983
EQWT_NAM_AVERAGE_ORDER_TO_EXECUTION_TIME,0.7513
EQWT_NAM_AVERAGE_ORDER_TO_EXECUTION_TIME,0.7893
EQWT_NAM_AVERAGE_ORDER_TO_EXECUTION_TIME,0.7786
EQWT_NAM_AVERAGE_ORDER_TO_EXECUTION_TIME,0.7357
EQWT_NAM_AVERAGE_ORDER_TO_EXECUTION_TIME,0.7826
EQWT_NAM_AVERAGE_ORDER_TO_EXECUTION_TIME,0.8236
EQWT_NAM_AVERAGE_ORDER_TO_EXECUTION_TIME,0.5669
EQWT_NAM_AVERAGE_ORDER_TO_EXECUTION_TIME,0.9688
EQWT_NAM_AVERAGE_ORDER_TO_EXECUTION_TIME,0.6878
EQWT_NAM_AVERAGE_ORDER_TO_EXECUTION_TIME,0.8448
EQWT_NAM_AVERAGE_ORDER_TO_EXECUTION_TIME,0.8354
EQWT_NAM_AVERAGE_ORDER_TO_EXECUTION_TIME,0.8114
EQWT_NAM_AVERAGE_ORDER_TO_EXECUTION_TIME,0.8368
EQWT_NAM_AVERAGE_ORDER_TO_EXECUTION_TIME,0.7664
EQWT_NAM_AVERAGE_ORDER_TO_EXECUTION_TIME,0.6738
EQWT_NAM_AVERAGE_ORDER_TO_EXECUTION_TIME,0.5682
EQWT_NAM_AVERAGE_ORDER_TO_EXECUTION_TIME,0.6686
EQWT_NAM_AVERAGE_ORDER_TO_EXECUTION_TIME,0.882
EQWT_NAM_AVERAGE_ORDER_TO_EXECUTION_TIME,0.915
EQWT_NAM_AVERAGE_ORDER_TO_EXECUTION_TIME,0.917
EQWT_NAM_AVERAGE_ORDER_TO_EXECUTION_TIME,0.6192
EQWT_NAM_AVERAGE_ORDER_TO_EXECUTION_TIME,0.8794
EQWT_NAM_AVERAGE_ORDER_TO_EXECUTION_TIME,0.8224
EQWT_NAM_AVERAGE_ORDER_TO_EXECUTION_TIME,0.7616
EQWT_NAM_AVERAGE_ORDER_TO_EXECUTION_TIME,0.8604
EQWT_NAM_AVERAGE_ORDER_TO_EXECUTION_TIME,0.7959
EQWT_NAM_AVERAGE_ORDER_TO_EXECUTION_TIME,0.8137
EQWT_NAM_AVERAGE_ORDER_TO_EXECUTION_TIME,0.5315
EQWT_NAM_AVERAGE_ORDER_TO_EXECUTION_TIME,0.7161
EQWT_NAM_AVERAGE_ORDER_TO_EXECUTION_TIME,0.5132
EQWT_NAM_AVERAGE_ORDER_TO_EXECUTION_TIME,0.7458
EQWT_NAM_AVERAGE_ORDER_TO_EXECUTION_TIME,0.932
EQWT_NAM_AVERAGE_ORDER_TO_EXECUTION_TIME,0.6149
EQWT_NAM_AVERAGE_ORDER_TO_EXECUTION_TIME,0.8491
EQWT_NAM_AVERAGE_ORDER_TO_EXECUTION_TIME,0.7887
EQWT_NAM_AVERAGE_ORDER_TO_EXECUTION_TIME,0.883
EQWT_NAM_AVERAGE_ORDER_TO_EXECUTION_TIME,0.6338
EQWT_NAM_AVERAGE_ORDER_TO_EXECUTION_TIME,0.7782
EQWT_NAM_AVERAGE_ORDER_TO_EXECUTION_TIME,0.7573
EQWT_NAM_AVERAGE_ORDER_TO_EXECUTION_TIME,0.6028
EQWT_NAM_AVERAGE_ORDER_TO_EXECUTION_TIME,0.9045
EQWT_NAM_MARKET_SHARE_RATIO,0.0
EQWT_NAM_MARKET_SHARE_RATIO,0.0
EQWT_NAM_MARKET_SHARE_RATIO,0.0
EQWT_NAM_MARKET_SHARE_RATIO,0.0
EQWT_NAM_MARKET_SHARE_RATIO,0.0
EQWT_NAM_MARKET_SHARE_RATIO,0.0
EQWT_NAM_MARKET_SHARE_RATIO,0.0
EQWT_NAM_MARKET_SHARE_RATIO,0.0
EQWT_NAM_MARKET_SHARE_RATIO,0.0
EQWT_NAM_MARKET_SHARE_RATIO,0.0
EQWT_NAM_MARKET_SHARE_RATIO,0.3191
EQWT_NAM_MARKET_SHARE_RATIO,0.0
EQWT_NAM_MARKET_SHARE_RATIO,0.0
EQWT_NAM_MARKET_SHARE_RATIO,0.7761
EQWT_NAM_MARKET_SHARE_RATIO,0.0
EQWT_NAM_MARKET_SHARE_RATIO,0.0
EQWT_NAM_MARKET_SHARE_RATIO,0.0
EQWT_NAM_MARKET_SHARE_RATIO,0.0
EQWT_NAM_MARKET_SHARE_RATIO,0.0
EQWT_NAM_MARKET_SHARE_RATIO,0.0
EQWT_NAM_MARKET_SHARE_RATIO,0.0
EQWT_NAM_MARKET_SHARE_RATIO,0.0
EQWT_NAM_MARKET_SHARE_RATIO,0.0
EQWT_NAM_MARKET_SHARE_RATIO,0.0
EQWT_NAM_MARKET_SHARE_RATIO,0.0
EQWT_NAM_MARKET_SHARE_RATIO,0.0
EQWT_NAM_MARKET_SHARE_RATIO,0.0
EQWT_NAM_MARKET_SHARE_RATIO,0.0
EQWT_NAM_MARKET_SHARE_RATIO,0.0
EQWT_NAM_MARKET_SHARE_RATIO,0.0
EQWT_NAM_MARKET_SHARE_RATIO,0.1387
EQWT_NAM_MARKET_SHARE_RATIO,0.0
EQWT_NAM_MARKET_SHARE_RATIO,0.0
EQWT_NAM_MARKET_SHARE_RATIO,0.0
EQWT_NAM_MARKET_SHARE_RATIO,0.0
EQWT_NAM_MARKET_SHARE_RATIO,0.0
EQWT_NAM_MARKET_SHARE_RATIO,0.0
EQWT_NAM_MARKET_SHARE_RATIO,0.0
EQWT_NAM_MARKET_SHARE_RATIO,0.182
EQWT_NAM_MARKET_SHARE_RATIO,0.077
EQWT_NAM_MARKET_SHARE_RATIO,0.0
EQWT_NAM_MARKET_SHARE_RATIO,0.0
EQWT_NAM_MARKET_SHARE_RATIO,0.0
EQWT_NAM_MARKET_SHARE_RATIO,0.0
EQWT_NAM_MARKET_SHARE_RATIO,0.0
EQWT_NAM_MARKET_SHARE_RATIO,0.0107
EQWT_NAM_MARKET_SHARE_RATIO,0.0
EQWT_NAM_MARKET_SHARE_RATIO,0.0
EQWT_NAM_MARKET_SHARE_RATIO,0.3651
EQWT_NAM_MARKET_SHARE_RATIO,0.0
EQWT_NAM_MARKET_SHARE_RATIO,0.0
EQWT_NAM_MARKET_SHARE_RATIO,0.0
EQWT_NAM_MARKET_SHARE_RATIO,0.0
EQWT_NAM_MARKET_SHARE_RATIO,0.0
EQWT_NAM_MARKET_SHARE_RATIO,0.0
EQWT_NAM_MARKET_SHARE_RATIO,0.0
EQWT_NAM_MARKET_SHARE_RATIO,0.0
EQWT_NAM_MARKET_SHARE_RATIO,0.0
EQWT_NAM_MARKET_SHARE_RATIO,0.0
EQWT_NAM_MARKET_SHARE_RATIO,0.0
EQWT_NAM_MARKET_SHARE_RATIO,0.0
EQWT_NAM_MARKET_SHARE_RATIO,0.0
EQWT_NAM_MARKET_SHARE_RATIO,0.0
EQWT_NAM_MARKET_SHARE_RATIO,0.0
EQWT_NAM_MARKET_SHARE_RATIO,0.0
EQWT_NAM_MARKET_SHARE_RATIO,0.0
EQWT_NAM_MARKET_SHARE_RATIO,0.0
EQWT_NAM_MARKET_SHARE_RATIO,0.0327
EQWT_NAM_MARKET_SHARE_RATIO,0.0
EQWT_NAM_MARKET_SHARE_RATIO,0.0
EQWT_NAM_MARKET_SHARE_RATIO,0.0
EQWT_NAM_MARKET_SHARE_RATIO,0.0003
EQWT_NAM_MARKET_SHARE_RATIO,0.0
EQWT_NAM_MARKET_SHARE_RATIO,0.0
EQWT_NAM_MARKET_SHARE_RATIO,0.0
EQWT_NAM_MARKET_SHARE_RATIO,0.0
EQWT_NAM_MARKET_SHARE_RATIO,0.0
EQWT_NAM_MARKET_SHARE_RATIO,0.0
EQWT_NAM_MARKET_SHARE_RATIO,0.0
EQWT_NAM_MARKET_SHARE_RATIO,0.0
EQWT_NAM_MARKET_SHARE_RATIO,0.0
EQWT_NAM_OWS_MARKET_SHARE_RATIO,0.5465
EQWT_NAM_OWS_MARKET_SHARE_RATIO,0.4204
EQWT_NAM_OWS_MARKET_SHARE_RATIO,0.5720000000000001
EQWT_NAM_OWS_MARKET_SHARE_RATIO,0.3952
EQWT_NAM_OWS_MARKET_SHARE_RATIO,0.5592
EQWT_NAM_OWS_MARKET_SHARE_RATIO,0.6427
EQWT_NAM_OWS_MARKET_SHARE_RATIO,1.0
EQWT_NAM_OWS_MARKET_SHARE_RATIO,1.0
EQWT_NAM_OWS_MARKET_SHARE_RATIO,0.0716
EQWT_NAM_OWS_MARKET_SHARE_RATIO,1.0
EQWT_NAM_OWS_MARKET_SHARE_RATIO,0.7782
EQWT_NAM_OWS_MARKET_SHARE_RATIO,0.1377
EQWT_NAM_OWS_MARKET_SHARE_RATIO,0.4308
EQWT_NAM_OWS_MARKET_SHARE_RATIO,1.0
EQWT_NAM_OWS_MARKET_SHARE_RATIO,0.9889
EQWT_NAM_OWS_MARKET_SHARE_RATIO,0.8340000000000001
EQWT_NAM_OWS_MARKET_SHARE_RATIO,0.9012
EQWT_NAM_OWS_MARKET_SHARE_RATIO,1.0
EQWT_NAM_OWS_MARKET_SHARE_RATIO,0.0
EQWT_NAM_OWS_MARKET_SHARE_RATIO,1.0
EQWT_NAM_OWS_MARKET_SHARE_RATIO,0.6207
EQWT_NAM_OWS_MARKET_SHARE_RATIO,0.4245
EQWT_NAM_OWS_MARKET_SHARE_RATIO,0.0
EQWT_NAM_OWS_MARKET_SHARE_RATIO,0.9492
EQWT_NAM_OWS_MARKET_SHARE_RATIO,0.8662
EQWT_NAM_OWS_MARKET_SHARE_RATIO,0.6832
EQWT_NAM_OWS_MARKET_SHARE_RATIO,0.9828
EQWT_NAM_OWS_MARKET_SHARE_RATIO,1.0
EQWT_NAM_OWS_MARKET_SHARE_RATIO,0.0
EQWT_NAM_OWS_MARKET_SHARE_RATIO,0.0205
EQWT_NAM_OWS_MARKET_SHARE_RATIO,0.4897
EQWT_NAM_OWS_MARKET_SHARE_RATIO,0.3565
EQWT_NAM_OWS_MARKET_SHARE_RATIO,1.0
EQWT_NAM_OWS_MARKET_SHARE_RATIO,0.1128
EQWT_NAM_OWS_MARKET_SHARE_RATIO,0.2166
EQWT_NAM_OWS_MARKET_SHARE_RATIO,0.2874
EQWT_NAM_OWS_MARKET_SHARE_RATIO,0.5189
EQWT_NAM_OWS_MARKET_SHARE_RATIO,0.1551
EQWT_NAM_OWS_MARKET_SHARE_RATIO,0.5379
EQWT_NAM_OWS_MARKET_SHARE_RATIO,0.3939
EQWT_NAM_OWS_MARKET_SHARE_RATIO,0.132
EQWT_NAM_OWS_MARKET_SHARE_RATIO,0.1484
EQWT_NAM_OWS_MARKET_SHARE_RATIO,0.0466
EQWT_NAM_OWS_MARKET_SHARE_RATIO,0.9059999999999999
EQWT_NAM_OWS_MARKET_SHARE_RATIO,0.3572
EQWT_NAM_OWS_MARKET_SHARE_RATIO,0.9836
EQWT_NAM_OWS_MARKET_SHARE_RATIO,1.0
EQWT_NAM_OWS_MARKET_SHARE_RATIO,1.0
EQWT_NAM_OWS_MARKET_SHARE_RATIO,0.3547
EQWT_NAM_OWS_MARKET_SHARE_RATIO,0.7582
EQWT_NAM_OWS_MARKET_SHARE_RATIO,0.7607
EQWT_NAM_OWS_MARKET_SHARE_RATIO,0.8217
EQWT_NAM_OWS_MARKET_SHARE_RATIO,0.442
EQWT_NAM_OWS_MARKET_SHARE_RATIO,0.9883
EQWT_NAM_OWS_MARKET_SHARE_RATIO,0.9464
EQWT_NAM_OWS_MARKET_SHARE_RATIO,0.3154
EQWT_NAM_OWS_MARKET_SHARE_RATIO,0.5738
EQWT_NAM_OWS_MARKET_SHARE_RATIO,0.8166
EQWT_NAM_OWS_MARKET_SHARE_RATIO,0.8554
EQWT_NAM_OWS_MARKET_SHARE_RATIO,0.6226
EQWT_NAM_OWS_MARKET_SHARE_RATIO,0.9263
EQWT_NAM_OWS_MARKET_SHARE_RATIO,0.8148
EQWT_NAM_OWS_MARKET_SHARE_RATIO,0.5608
EQWT_NAM_OWS_MARKET_SHARE_RATIO,0.7757
EQWT_NAM_OWS_MARKET_SHARE_RATIO,0.7802
EQWT_NAM_OWS_MARKET_SHARE_RATIO,0.7489
EQWT_NAM_OWS_MARKET_SHARE_RATIO,0.8577
EQWT_NAM_OWS_MARKET_SHARE_RATIO,0.3723
EQWT_NAM_OWS_MARKET_SHARE_RATIO,0.8172
EQWT_NAM_OWS_MARKET_SHARE_RATIO,0.2797
EQWT_NAM_OWS_MARKET_SHARE_RATIO,0.2349
EQWT_NAM_OWS_MARKET_SHARE_RATIO,0.7213
EQWT_NAM_OWS_MARKET_SHARE_RATIO,1.0
EQWT_NAM_OWS_MARKET_SHARE_RATIO,0.1538
EQWT_NAM_OWS_MARKET_SHARE_RATIO,0.0
EQWT_NAM_OWS_MARKET_SHARE_RATIO,0.0532
EQWT_NAM_OWS_MARKET_SHARE_RATIO,0.2748
EQWT_NAM_OWS_MARKET_SHARE_RATIO,0.0266
EQWT_NAM_OWS_MARKET_SHARE_RATIO,0.5566
EQWT_NAM_OWS_MARKET_SHARE_RATIO,0.1468
EQWT_NAM_OWS_MARKET_SHARE_RATIO,0.7489
EQWT_NAM_WASH_AVERAGE_VOLUME_RATIO,1.0
EQWT_NAM_WASH_AVERAGE_VOLUME_RATIO,1.0
EQWT_NAM_WASH_AVERAGE_VOLUME_RATIO,1.0
EQWT_NAM_WASH_AVERAGE_VOLUME_RATIO,0.8448
EQWT_NAM_WASH_AVERAGE_VOLUME_RATIO,1.0
EQWT_NAM_WASH_AVERAGE_VOLUME_RATIO,1.0
EQWT_NAM_WASH_AVERAGE_VOLUME_RATIO,1.0
EQWT_NAM_WASH_AVERAGE_VOLUME_RATIO,1.0
EQWT_NAM_WASH_AVERAGE_VOLUME_RATIO,1.0
EQWT_NAM_WASH_AVERAGE_VOLUME_RATIO,1.0
EQWT_NAM_WASH_AVERAGE_VOLUME_RATIO,1.0
EQWT_NAM_WASH_AVERAGE_VOLUME_RATIO,1.0
EQWT_NAM_WASH_AVERAGE_VOLUME_RATIO,1.0
EQWT_NAM_WASH_AVERAGE_VOLUME_RATIO,0.4211
EQWT_NAM_WASH_AVERAGE_VOLUME_RATIO,1.0
EQWT_NAM_WASH_AVERAGE_VOLUME_RATIO,1.0
EQWT_NAM_WASH_AVERAGE_VOLUME_RATIO,1.0
EQWT_NAM_WASH_AVERAGE_VOLUME_RATIO,0.248
EQWT_NAM_WASH_AVERAGE_VOLUME_RATIO,1.0
EQWT_NAM_WASH_AVERAGE_VOLUME_RATIO,1.0
EQWT_NAM_WASH_AVERAGE_VOLUME_RATIO,1.0
EQWT_NAM_WASH_AVERAGE_VOLUME_RATIO,1.0
EQWT_NAM_WASH_AVERAGE_VOLUME_RATIO,1.0
EQWT_NAM_WASH_AVERAGE_VOLUME_RATIO,1.0
EQWT_NAM_WASH_AVERAGE_VOLUME_RATIO,1.0
EQWT_NAM_WASH_AVERAGE_VOLUME_RATIO,1.0
EQWT_NAM_WASH_AVERAGE_VOLUME_RATIO,1.0
EQWT_NAM_WASH_AVERAGE_VOLUME_RATIO,1.0
EQWT_NAM_WASH_AVERAGE_VOLUME_RATIO,1.0
EQWT_NAM_WASH_AVERAGE_VOLUME_RATIO,1.0
EQWT_NAM_WASH_AVERAGE_VOLUME_RATIO,1.0
EQWT_NAM_WASH_AVERAGE_VOLUME_RATIO,1.0
EQWT_NAM_WASH_AVERAGE_VOLUME_RATIO,1.0
EQWT_NAM_WASH_AVERAGE_VOLUME_RATIO,1.0
EQWT_NAM_WASH_AVERAGE_VOLUME_RATIO,1.0
EQWT_NAM_WASH_AVERAGE_VOLUME_RATIO,1.0
EQWT_NAM_WASH_AVERAGE_VOLUME_RATIO,1.0
EQWT_NAM_WASH_AVERAGE_VOLUME_RATIO,1.0
EQWT_NAM_WASH_AVERAGE_VOLUME_RATIO,1.0
EQWT_NAM_WASH_AVERAGE_VOLUME_RATIO,1.0
EQWT_NAM_WASH_AVERAGE_VOLUME_RATIO,1.0
EQWT_NAM_WASH_AVERAGE_VOLUME_RATIO,1.0
EQWT_NAM_WASH_AVERAGE_VOLUME_RATIO,1.0
EQWT_NAM_WASH_AVERAGE_VOLUME_RATIO,0.2993
EQWT_NAM_WASH_AVERAGE_VOLUME_RATIO,1.0
EQWT_NAM_WASH_AVERAGE_VOLUME_RATIO,0.0667
EQWT_NAM_WASH_AVERAGE_VOLUME_RATIO,1.0
EQWT_NAM_WASH_AVERAGE_VOLUME_RATIO,1.0
EQWT_NAM_WASH_AVERAGE_VOLUME_RATIO,1.0
EQWT_NAM_WASH_AVERAGE_VOLUME_RATIO,1.0
EQWT_NAM_WASH_AVERAGE_VOLUME_RATIO,1.0
EQWT_NAM_WASH_AVERAGE_VOLUME_RATIO,0.3309
EQWT_NAM_WASH_AVERAGE_VOLUME_RATIO,1.0
EQWT_NAM_WASH_AVERAGE_VOLUME_RATIO,1.0
EQWT_NAM_WASH_AVERAGE_VOLUME_RATIO,1.0
EQWT_NAM_WASH_AVERAGE_VOLUME_RATIO,1.0
EQWT_NAM_WASH_AVERAGE_VOLUME_RATIO,1.0
EQWT_NAM_WASH_AVERAGE_VOLUME_RATIO,1.0
EQWT_NAM_WASH_AVERAGE_VOLUME_RATIO,1.0
EQWT_NAM_WASH_AVERAGE_VOLUME_RATIO,1.0
EQWT_NAM_WASH_AVERAGE_VOLUME_RATIO,1.0
EQWT_NAM_WASH_AVERAGE_VOLUME_RATIO,1.0
EQWT_NAM_WASH_AVERAGE_VOLUME_RATIO,1.0
EQWT_NAM_WASH_AVERAGE_VOLUME_RATIO,1.0
EQWT_NAM_WASH_AVERAGE_VOLUME_RATIO,1.0
EQWT_NAM_WASH_AVERAGE_VOLUME_RATIO,1.0
EQWT_NAM_WASH_AVERAGE_VOLUME_RATIO,0.2387
EQWT_NAM_WASH_AVERAGE_VOLUME_RATIO,1.0
EQWT_NAM_WASH_AVERAGE_VOLUME_RATIO,0.244
EQWT_NAM_WASH_AVERAGE_VOLUME_RATIO,0.5458
EQWT_NAM_WASH_AVERAGE_VOLUME_RATIO,1.0
EQWT_NAM_WASH_AVERAGE_VOLUME_RATIO,0.0
EQWT_NAM_WASH_AVERAGE_VOLUME_RATIO,1.0
EQWT_NAM_WASH_AVERAGE_VOLUME_RATIO,1.0
EQWT_NAM_WASH_AVERAGE_VOLUME_RATIO,1.0
EQWT_NAM_WASH_AVERAGE_VOLUME_RATIO,0.4588
EQWT_NAM_WASH_AVERAGE_VOLUME_RATIO,1.0
EQWT_NAM_WASH_AVERAGE_VOLUME_RATIO,1.0
EQWT_NAM_WASH_AVERAGE_VOLUME_RATIO,1.0
EQWT_NAM_WASH_AVERAGE_VOLUME_RATIO,0.2452
EQWT_NAM_WASH_AVERAGE_VOLUME_RATIO,1.0
EQWT_NAM_WASH_VOLUME_DENSITY,0.0
EQWT_NAM_WASH_VOLUME_DENSITY,0.5833
EQWT_NAM_WASH_VOLUME_DENSITY,0.1667
EQWT_NAM_WASH_VOLUME_DENSITY,0.4444
EQWT_NAM_WASH_VOLUME_DENSITY,0.0
EQWT_NAM_WASH_VOLUME_DENSITY,0.1667
EQWT_NAM_WASH_VOLUME_DENSITY,0.0934
EQWT_NAM_WASH_VOLUME_DENSITY,0.4944
EQWT_NAM_WASH_VOLUME_DENSITY,0.8202
EQWT_NAM_WASH_VOLUME_DENSITY,0.6429
EQWT_NAM_WASH_VOLUME_DENSITY,0.6673
EQWT_NAM_WASH_VOLUME_DENSITY,0.33299999999999996
EQWT_NAM_WASH_VOLUME_DENSITY,0.3319
EQWT_NAM_WASH_VOLUME_DENSITY,0.7963
EQWT_NAM_WASH_VOLUME_DENSITY,0.0
EQWT_NAM_WASH_VOLUME_DENSITY,0.0
EQWT_NAM_WASH_VOLUME_DENSITY,0.0
EQWT_NAM_WASH_VOLUME_DENSITY,0.4652
EQWT_NAM_WASH_VOLUME_DENSITY,0.5407
EQWT_NAM_WASH_VOLUME_DENSITY,0.0
EQWT_NAM_WASH_VOLUME_DENSITY,0.7182
EQWT_NAM_WASH_VOLUME_DENSITY,0.0
EQWT_NAM_WASH_VOLUME_DENSITY,0.0
EQWT_NAM_WASH_VOLUME_DENSITY,0.8006
EQWT_NAM_WASH_VOLUME_DENSITY,0.7229
EQWT_NAM_WASH_VOLUME_DENSITY,0.5218
EQWT_NAM_WASH_VOLUME_DENSITY,0.0
EQWT_NAM_WASH_VOLUME_DENSITY,0.0
EQWT_NAM_WASH_VOLUME_DENSITY,0.7718
EQWT_NAM_WASH_VOLUME_DENSITY,0.6545
EQWT_NAM_WASH_VOLUME_DENSITY,0.7029
EQWT_NAM_WASH_VOLUME_DENSITY,0.7368
EQWT_NAM_WASH_VOLUME_DENSITY,0.6055
EQWT_NAM_WASH_VOLUME_DENSITY,0.6667
EQWT_NAM_WASH_VOLUME_DENSITY,0.5686
EQWT_NAM_WASH_VOLUME_DENSITY,0.546
EQWT_NAM_WASH_VOLUME_DENSITY,0.5716
EQWT_NAM_WASH_VOLUME_DENSITY,0.3965
EQWT_NAM_WASH_VOLUME_DENSITY,0.5676
EQWT_NAM_WASH_VOLUME_DENSITY,0.4621
EQWT_NAM_WASH_VOLUME_DENSITY,0.7945
EQWT_NAM_WASH_VOLUME_DENSITY,0.5438
EQWT_NAM_WASH_VOLUME_DENSITY,0.614
EQWT_NAM_WASH_VOLUME_DENSITY,0.7402
EQWT_NAM_WASH_VOLUME_DENSITY,0.8207
EQWT_NAM_WASH_VOLUME_DENSITY,0.545
EQWT_NAM_WASH_VOLUME_DENSITY,0.41200000000000003
EQWT_NAM_WASH_VOLUME_DENSITY,0.0
EQWT_NAM_WASH_VOLUME_DENSITY,0.1477
EQWT_NAM_WASH_VOLUME_DENSITY,0.6314
EQWT_NAM_WASH_VOLUME_DENSITY,0.4647
EQWT_NAM_WASH_VOLUME_DENSITY,0.8043
EQWT_NAM_WASH_VOLUME_DENSITY,0.7051
EQWT_NAM_WASH_VOLUME_DENSITY,0.6189
EQWT_NAM_WASH_VOLUME_DENSITY,0.639
EQWT_NAM_WASH_VOLUME_DENSITY,0.7219
EQWT_NAM_WASH_VOLUME_DENSITY,0.4701
EQWT_NAM_WASH_VOLUME_DENSITY,0.2481
EQWT_NAM_WASH_VOLUME_DENSITY,0.6124
EQWT_NAM_WASH_VOLUME_DENSITY,0.0
EQWT_NAM_WASH_VOLUME_DENSITY,0.5963
EQWT_NAM_WASH_VOLUME_DENSITY,0.3511
EQWT_NAM_WASH_VOLUME_DENSITY,0.7568
EQWT_NAM_WASH_VOLUME_DENSITY,0.2212
EQWT_NAM_WASH_VOLUME_DENSITY,0.3699
EQWT_NAM_WASH_VOLUME_DENSITY,0.2181
EQWT_NAM_WASH_VOLUME_DENSITY,0.7723
EQWT_NAM_WASH_VOLUME_DENSITY,0.7981
EQWT_NAM_WASH_VOLUME_DENSITY,0.6289
EQWT_NAM_WASH_VOLUME_DENSITY,0.1502
EQWT_NAM_WASH_VOLUME_DENSITY,0.3824
EQWT_NAM_WASH_VOLUME_DENSITY,0.7868
EQWT_NAM_WASH_VOLUME_DENSITY,0.0
EQWT_NAM_WASH_VOLUME_DENSITY,0.3332
EQWT_NAM_WASH_VOLUME_DENSITY,0.6
EQWT_NAM_WASH_VOLUME_DENSITY,0.8336
EQWT_NAM_WASH_VOLUME_DENSITY,0.7409
EQWT_NAM_WASH_VOLUME_DENSITY,0.5969
EQWT_NAM_WASH_VOLUME_DENSITY,0.0
EQWT_NAM_WASH_VOLUME_DENSITY,0.7229
EQWT_NAM_WASH_VOLUME_DENSITY,0.1779
EQWT_NAM_WASH_VOLUME_RATIO,1.0
EQWT_NAM_WASH_VOLUME_RATIO,0.9545
EQWT_NAM_WASH_VOLUME_RATIO,0.8183
EQWT_NAM_WASH_VOLUME_RATIO,0.9729
EQWT_NAM_WASH_VOLUME_RATIO,1.0
EQWT_NAM_WASH_VOLUME_RATIO,1.0
EQWT_NAM_WASH_VOLUME_RATIO,1.0
EQWT_NAM_WASH_VOLUME_RATIO,1.0
EQWT_NAM_WASH_VOLUME_RATIO,0.9385
EQWT_NAM_WASH_VOLUME_RATIO,1.0
EQWT_NAM_WASH_VOLUME_RATIO,1.0
EQWT_NAM_WASH_VOLUME_RATIO,1.0
EQWT_NAM_WASH_VOLUME_RATIO,1.0
EQWT_NAM_WASH_VOLUME_RATIO,0.8458
EQWT_NAM_WASH_VOLUME_RATIO,1.0
EQWT_NAM_WASH_VOLUME_RATIO,1.0
EQWT_NAM_WASH_VOLUME_RATIO,1.0
EQWT_NAM_WASH_VOLUME_RATIO,0.9287
EQWT_NAM_WASH_VOLUME_RATIO,1.0
EQWT_NAM_WASH_VOLUME_RATIO,1.0
EQWT_NAM_WASH_VOLUME_RATIO,1.0
EQWT_NAM_WASH_VOLUME_RATIO,1.0
EQWT_NAM_WASH_VOLUME_RATIO,1.0
EQWT_NAM_WASH_VOLUME_RATIO,1.0
EQWT_NAM_WASH_VOLUME_RATIO,1.0
EQWT_NAM_WASH_VOLUME_RATIO,1.0
EQWT_NAM_WASH_VOLUME_RATIO,1.0
EQWT_NAM_WASH_VOLUME_RATIO,1.0
EQWT_NAM_WASH_VOLUME_RATIO,0.9093
EQWT_NAM_WASH_VOLUME_RATIO,1.0
EQWT_NAM_WASH_VOLUME_RATIO,0.5978
EQWT_NAM_WASH_VOLUME_RATIO,0.9012
EQWT_NAM_WASH_VOLUME_RATIO,1.0
EQWT_NAM_WASH_VOLUME_RATIO,0.8340000000000001
EQWT_NAM_WASH_VOLUME_RATIO,1.0
EQWT_NAM_WASH_VOLUME_RATIO,1.0
EQWT_NAM_WASH_VOLUME_RATIO,0.924
EQWT_NAM_WASH_VOLUME_RATIO,1.0
EQWT_NAM_WASH_VOLUME_RATIO,0.7931
EQWT_NAM_WASH_VOLUME_RATIO,0.8343
EQWT_NAM_WASH_VOLUME_RATIO,1.0
EQWT_NAM_WASH_VOLUME_RATIO,1.0
EQWT_NAM_WASH_VOLUME_RATIO,1.0
EQWT_NAM_WASH_VOLUME_RATIO,0.853
EQWT_NAM_WASH_VOLUME_RATIO,1.0
EQWT_NAM_WASH_VOLUME_RATIO,0.9311
EQWT_NAM_WASH_VOLUME_RATIO,1.0
EQWT_NAM_WASH_VOLUME_RATIO,1.0
EQWT_NAM_WASH_VOLUME_RATIO,1.0
EQWT_NAM_WASH_VOLUME_RATIO,0.6987
EQWT_NAM_WASH_VOLUME_RATIO,0.4749
EQWT_NAM_WASH_VOLUME_RATIO,0.7447
EQWT_NAM_WASH_VOLUME_RATIO,0.8417
EQWT_NAM_WASH_VOLUME_RATIO,0.7176
EQWT_NAM_WASH_VOLUME_RATIO,0.6293
EQWT_NAM_WASH_VOLUME_RATIO,0.9787
EQWT_NAM_WASH_VOLUME_RATIO,0.6402
EQWT_NAM_WASH_VOLUME_RATIO,0.7125
EQWT_NAM_WASH_VOLUME_RATIO,0.6575
EQWT_NAM_WASH_VOLUME_RATIO,0.8386
EQWT_NAM_WASH_VOLUME_RATIO,0.6859999999999999
EQWT_NAM_WASH_VOLUME_RATIO,0.7739
EQWT_NAM_WASH_VOLUME_RATIO,0.6324
EQWT_NAM_WASH_VOLUME_RATIO,0.7105
EQWT_NAM_WASH_VOLUME_RATIO,0.8324
EQWT_NAM_WASH_VOLUME_RATIO,0.708
EQWT_NAM_WASH_VOLUME_RATIO,0.9581
EQWT_NAM_WASH_VOLUME_RATIO,1.0
EQWT_NAM_WASH_VOLUME_RATIO,0.9845
EQWT_NAM_WASH_VOLUME_RATIO,0.6252
EQWT_NAM_WASH_VOLUME_RATIO,1.0
EQWT_NAM_WASH_VOLUME_RATIO,0.6017
EQWT_NAM_WASH_VOLUME_RATIO,1.0
EQWT_NAM_WASH_VOLUME_RATIO,1.0
EQWT_NAM_WASH_VOLUME_RATIO,0.9499
EQWT_NAM_WASH_VOLUME_RATIO,0.9895
EQWT_NAM_WASH_VOLUME_RATIO,0.9762
EQWT_NAM_WASH_VOLUME_RATIO,0.9767
EQWT_NAM_WASH_VOLUME_RATIO,1.0
EQWT_NAM_WASH_VOLUME_RATIO,0.9984
EQWT_NAM_WASH_VOLUME_RATIO,1.0
