feature,value
EQWT_NAM_AVERAGE_ORDER_TO_EXECUTION_TIME,0.594
EQWT_NAM_AVERAGE_ORDER_TO_EXECUTION_TIME,0.4808
EQWT_NAM_AVERAGE_ORDER_TO_EXECUTION_TIME,0.5495
EQWT_NAM_AVERAGE_ORDER_TO_EXECUTION_TIME,0.3859
EQWT_NAM_AVERAGE_ORDER_TO_EXECUTION_TIME,0.1841
EQWT_NAM_AVERAGE_ORDER_TO_EXECUTION_TIME,0.7563
EQWT_NAM_AVERAGE_ORDER_TO_EXECUTION_TIME,0.5474
EQWT_NAM_AVERAGE_ORDER_TO_EXECUTION_TIME,0.4697
EQWT_NAM_AVERAGE_ORDER_TO_EXECUTION_TIME,0.6436
EQWT_NAM_AVERAGE_ORDER_TO_EXECUTION_TIME,0.6879
EQWT_NAM_AVERAGE_ORDER_TO_EXECUTION_TIME,0.4635
EQWT_NAM_AVERAGE_ORDER_TO_EXECUTION_TIME,0.7573
EQWT_NAM_AVERAGE_ORDER_TO_EXECUTION_TIME,0.7638
EQWT_NAM_AVERAGE_ORDER_TO_EXECUTION_TIME,0.4835
EQWT_NAM_AVERAGE_ORDER_TO_EXECUTION_TIME,0.5836
EQWT_NAM_AVERAGE_ORDER_TO_EXECUTION_TIME,0.8334
EQWT_NAM_AVERAGE_ORDER_TO_EXECUTION_TIME,0.7121
EQWT_NAM_AVERAGE_ORDER_TO_EXECUTION_TIME,0.5163
EQWT_NAM_AVERAGE_ORDER_TO_EXECUTION_TIME,0.5378
EQWT_NAM_AVERAGE_ORDER_TO_EXECUTION_TIME,0.4728
EQWT_NAM_AVERAGE_ORDER_TO_EXECUTION_TIME,0.3811
EQWT_NAM_AVERAGE_ORDER_TO_EXECUTION_TIME,0.4893
EQWT_NAM_AVERAGE_ORDER_TO_EXECUTION_TIME,0.7096
EQWT_NAM_AVERAGE_ORDER_TO_EXECUTION_TIME,0.7436
EQWT_NAM_AVERAGE_ORDER_TO_EXECUTION_TIME,0.44299999999999995
EQWT_NAM_AVERAGE_ORDER_TO_EXECUTION_TIME,0.5045
EQWT_NAM_AVERAGE_ORDER_TO_EXECUTION_TIME,0.3136
EQWT_NAM_AVERAGE_ORDER_TO_EXECUTION_TIME,0.2754
EQWT_NAM_AVERAGE_ORDER_TO_EXECUTION_TIME,0.5528
EQWT_NAM_AVERAGE_ORDER_TO_EXECUTION_TIME,0.3148
EQWT_NAM_AVERAGE_ORDER_TO_EXECUTION_TIME,0.3345
EQWT_NAM_AVERAGE_ORDER_TO_EXECUTION_TIME,0.6367
EQWT_NAM_AVERAGE_ORDER_TO_EXECUTION_TIME,0.192
EQWT_NAM_AVERAGE_ORDER_TO_EXECUTION_TIME,0.3072
EQWT_NAM_AVERAGE_ORDER_TO_EXECUTION_TIME,0.7454
EQWT_NAM_AVERAGE_ORDER_TO_EXECUTION_TIME,0.5412
EQWT_NAM_AVERAGE_ORDER_TO_EXECUTION_TIME,0.4247
EQWT_NAM_AVERAGE_ORDER_TO_EXECUTION_TIME,0.7004
EQWT_NAM_AVERAGE_ORDER_TO_EXECUTION_TIME,0.384
EQWT_NAM_AVERAGE_ORDER_TO_EXECUTION_TIME,0.5411
EQWT_NAM_AVERAGE_ORDER_TO_EXECUTION_TIME,0.1795
EQWT_NAM_AVERAGE_ORDER_TO_EXECUTION_TIME,0.5872
EQWT_NAM_AVERAGE_ORDER_TO_EXECUTION_TIME,0.3902
EQWT_NAM_AVERAGE_ORDER_TO_EXECUTION_TIME,0.5794
EQWT_NAM_AVERAGE_ORDER_TO_EXECUTION_TIME,0.708
EQWT_NAM_AVERAGE_ORDER_TO_EXECUTION_TIME,0.6342
EQWT_NAM_AVERAGE_ORDER_TO_EXECUTION_TIME,0.6829999999999999
EQWT_NAM_AVERAGE_ORDER_TO_EXECUTION_TIME,0.469
EQWT_NAM_AVERAGE_ORDER_TO_EXECUTION_TIME,0.6211
EQWT_NAM_AVERAGE_ORDER_TO_EXECUTION_TIME,0.4468
EQWT_NAM_AVERAGE_ORDER_TO_EXECUTION_TIME,0.5571
EQWT_NAM_AVERAGE_ORDER_TO_EXECUTION_TIME,0.3108
EQWT_NAM_AVERAGE_ORDER_TO_EXECUTION_TIME,0.6319
EQWT_NAM_AVERAGE_ORDER_TO_EXECUTION_TIME,0.48200000000000004
EQWT_NAM_AVERAGE_ORDER_TO_EXECUTION_TIME,0.4588
EQWT_NAM_AVERAGE_ORDER_TO_EXECUTION_TIME,0.4367
EQWT_NAM_AVERAGE_ORDER_TO_EXECUTION_TIME,0.4252
EQWT_NAM_AVERAGE_ORDER_TO_EXECUTION_TIME,0.5787
EQWT_NAM_AVERAGE_ORDER_TO_EXECUTION_TIME,0.8387
EQWT_NAM_AVERAGE_ORDER_TO_EXECUTION_TIME,0.6973
EQWT_NAM_AVERAGE_ORDER_TO_EXECUTION_TIME,0.4516
EQWT_NAM_AVERAGE_ORDER_TO_EXECUTION_TIME,0.7154
EQWT_NAM_AVERAGE_ORDER_TO_EXECUTION_TIME,0.2968
EQWT_NAM_AVERAGE_ORDER_TO_EXECUTION_TIME,0.7499
EQWT_NAM_AVERAGE_ORDER_TO_EXECUTION_TIME,0.6457
EQWT_NAM_AVERAGE_ORDER_TO_EXECUTION_TIME,0.3801
EQWT_NAM_AVERAGE_ORDER_TO_EXECUTION_TIME,0.617
EQWT_NAM_AVERAGE_ORDER_TO_EXECUTION_TIME,0.7240000000000001
EQWT_NAM_AVERAGE_ORDER_TO_EXECUTION_TIME,0.5922
EQWT_NAM_AVERAGE_ORDER_TO_EXECUTION_TIME,0.6366
EQWT_NAM_AVERAGE_ORDER_TO_EXECUTION_TIME,0.3651
EQWT_NAM_AVERAGE_ORDER_TO_EXECUTION_TIME,0.5716
EQWT_NAM_AVERAGE_ORDER_TO_EXECUTION_TIME,0.212
EQWT_NAM_AVERAGE_ORDER_TO_EXECUTION_TIME,0.5348
EQWT_NAM_AVERAGE_ORDER_TO_EXECUTION_TIME,0.6896
EQWT_NAM_AVERAGE_ORDER_TO_EXECUTION_TIME,0.2485
EQWT_NAM_AVERAGE_ORDER_TO_EXECUTION_TIME,0.5673
EQWT_NAM_AVERAGE_ORDER_TO_EXECUTION_TIME,0.2317
EQWT_NAM_AVERAGE_ORDER_TO_EXECUTION_TIME,0.3276
EQWT_NAM_AVERAGE_ORDER_TO_EXECUTION_TIME,0.5988
EQWT_NAM_AVERAGE_ORDER_TO_EXECUTION_TIME,0.4509
EQWT_NAM_AVERAGE_ORDER_TO_EXECUTION_TIME,0.7577
EQWT_NAM_AVERAGE_ORDER_TO_EXECUTION_TIME,0.7163
EQWT_NAM_AVERAGE_ORDER_TO_EXECUTION_TIME,0.7288
EQWT_NAM_AVERAGE_ORDER_TO_EXECUTION_TIME,0.7332
EQWT_NAM_AVERAGE_ORDER_TO_EXECUTION_TIME,0.59
EQWT_NAM_AVERAGE_ORDER_TO_EXECUTION_TIME,0.4009
EQWT_NAM_AVERAGE_ORDER_TO_EXECUTION_TIME,0.4785
EQWT_NAM_AVERAGE_ORDER_TO_EXECUTION_TIME,0.5863
EQWT_NAM_AVERAGE_ORDER_TO_EXECUTION_TIME,0.4817
EQWT_NAM_AVERAGE_ORDER_TO_EXECUTION_TIME,0.6007
EQWT_NAM_AVERAGE_ORDER_TO_EXECUTION_TIME,0.3416
EQWT_NAM_AVERAGE_ORDER_TO_EXECUTION_TIME,0.7132
EQWT_NAM_AVERAGE_ORDER_TO_EXECUTION_TIME,0.3874
EQWT_NAM_AVERAGE_ORDER_TO_EXECUTION_TIME,0.7208
EQWT_NAM_AVERAGE_ORDER_TO_EXECUTION_TIME,0.7839
EQWT_NAM_AVERAGE_ORDER_TO_EXECUTION_TIME,0.6648
EQWT_NAM_AVERAGE_ORDER_TO_EXECUTION_TIME,0.9670000000000001
EQWT_NAM_AVERAGE_ORDER_TO_EXECUTION_TIME,0.3999
EQWT_NAM_AVERAGE_ORDER_TO_EXECUTION_TIME,0.7201
EQWT_NAM_AVERAGE_ORDER_TO_EXECUTION_TIME,0.4647
EQWT_NAM_AVERAGE_ORDER_TO_EXECUTION_TIME,0.833
EQWT_NAM_AVERAGE_ORDER_TO_EXECUTION_TIME,0.6352
EQWT_NAM_AVERAGE_ORDER_TO_EXECUTION_TIME,0.353
EQWT_NAM_AVERAGE_ORDER_TO_EXECUTION_TIME,0.7011
EQWT_NAM_AVERAGE_ORDER_TO_EXECUTION_TIME,0.7502
EQWT_NAM_AVERAGE_ORDER_TO_EXECUTION_TIME,0.4467
EQWT_NAM_AVERAGE_ORDER_TO_EXECUTION_TIME,0.7881
EQWT_NAM_AVERAGE_ORDER_TO_EXECUTION_TIME,0.6881
EQWT_NAM_AVERAGE_ORDER_TO_EXECUTION_TIME,0.3778
EQWT_NAM_AVERAGE_ORDER_TO_EXECUTION_TIME,0.6924
EQWT_NAM_AVERAGE_ORDER_TO_EXECUTION_TIME,0.7017
EQWT_NAM_AVERAGE_ORDER_TO_EXECUTION_TIME,0.7062
EQWT_NAM_AVERAGE_ORDER_TO_EXECUTION_TIME,0.37
EQWT_NAM_AVERAGE_ORDER_TO_EXECUTION_TIME,0.6298
EQWT_NAM_AVERAGE_ORDER_TO_EXECUTION_TIME,0.6026
EQWT_NAM_AVERAGE_ORDER_TO_EXECUTION_TIME,0.38299999999999995
EQWT_NAM_AVERAGE_ORDER_TO_EXECUTION_TIME,0.3728
EQWT_NAM_AVERAGE_ORDER_TO_EXECUTION_TIME,0.4748
EQWT_NAM_AVERAGE_ORDER_TO_EXECUTION_TIME,0.6254
EQWT_NAM_AVERAGE_ORDER_TO_EXECUTION_TIME,0.4857
EQWT_NAM_AVERAGE_ORDER_TO_EXECUTION_TIME,0.6928
EQWT_NAM_AVERAGE_ORDER_TO_EXECUTION_TIME,0.8723
EQWT_NAM_AVERAGE_ORDER_TO_EXECUTION_TIME,0.6947
EQWT_NAM_AVERAGE_ORDER_TO_EXECUTION_TIME,0.4739
EQWT_NAM_AVERAGE_ORDER_TO_EXECUTION_TIME,0.3937
EQWT_NAM_AVERAGE_ORDER_TO_EXECUTION_TIME,0.3666
EQWT_NAM_AVERAGE_ORDER_TO_EXECUTION_TIME,0.6027
EQWT_NAM_AVERAGE_ORDER_TO_EXECUTION_TIME,0.6855
EQWT_NAM_AVERAGE_ORDER_TO_EXECUTION_TIME,0.3053
EQWT_NAM_AVERAGE_ORDER_TO_EXECUTION_TIME,0.5505
EQWT_NAM_AVERAGE_ORDER_TO_EXECUTION_TIME,0.6045
EQWT_NAM_AVERAGE_ORDER_TO_EXECUTION_TIME,0.7694
EQWT_NAM_AVERAGE_ORDER_TO_EXECUTION_TIME,0.6728
EQWT_NAM_AVERAGE_ORDER_TO_EXECUTION_TIME,0.5273
EQWT_NAM_AVERAGE_ORDER_TO_EXECUTION_TIME,0.5343
EQWT_NAM_AVERAGE_ORDER_TO_EXECUTION_TIME,0.6828
EQWT_NAM_AVERAGE_ORDER_TO_EXECUTION_TIME,0.6029
EQWT_NAM_AVERAGE_ORDER_TO_EXECUTION_TIME,0.7513
EQWT_NAM_AVERAGE_ORDER_TO_EXECUTION_TIME,0.268
EQWT_NAM_AVERAGE_ORDER_TO_EXECUTION_TIME,0.5987
EQWT_NAM_AVERAGE_ORDER_TO_EXECUTION_TIME,0.698
EQWT_NAM_AVERAGE_ORDER_TO_EXECUTION_TIME,0.8412
EQWT_NAM_AVERAGE_ORDER_TO_EXECUTION_TIME,0.3315
EQWT_NAM_AVERAGE_ORDER_TO_EXECUTION_TIME,0.1902
EQWT_NAM_AVERAGE_ORDER_TO_EXECUTION_TIME,0.5945
EQWT_NAM_AVERAGE_ORDER_TO_EXECUTION_TIME,0.737
EQWT_NAM_AVERAGE_ORDER_TO_EXECUTION_TIME,0.7399
EQWT_NAM_AVERAGE_ORDER_TO_EXECUTION_TIME,0.7082
EQWT_NAM_AVERAGE_ORDER_TO_EXECUTION_TIME,0.7699
EQWT_NAM_AVERAGE_ORDER_TO_EXECUTION_TIME,0.4073
EQWT_NAM_AVERAGE_ORDER_TO_EXECUTION_TIME,0.7005
EQWT_NAM_AVERAGE_ORDER_TO_EXECUTION_TIME,0.3397
EQWT_NAM_AVERAGE_ORDER_TO_EXECUTION_TIME,0.7224
EQWT_NAM_AVERAGE_ORDER_TO_EXECUTION_TIME,0.5044
EQWT_NAM_AVERAGE_ORDER_TO_EXECUTION_TIME,0.7231
EQWT_NAM_AVERAGE_ORDER_TO_EXECUTION_TIME,0.4556
EQWT_NAM_AVERAGE_ORDER_TO_EXECUTION_TIME,0.6837
EQWT_NAM_AVERAGE_ORDER_TO_EXECUTION_TIME,0.3739
EQWT_NAM_AVERAGE_ORDER_TO_EXECUTION_TIME,0.4339
EQWT_NAM_AVERAGE_ORDER_TO_EXECUTION_TIME,0.7609999999999999
EQWT_NAM_AVERAGE_ORDER_TO_EXECUTION_TIME,0.6351
EQWT_NAM_AVERAGE_ORDER_TO_EXECUTION_TIME,0.6248
EQWT_NAM_AVERAGE_ORDER_TO_EXECUTION_TIME,0.7329
EQWT_NAM_AVERAGE_ORDER_TO_EXECUTION_TIME,0.6927
EQWT_NAM_AVERAGE_ORDER_TO_EXECUTION_TIME,0.3455
EQWT_NAM_AVERAGE_ORDER_TO_EXECUTION_TIME,0.6784
EQWT_NAM_AVERAGE_ORDER_TO_EXECUTION_TIME,0.732
EQWT_NAM_AVERAGE_ORDER_TO_EXECUTION_TIME,0.5794
EQWT_NAM_AVERAGE_ORDER_TO_EXECUTION_TIME,0.8274
EQWT_NAM_AVERAGE_ORDER_TO_EXECUTION_TIME,0.6409
EQWT_NAM_AVERAGE_ORDER_TO_EXECUTION_TIME,0.4706
EQWT_NAM_AVERAGE_ORDER_TO_EXECUTION_TIME,0.6422
EQWT_NAM_AVERAGE_ORDER_TO_EXECUTION_TIME,0.6282
EQWT_NAM_AVERAGE_ORDER_TO_EXECUTION_TIME,0.6012
EQWT_NAM_AVERAGE_ORDER_TO_EXECUTION_TIME,0.6987
EQWT_NAM_AVERAGE_ORDER_TO_EXECUTION_TIME,0.2974
EQWT_NAM_AVERAGE_ORDER_TO_EXECUTION_TIME,0.529
EQWT_NAM_AVERAGE_ORDER_TO_EXECUTION_TIME,0.5982
EQWT_NAM_AVERAGE_ORDER_TO_EXECUTION_TIME,0.5304
EQWT_NAM_AVERAGE_ORDER_TO_EXECUTION_TIME,0.3959
EQWT_NAM_AVERAGE_ORDER_TO_EXECUTION_TIME,0.6719
EQWT_NAM_AVERAGE_ORDER_TO_EXECUTION_TIME,0.6908
EQWT_NAM_AVERAGE_ORDER_TO_EXECUTION_TIME,0.7124
EQWT_NAM_AVERAGE_ORDER_TO_EXECUTION_TIME,0.642
EQWT_NAM_AVERAGE_ORDER_TO_EXECUTION_TIME,0.6412
EQWT_NAM_AVERAGE_ORDER_TO_EXECUTION_TIME,0.2238
EQWT_NAM_AVERAGE_ORDER_TO_EXECUTION_TIME,0.6026
EQWT_NAM_AVERAGE_ORDER_TO_EXECUTION_TIME,0.5025
EQWT_NAM_AVERAGE_ORDER_TO_EXECUTION_TIME,0.3468
EQWT_NAM_AVERAGE_ORDER_TO_EXECUTION_TIME,1.0
EQWT_NAM_AVERAGE_ORDER_TO_EXECUTION_TIME,0.2435
EQWT_NAM_AVERAGE_ORDER_TO_EXECUTION_TIME,0.5717
EQWT_NAM_AVERAGE_ORDER_TO_EXECUTION_TIME,0.5870000000000001
EQWT_NAM_AVERAGE_ORDER_TO_EXECUTION_TIME,0.5679
EQWT_NAM_AVERAGE_ORDER_TO_EXECUTION_TIME,0.4707
EQWT_NAM_AVERAGE_ORDER_TO_EXECUTION_TIME,0.9734
EQWT_NAM_AVERAGE_ORDER_TO_EXECUTION_TIME,0.7111
EQWT_NAM_AVERAGE_ORDER_TO_EXECUTION_TIME,0.4601
EQWT_NAM_AVERAGE_ORDER_TO_EXECUTION_TIME,0.5672
EQWT_NAM_AVERAGE_ORDER_TO_EXECUTION_TIME,0.7271
EQWT_NAM_AVERAGE_ORDER_TO_EXECUTION_TIME,0.6833
EQWT_NAM_AVERAGE_ORDER_TO_EXECUTION_TIME,0.3845
EQWT_NAM_AVERAGE_ORDER_TO_EXECUTION_TIME,0.3185
EQWT_NAM_AVERAGE_ORDER_TO_EXECUTION_TIME,0.39
EQWT_NAM_AVERAGE_ORDER_TO_EXECUTION_TIME,0.7011
EQWT_NAM_AVERAGE_ORDER_TO_EXECUTION_TIME,0.5862
EQWT_NAM_AVERAGE_ORDER_TO_EXECUTION_TIME,0.305
EQWT_NAM_AVERAGE_ORDER_TO_EXECUTION_TIME,0.43200000000000005
EQWT_NAM_AVERAGE_ORDER_TO_EXECUTION_TIME,0.4205
EQWT_NAM_AVERAGE_ORDER_TO_EXECUTION_TIME,0.5599
EQWT_NAM_AVERAGE_ORDER_TO_EXECUTION_TIME,0.5352
EQWT_NAM_AVERAGE_ORDER_TO_EXECUTION_TIME,0.6999
EQWT_NAM_AVERAGE_ORDER_TO_EXECUTION_TIME,0.6719
EQWT_NAM_AVERAGE_ORDER_TO_EXECUTION_TIME,0.3386
EQWT_NAM_AVERAGE_ORDER_TO_EXECUTION_TIME,0.6248
EQWT_NAM_AVERAGE_ORDER_TO_EXECUTION_TIME,0.7562
EQWT_NAM_AVERAGE_ORDER_TO_EXECUTION_TIME,0.6269
EQWT_NAM_AVERAGE_ORDER_TO_EXECUTION_TIME,0.4145
EQWT_NAM_AVERAGE_ORDER_TO_EXECUTION_TIME,0.67
EQWT_NAM_AVERAGE_ORDER_TO_EXECUTION_TIME,0.5325
EQWT_NAM_AVERAGE_ORDER_TO_EXECUTION_TIME,0.4546
EQWT_NAM_AVERAGE_ORDER_TO_EXECUTION_TIME,0.3406
EQWT_NAM_AVERAGE_ORDER_TO_EXECUTION_TIME,0.5237
EQWT_NAM_AVERAGE_ORDER_TO_EXECUTION_TIME,0.7217
EQWT_NAM_AVERAGE_ORDER_TO_EXECUTION_TIME,0.6394
EQWT_NAM_AVERAGE_ORDER_TO_EXECUTION_TIME,0.6076
EQWT_NAM_AVERAGE_ORDER_TO_EXECUTION_TIME,0.8733
EQWT_NAM_AVERAGE_ORDER_TO_EXECUTION_TIME,0.8227
EQWT_NAM_AVERAGE_ORDER_TO_EXECUTION_TIME,0.6681
EQWT_NAM_AVERAGE_ORDER_TO_EXECUTION_TIME,0.9419
EQWT_NAM_AVERAGE_ORDER_TO_EXECUTION_TIME,0.552
EQWT_NAM_AVERAGE_ORDER_TO_EXECUTION_TIME,0.6195
EQWT_NAM_AVERAGE_ORDER_TO_EXECUTION_TIME,0.6419
EQWT_NAM_AVERAGE_ORDER_TO_EXECUTION_TIME,0.4964
EQWT_NAM_AVERAGE_ORDER_TO_EXECUTION_TIME,0.39799999999999996
EQWT_NAM_AVERAGE_ORDER_TO_EXECUTION_TIME,0.6058
EQWT_NAM_AVERAGE_ORDER_TO_EXECUTION_TIME,0.6565
EQWT_NAM_AVERAGE_ORDER_TO_EXECUTION_TIME,0.3008
EQWT_NAM_AVERAGE_ORDER_TO_EXECUTION_TIME,0.0767
EQWT_NAM_AVERAGE_ORDER_TO_EXECUTION_TIME,0.5798
EQWT_NAM_AVERAGE_ORDER_TO_EXECUTION_TIME,0.6079
EQWT_NAM_AVERAGE_ORDER_TO_EXECUTION_TIME,0.7163
EQWT_NAM_AVERAGE_ORDER_TO_EXECUTION_TIME,0.6266
EQWT_NAM_AVERAGE_ORDER_TO_EXECUTION_TIME,0.6843
EQWT_NAM_AVERAGE_ORDER_TO_EXECUTION_TIME,0.7502
EQWT_NAM_AVERAGE_ORDER_TO_EXECUTION_TIME,0.4294
EQWT_NAM_AVERAGE_ORDER_TO_EXECUTION_TIME,0.6407
EQWT_NAM_AVERAGE_ORDER_TO_EXECUTION_TIME,0.6323
EQWT_NAM_AVERAGE_ORDER_TO_EXECUTION_TIME,0.6604
EQWT_NAM_AVERAGE_ORDER_TO_EXECUTION_TIME,0.4988
EQWT_NAM_AVERAGE_ORDER_TO_EXECUTION_TIME,0.7234
EQWT_NAM_AVERAGE_ORDER_TO_EXECUTION_TIME,0.4881
EQWT_NAM_AVERAGE_ORDER_TO_EXECUTION_TIME,0.7082
EQWT_NAM_AVERAGE_ORDER_TO_EXECUTION_TIME,0.3068
EQWT_NAM_AVERAGE_ORDER_TO_EXECUTION_TIME,0.5293
EQWT_NAM_AVERAGE_ORDER_TO_EXECUTION_TIME,0.2014
EQWT_NAM_AVERAGE_ORDER_TO_EXECUTION_TIME,0.5049
EQWT_NAM_AVERAGE_ORDER_TO_EXECUTION_TIME,0.9012
EQWT_NAM_AVERAGE_ORDER_TO_EXECUTION_TIME,0.6894
EQWT_NAM_AVERAGE_ORDER_TO_EXECUTION_TIME,0.6795
EQWT_NAM_AVERAGE_ORDER_TO_EXECUTION_TIME,0.2387
EQWT_NAM_AVERAGE_ORDER_TO_EXECUTION_TIME,0.7645
EQWT_NAM_AVERAGE_ORDER_TO_EXECUTION_TIME,0.4264
EQWT_NAM_AVERAGE_ORDER_TO_EXECUTION_TIME,0.872
EQWT_NAM_AVERAGE_ORDER_TO_EXECUTION_TIME,0.8405
EQWT_NAM_AVERAGE_ORDER_TO_EXECUTION_TIME,0.3605
EQWT_NAM_AVERAGE_ORDER_TO_EXECUTION_TIME,0.4458
EQWT_NAM_AVERAGE_ORDER_TO_EXECUTION_TIME,0.5914
EQWT_NAM_AVERAGE_ORDER_TO_EXECUTION_TIME,0.733
EQWT_NAM_AVERAGE_ORDER_TO_EXECUTION_TIME,0.4809
EQWT_NAM_AVERAGE_ORDER_TO_EXECUTION_TIME,0.4426
EQWT_NAM_AVERAGE_ORDER_TO_EXECUTION_TIME,0.6532
EQWT_NAM_AVERAGE_ORDER_TO_EXECUTION_TIME,0.32299999999999995
EQWT_NAM_AVERAGE_ORDER_TO_EXECUTION_TIME,0.7044
EQWT_NAM_AVERAGE_ORDER_TO_EXECUTION_TIME,0.4548
EQWT_NAM_AVERAGE_ORDER_TO_EXECUTION_TIME,0.9466
EQWT_NAM_AVERAGE_ORDER_TO_EXECUTION_TIME,0.5433
EQWT_NAM_AVERAGE_ORDER_TO_EXECUTION_TIME,0.4203
EQWT_NAM_AVERAGE_ORDER_TO_EXECUTION_TIME,0.6824
EQWT_NAM_AVERAGE_ORDER_TO_EXECUTION_TIME,0.3813
EQWT_NAM_AVERAGE_ORDER_TO_EXECUTION_TIME,0.664
EQWT_NAM_AVERAGE_ORDER_TO_EXECUTION_TIME,0.4741
EQWT_NAM_AVERAGE_ORDER_TO_EXECUTION_TIME,0.6459999999999999
EQWT_NAM_AVERAGE_ORDER_TO_EXECUTION_TIME,0.6542
EQWT_NAM_AVERAGE_ORDER_TO_EXECUTION_TIME,0.6659
EQWT_NAM_AVERAGE_ORDER_TO_EXECUTION_TIME,0.4359
EQWT_NAM_AVERAGE_ORDER_TO_EXECUTION_TIME,0.1828
EQWT_NAM_AVERAGE_ORDER_TO_EXECUTION_TIME,0.7473
EQWT_NAM_AVERAGE_ORDER_TO_EXECUTION_TIME,0.612
EQWT_NAM_AVERAGE_ORDER_TO_EXECUTION_TIME,0.5483
EQWT_NAM_AVERAGE_ORDER_TO_EXECUTION_TIME,0.3398
EQWT_NAM_AVERAGE_ORDER_TO_EXECUTION_TIME,0.6678
EQWT_NAM_AVERAGE_ORDER_TO_EXECUTION_TIME,0.6175
EQWT_NAM_AVERAGE_ORDER_TO_EXECUTION_TIME,0.6811
EQWT_NAM_AVERAGE_ORDER_TO_EXECUTION_TIME,0.736
EQWT_NAM_AVERAGE_ORDER_TO_EXECUTION_TIME,0.4853
EQWT_NAM_AVERAGE_ORDER_TO_EXECUTION_TIME,0.4759
EQWT_NAM_AVERAGE_ORDER_TO_EXECUTION_TIME,0.4328
EQWT_NAM_AVERAGE_ORDER_TO_EXECUTION_TIME,0.5003
EQWT_NAM_AVERAGE_ORDER_TO_EXECUTION_TIME,1.0
EQWT_NAM_AVERAGE_ORDER_TO_EXECUTION_TIME,0.6976
EQWT_NAM_AVERAGE_ORDER_TO_EXECUTION_TIME,0.7472
EQWT_NAM_AVERAGE_ORDER_TO_EXECUTION_TIME,0.6843
EQWT_NAM_AVERAGE_ORDER_TO_EXECUTION_TIME,0.5263
EQWT_NAM_AVERAGE_ORDER_TO_EXECUTION_TIME,0.3897
EQWT_NAM_AVERAGE_ORDER_TO_EXECUTION_TIME,0.4552
EQWT_NAM_AVERAGE_ORDER_TO_EXECUTION_TIME,0.7724
EQWT_NAM_AVERAGE_ORDER_TO_EXECUTION_TIME,0.721
EQWT_NAM_AVERAGE_ORDER_TO_EXECUTION_TIME,0.6749
EQWT_NAM_AVERAGE_ORDER_TO_EXECUTION_TIME,0.5033
EQWT_NAM_AVERAGE_ORDER_TO_EXECUTION_TIME,0.6916
EQWT_NAM_AVERAGE_ORDER_TO_EXECUTION_TIME,0.3639
EQWT_NAM_AVERAGE_ORDER_TO_EXECUTION_TIME,0.6152
EQWT_NAM_AVERAGE_ORDER_TO_EXECUTION_TIME,0.7442
EQWT_NAM_AVERAGE_ORDER_TO_EXECUTION_TIME,0.6507
EQWT_NAM_AVERAGE_ORDER_TO_EXECUTION_TIME,0.1798
EQWT_NAM_AVERAGE_ORDER_TO_EXECUTION_TIME,0.5764
EQWT_NAM_AVERAGE_ORDER_TO_EXECUTION_TIME,0.2746
EQWT_NAM_AVERAGE_ORDER_TO_EXECUTION_TIME,0.589
EQWT_NAM_AVERAGE_ORDER_TO_EXECUTION_TIME,0.7
EQWT_NAM_AVERAGE_ORDER_TO_EXECUTION_TIME,0.7323
EQWT_NAM_AVERAGE_ORDER_TO_EXECUTION_TIME,0.7633
EQWT_NAM_AVERAGE_ORDER_TO_EXECUTION_TIME,0.461
EQWT_NAM_AVERAGE_ORDER_TO_EXECUTION_TIME,0.3393
EQWT_NAM_AVERAGE_ORDER_TO_EXECUTION_TIME,0.6671
EQWT_NAM_AVERAGE_ORDER_TO_EXECUTION_TIME,0.6576
EQWT_NAM_AVERAGE_ORDER_TO_EXECUTION_TIME,0.6579999999999999
EQWT_NAM_AVERAGE_ORDER_TO_EXECUTION_TIME,0.6621
EQWT_NAM_AVERAGE_ORDER_TO_EXECUTION_TIME,0.5254
EQWT_NAM_AVERAGE_ORDER_TO_EXECUTION_TIME,0.6827
EQWT_NAM_AVERAGE_ORDER_TO_EXECUTION_TIME,0.6271
EQWT_NAM_AVERAGE_ORDER_TO_EXECUTION_TIME,0.2653
EQWT_NAM_AVERAGE_ORDER_TO_EXECUTION_TIME,0.7548
EQWT_NAM_AVERAGE_ORDER_TO_EXECUTION_TIME,0.5682
EQWT_NAM_AVERAGE_ORDER_TO_EXECUTION_TIME,1.0
EQWT_NAM_AVERAGE_ORDER_TO_EXECUTION_TIME,0.5396
EQWT_NAM_AVERAGE_ORDER_TO_EXECUTION_TIME,0.8389
EQWT_NAM_AVERAGE_ORDER_TO_EXECUTION_TIME,0.5772
EQWT_NAM_AVERAGE_ORDER_TO_EXECUTION_TIME,0.4662
EQWT_NAM_AVERAGE_ORDER_TO_EXECUTION_TIME,0.5411
EQWT_NAM_AVERAGE_ORDER_TO_EXECUTION_TIME,0.593
EQWT_NAM_AVERAGE_ORDER_TO_EXECUTION_TIME,0.7274
EQWT_NAM_AVERAGE_ORDER_TO_EXECUTION_TIME,0.7326
EQWT_NAM_AVERAGE_ORDER_TO_EXECUTION_TIME,0.3337
EQWT_NAM_AVERAGE_ORDER_TO_EXECUTION_TIME,0.7293
EQWT_NAM_AVERAGE_ORDER_TO_EXECUTION_TIME,0.3116
EQWT_NAM_AVERAGE_ORDER_TO_EXECUTION_TIME,0.6228
EQWT_NAM_AVERAGE_ORDER_TO_EXECUTION_TIME,0.8594
EQWT_NAM_AVERAGE_ORDER_TO_EXECUTION_TIME,0.5577
EQWT_NAM_AVERAGE_ORDER_TO_EXECUTION_TIME,0.9736
EQWT_NAM_AVERAGE_ORDER_TO_EXECUTION_TIME,0.6318
EQWT_NAM_AVERAGE_ORDER_TO_EXECUTION_TIME,0.4967
EQWT_NAM_AVERAGE_ORDER_TO_EXECUTION_TIME,1.0
EQWT_NAM_AVERAGE_ORDER_TO_EXECUTION_TIME,0.6291
EQWT_NAM_AVERAGE_ORDER_TO_EXECUTION_TIME,0.526
EQWT_NAM_AVERAGE_ORDER_TO_EXECUTION_TIME,0.6025
EQWT_NAM_AVERAGE_ORDER_TO_EXECUTION_TIME,0.3895
EQWT_NAM_AVERAGE_ORDER_TO_EXECUTION_TIME,0.4489
EQWT_NAM_AVERAGE_ORDER_TO_EXECUTION_TIME,0.7092
EQWT_NAM_AVERAGE_ORDER_TO_EXECUTION_TIME,0.4639
EQWT_NAM_AVERAGE_ORDER_TO_EXECUTION_TIME,0.7949
EQWT_NAM_AVERAGE_ORDER_TO_EXECUTION_TIME,0.715
EQWT_NAM_AVERAGE_ORDER_TO_EXECUTION_TIME,0.5817
EQWT_NAM_AVERAGE_ORDER_TO_EXECUTION_TIME,0.7020000000000001
EQWT_NAM_AVERAGE_ORDER_TO_EXECUTION_TIME,0.6842
EQWT_NAM_AVERAGE_ORDER_TO_EXECUTION_TIME,0.6894
EQWT_NAM_AVERAGE_ORDER_TO_EXECUTION_TIME,0.3228
EQWT_NAM_AVERAGE_ORDER_TO_EXECUTION_TIME,0.7837
EQWT_NAM_AVERAGE_ORDER_TO_EXECUTION_TIME,0.5938
EQWT_NAM_AVERAGE_ORDER_TO_EXECUTION_TIME,0.8506
EQWT_NAM_AVERAGE_ORDER_TO_EXECUTION_TIME,0.8029999999999999
EQWT_NAM_AVERAGE_ORDER_TO_EXECUTION_TIME,0.7991
EQWT_NAM_AVERAGE_ORDER_TO_EXECUTION_TIME,0.7656
EQWT_NAM_AVERAGE_ORDER_TO_EXECUTION_TIME,0.6734
EQWT_NAM_AVERAGE_ORDER_TO_EXECUTION_TIME,0.7427
EQWT_NAM_AVERAGE_ORDER_TO_EXECUTION_TIME,0.6811
EQWT_NAM_AVERAGE_ORDER_TO_EXECUTION_TIME,0.3734
EQWT_NAM_AVERAGE_ORDER_TO_EXECUTION_TIME,0.6226
EQWT_NAM_AVERAGE_ORDER_TO_EXECUTION_TIME,0.6593
EQWT_NAM_AVERAGE_ORDER_TO_EXECUTION_TIME,0.728
EQWT_NAM_AVERAGE_ORDER_TO_EXECUTION_TIME,0.4894
EQWT_NAM_AVERAGE_ORDER_TO_EXECUTION_TIME,0.5724
EQWT_NAM_AVERAGE_ORDER_TO_EXECUTION_TIME,0.5515
EQWT_NAM_AVERAGE_ORDER_TO_EXECUTION_TIME,0.6734
EQWT_NAM_AVERAGE_ORDER_TO_EXECUTION_TIME,0.2663
EQWT_NAM_AVERAGE_ORDER_TO_EXECUTION_TIME,0.6557
EQWT_NAM_AVERAGE_ORDER_TO_EXECUTION_TIME,0.5228
EQWT_NAM_AVERAGE_ORDER_TO_EXECUTION_TIME,0.4343
EQWT_NAM_AVERAGE_ORDER_TO_EXECUTION_TIME,0.633
EQWT_NAM_AVERAGE_ORDER_TO_EXECUTION_TIME,1.0
EQWT_NAM_AVERAGE_ORDER_TO_EXECUTION_TIME,0.6138
EQWT_NAM_AVERAGE_ORDER_TO_EXECUTION_TIME,0.3699
EQWT_NAM_AVERAGE_ORDER_TO_EXECUTION_TIME,0.6432
EQWT_NAM_AVERAGE_ORDER_TO_EXECUTION_TIME,0.3149
EQWT_NAM_MARKET_SHARE_RATIO,0.0
EQWT_NAM_MARKET_SHARE_RATIO,0.0
EQWT_NAM_MARKET_SHARE_RATIO,0.0957
EQWT_NAM_MARKET_SHARE_RATIO,0.2304
EQWT_NAM_MARKET_SHARE_RATIO,0.0695
EQWT_NAM_MARKET_SHARE_RATIO,0.0
EQWT_NAM_MARKET_SHARE_RATIO,0.0
EQWT_NAM_MARKET_SHARE_RATIO,0.0
EQWT_NAM_MARKET_SHARE_RATIO,0.0
EQWT_NAM_MARKET_SHARE_RATIO,0.0288
EQWT_NAM_MARKET_SHARE_RATIO,0.0
EQWT_NAM_MARKET_SHARE_RATIO,0.1102
EQWT_NAM_MARKET_SHARE_RATIO,0.1028
EQWT_NAM_MARKET_SHARE_RATIO,0.0
EQWT_NAM_MARKET_SHARE_RATIO,0.0
EQWT_NAM_MARKET_SHARE_RATIO,0.1023
EQWT_NAM_MARKET_SHARE_RATIO,0.0
EQWT_NAM_MARKET_SHARE_RATIO,0.0
EQWT_NAM_MARKET_SHARE_RATIO,0.0
EQWT_NAM_MARKET_SHARE_RATIO,0.0
EQWT_NAM_MARKET_SHARE_RATIO,0.0
EQWT_NAM_MARKET_SHARE_RATIO,0.0
EQWT_NAM_MARKET_SHARE_RATIO,0.0
EQWT_NAM_MARKET_SHARE_RATIO,0.0275
EQWT_NAM_MARKET_SHARE_RATIO,0.0
EQWT_NAM_MARKET_SHARE_RATIO,0.0
EQWT_NAM_MARKET_SHARE_RATIO,0.0224
EQWT_NAM_MARKET_SHARE_RATIO,0.0332
EQWT_NAM_MARKET_SHARE_RATIO,0.0
EQWT_NAM_MARKET_SHARE_RATIO,0.0
EQWT_NAM_MARKET_SHARE_RATIO,0.0
EQWT_NAM_MARKET_SHARE_RATIO,0.0
EQWT_NAM_MARKET_SHARE_RATIO,0.1796
EQWT_NAM_MARKET_SHARE_RATIO,0.0
EQWT_NAM_MARKET_SHARE_RATIO,0.0102
EQWT_NAM_MARKET_SHARE_RATIO,0.0
EQWT_NAM_MARKET_SHARE_RATIO,0.0
EQWT_NAM_MARKET_SHARE_RATIO,0.0
EQWT_NAM_MARKET_SHARE_RATIO,0.0
EQWT_NAM_MARKET_SHARE_RATIO,0.0
EQWT_NAM_MARKET_SHARE_RATIO,0.027000000000000003
EQWT_NAM_MARKET_SHARE_RATIO,0.0
EQWT_NAM_MARKET_SHARE_RATIO,0.0
EQWT_NAM_MARKET_SHARE_RATIO,0.0
EQWT_NAM_MARKET_SHARE_RATIO,0.0
EQWT_NAM_MARKET_SHARE_RATIO,0.175
EQWT_NAM_MARKET_SHARE_RATIO,0.0
EQWT_NAM_MARKET_SHARE_RATIO,0.0
EQWT_NAM_MARKET_SHARE_RATIO,0.0
EQWT_NAM_MARKET_SHARE_RATIO,0.0
EQWT_NAM_MARKET_SHARE_RATIO,0.0
EQWT_NAM_MARKET_SHARE_RATIO,0.0555
EQWT_NAM_MARKET_SHARE_RATIO,0.0
EQWT_NAM_MARKET_SHARE_RATIO,0.0
EQWT_NAM_MARKET_SHARE_RATIO,0.0
EQWT_NAM_MARKET_SHARE_RATIO,0.0906
EQWT_NAM_MARKET_SHARE_RATIO,0.0
EQWT_NAM_MARKET_SHARE_RATIO,0.0
EQWT_NAM_MARKET_SHARE_RATIO,0.0936
EQWT_NAM_MARKET_SHARE_RATIO,0.0
EQWT_NAM_MARKET_SHARE_RATIO,0.0094
EQWT_NAM_MARKET_SHARE_RATIO,0.0
EQWT_NAM_MARKET_SHARE_RATIO,0.0
EQWT_NAM_MARKET_SHARE_RATIO,0.0
EQWT_NAM_MARKET_SHARE_RATIO,0.0
EQWT_NAM_MARKET_SHARE_RATIO,0.0352
EQWT_NAM_MARKET_SHARE_RATIO,0.0641
EQWT_NAM_MARKET_SHARE_RATIO,0.2861
EQWT_NAM_MARKET_SHARE_RATIO,0.0
EQWT_NAM_MARKET_SHARE_RATIO,0.0
EQWT_NAM_MARKET_SHARE_RATIO,0.0
EQWT_NAM_MARKET_SHARE_RATIO,0.0
EQWT_NAM_MARKET_SHARE_RATIO,0.0
EQWT_NAM_MARKET_SHARE_RATIO,0.0944
EQWT_NAM_MARKET_SHARE_RATIO,0.0
EQWT_NAM_MARKET_SHARE_RATIO,0.0
EQWT_NAM_MARKET_SHARE_RATIO,0.0
EQWT_NAM_MARKET_SHARE_RATIO,0.0
EQWT_NAM_MARKET_SHARE_RATIO,0.0
EQWT_NAM_MARKET_SHARE_RATIO,0.0
EQWT_NAM_MARKET_SHARE_RATIO,0.0371
EQWT_NAM_MARKET_SHARE_RATIO,0.0
EQWT_NAM_MARKET_SHARE_RATIO,0.0
EQWT_NAM_MARKET_SHARE_RATIO,0.0
EQWT_NAM_MARKET_SHARE_RATIO,0.0
EQWT_NAM_MARKET_SHARE_RATIO,0.1289
EQWT_NAM_MARKET_SHARE_RATIO,0.0
EQWT_NAM_MARKET_SHARE_RATIO,0.0
EQWT_NAM_MARKET_SHARE_RATIO,0.0264
EQWT_NAM_MARKET_SHARE_RATIO,0.0075
EQWT_NAM_MARKET_SHARE_RATIO,0.0
EQWT_NAM_MARKET_SHARE_RATIO,0.0
EQWT_NAM_MARKET_SHARE_RATIO,0.0
EQWT_NAM_MARKET_SHARE_RATIO,0.0
EQWT_NAM_MARKET_SHARE_RATIO,0.0202
EQWT_NAM_MARKET_SHARE_RATIO,0.0864
EQWT_NAM_MARKET_SHARE_RATIO,0.0
EQWT_NAM_MARKET_SHARE_RATIO,0.0309
EQWT_NAM_MARKET_SHARE_RATIO,0.0
EQWT_NAM_MARKET_SHARE_RATIO,0.0572
EQWT_NAM_MARKET_SHARE_RATIO,0.0
EQWT_NAM_MARKET_SHARE_RATIO,0.0
EQWT_NAM_MARKET_SHARE_RATIO,0.0
EQWT_NAM_MARKET_SHARE_RATIO,0.1828
EQWT_NAM_MARKET_SHARE_RATIO,0.0009
EQWT_NAM_MARKET_SHARE_RATIO,0.0
EQWT_NAM_MARKET_SHARE_RATIO,0.0
EQWT_NAM_MARKET_SHARE_RATIO,0.0
EQWT_NAM_MARKET_SHARE_RATIO,0.0
EQWT_NAM_MARKET_SHARE_RATIO,0.0
EQWT_NAM_MARKET_SHARE_RATIO,0.0
EQWT_NAM_MARKET_SHARE_RATIO,0.0
EQWT_NAM_MARKET_SHARE_RATIO,0.0
EQWT_NAM_MARKET_SHARE_RATIO,0.0
EQWT_NAM_MARKET_SHARE_RATIO,0.0
EQWT_NAM_MARKET_SHARE_RATIO,0.0
EQWT_NAM_MARKET_SHARE_RATIO,0.0
EQWT_NAM_MARKET_SHARE_RATIO,0.0
EQWT_NAM_MARKET_SHARE_RATIO,0.0217
EQWT_NAM_MARKET_SHARE_RATIO,0.0508
EQWT_NAM_MARKET_SHARE_RATIO,0.0
EQWT_NAM_MARKET_SHARE_RATIO,0.0
EQWT_NAM_MARKET_SHARE_RATIO,0.0
EQWT_NAM_MARKET_SHARE_RATIO,0.0101
EQWT_NAM_MARKET_SHARE_RATIO,0.0
EQWT_NAM_MARKET_SHARE_RATIO,0.0
EQWT_NAM_MARKET_SHARE_RATIO,0.0
EQWT_NAM_MARKET_SHARE_RATIO,0.0
EQWT_NAM_MARKET_SHARE_RATIO,0.0
EQWT_NAM_MARKET_SHARE_RATIO,0.0
EQWT_NAM_MARKET_SHARE_RATIO,0.1805
EQWT_NAM_MARKET_SHARE_RATIO,0.0
EQWT_NAM_MARKET_SHARE_RATIO,0.0
EQWT_NAM_MARKET_SHARE_RATIO,0.0139
EQWT_NAM_MARKET_SHARE_RATIO,0.0
EQWT_NAM_MARKET_SHARE_RATIO,0.0
EQWT_NAM_MARKET_SHARE_RATIO,0.0
EQWT_NAM_MARKET_SHARE_RATIO,0.0
EQWT_NAM_MARKET_SHARE_RATIO,0.0
EQWT_NAM_MARKET_SHARE_RATIO,0.0
EQWT_NAM_MARKET_SHARE_RATIO,0.0188
EQWT_NAM_MARKET_SHARE_RATIO,0.0
EQWT_NAM_MARKET_SHARE_RATIO,0.0
EQWT_NAM_MARKET_SHARE_RATIO,0.1018
EQWT_NAM_MARKET_SHARE_RATIO,0.2753
EQWT_NAM_MARKET_SHARE_RATIO,0.0
EQWT_NAM_MARKET_SHARE_RATIO,0.027000000000000003
EQWT_NAM_MARKET_SHARE_RATIO,0.0
EQWT_NAM_MARKET_SHARE_RATIO,0.0
EQWT_NAM_MARKET_SHARE_RATIO,0.0
EQWT_NAM_MARKET_SHARE_RATIO,0.0
EQWT_NAM_MARKET_SHARE_RATIO,0.0
EQWT_NAM_MARKET_SHARE_RATIO,0.0
EQWT_NAM_MARKET_SHARE_RATIO,0.0
EQWT_NAM_MARKET_SHARE_RATIO,0.0
EQWT_NAM_MARKET_SHARE_RATIO,0.02
EQWT_NAM_MARKET_SHARE_RATIO,0.0
EQWT_NAM_MARKET_SHARE_RATIO,0.0
EQWT_NAM_MARKET_SHARE_RATIO,0.0
EQWT_NAM_MARKET_SHARE_RATIO,0.0
EQWT_NAM_MARKET_SHARE_RATIO,0.0
EQWT_NAM_MARKET_SHARE_RATIO,0.1117
EQWT_NAM_MARKET_SHARE_RATIO,0.0
EQWT_NAM_MARKET_SHARE_RATIO,0.0
EQWT_NAM_MARKET_SHARE_RATIO,0.0
EQWT_NAM_MARKET_SHARE_RATIO,0.0
EQWT_NAM_MARKET_SHARE_RATIO,0.1263
EQWT_NAM_MARKET_SHARE_RATIO,0.0
EQWT_NAM_MARKET_SHARE_RATIO,0.0
EQWT_NAM_MARKET_SHARE_RATIO,0.0
EQWT_NAM_MARKET_SHARE_RATIO,0.0
EQWT_NAM_MARKET_SHARE_RATIO,0.0
EQWT_NAM_MARKET_SHARE_RATIO,0.1428
EQWT_NAM_MARKET_SHARE_RATIO,0.0
EQWT_NAM_MARKET_SHARE_RATIO,0.0
EQWT_NAM_MARKET_SHARE_RATIO,0.0
EQWT_NAM_MARKET_SHARE_RATIO,0.0
EQWT_NAM_MARKET_SHARE_RATIO,0.0
EQWT_NAM_MARKET_SHARE_RATIO,0.0
EQWT_NAM_MARKET_SHARE_RATIO,0.0653
EQWT_NAM_MARKET_SHARE_RATIO,0.0795
EQWT_NAM_MARKET_SHARE_RATIO,0.0
EQWT_NAM_MARKET_SHARE_RATIO,0.0
EQWT_NAM_MARKET_SHARE_RATIO,0.0
EQWT_NAM_MARKET_SHARE_RATIO,0.0
EQWT_NAM_MARKET_SHARE_RATIO,0.0
EQWT_NAM_MARKET_SHARE_RATIO,0.0281
EQWT_NAM_MARKET_SHARE_RATIO,0.0
EQWT_NAM_MARKET_SHARE_RATIO,0.0
EQWT_NAM_MARKET_SHARE_RATIO,0.0
EQWT_NAM_MARKET_SHARE_RATIO,0.0
EQWT_NAM_MARKET_SHARE_RATIO,0.0
EQWT_NAM_MARKET_SHARE_RATIO,0.0067
EQWT_NAM_MARKET_SHARE_RATIO,0.0
EQWT_NAM_MARKET_SHARE_RATIO,0.0
EQWT_NAM_MARKET_SHARE_RATIO,0.0
EQWT_NAM_MARKET_SHARE_RATIO,0.0699
EQWT_NAM_MARKET_SHARE_RATIO,0.0
EQWT_NAM_MARKET_SHARE_RATIO,0.0
EQWT_NAM_MARKET_SHARE_RATIO,0.0
EQWT_NAM_MARKET_SHARE_RATIO,0.0
EQWT_NAM_MARKET_SHARE_RATIO,0.0
EQWT_NAM_MARKET_SHARE_RATIO,0.0
EQWT_NAM_MARKET_SHARE_RATIO,0.0
EQWT_NAM_MARKET_SHARE_RATIO,0.0
EQWT_NAM_MARKET_SHARE_RATIO,0.0115
EQWT_NAM_MARKET_SHARE_RATIO,0.0
EQWT_NAM_MARKET_SHARE_RATIO,0.0
EQWT_NAM_MARKET_SHARE_RATIO,0.0
EQWT_NAM_MARKET_SHARE_RATIO,0.0
EQWT_NAM_MARKET_SHARE_RATIO,0.0
EQWT_NAM_MARKET_SHARE_RATIO,0.1083
EQWT_NAM_MARKET_SHARE_RATIO,0.0
EQWT_NAM_MARKET_SHARE_RATIO,0.0
EQWT_NAM_MARKET_SHARE_RATIO,0.0
EQWT_NAM_MARKET_SHARE_RATIO,0.0489
EQWT_NAM_MARKET_SHARE_RATIO,0.0233
EQWT_NAM_MARKET_SHARE_RATIO,0.0124
EQWT_NAM_MARKET_SHARE_RATIO,0.0
EQWT_NAM_MARKET_SHARE_RATIO,0.0
EQWT_NAM_MARKET_SHARE_RATIO,0.0
EQWT_NAM_MARKET_SHARE_RATIO,0.0
EQWT_NAM_MARKET_SHARE_RATIO,0.0
EQWT_NAM_MARKET_SHARE_RATIO,0.0
EQWT_NAM_MARKET_SHARE_RATIO,0.0
EQWT_NAM_MARKET_SHARE_RATIO,0.0
EQWT_NAM_MARKET_SHARE_RATIO,0.0
EQWT_NAM_MARKET_SHARE_RATIO,0.0
EQWT_NAM_MARKET_SHARE_RATIO,0.0
EQWT_NAM_MARKET_SHARE_RATIO,0.0
EQWT_NAM_MARKET_SHARE_RATIO,0.0
EQWT_NAM_MARKET_SHARE_RATIO,0.0
EQWT_NAM_MARKET_SHARE_RATIO,0.1002
EQWT_NAM_MARKET_SHARE_RATIO,0.0301
EQWT_NAM_MARKET_SHARE_RATIO,0.0
EQWT_NAM_MARKET_SHARE_RATIO,0.0
EQWT_NAM_MARKET_SHARE_RATIO,0.0265
EQWT_NAM_MARKET_SHARE_RATIO,0.0
EQWT_NAM_MARKET_SHARE_RATIO,0.1188
EQWT_NAM_MARKET_SHARE_RATIO,0.1732
EQWT_NAM_MARKET_SHARE_RATIO,0.0
EQWT_NAM_MARKET_SHARE_RATIO,0.0
EQWT_NAM_MARKET_SHARE_RATIO,0.0
EQWT_NAM_MARKET_SHARE_RATIO,0.0397
EQWT_NAM_MARKET_SHARE_RATIO,0.1616
EQWT_NAM_MARKET_SHARE_RATIO,0.0
EQWT_NAM_MARKET_SHARE_RATIO,0.0
EQWT_NAM_MARKET_SHARE_RATIO,0.1128
EQWT_NAM_MARKET_SHARE_RATIO,0.0
EQWT_NAM_MARKET_SHARE_RATIO,0.0262
EQWT_NAM_MARKET_SHARE_RATIO,0.0
EQWT_NAM_MARKET_SHARE_RATIO,0.0
EQWT_NAM_MARKET_SHARE_RATIO,0.0
EQWT_NAM_MARKET_SHARE_RATIO,0.0359
EQWT_NAM_MARKET_SHARE_RATIO,0.1644
EQWT_NAM_MARKET_SHARE_RATIO,0.0
EQWT_NAM_MARKET_SHARE_RATIO,0.0199
EQWT_NAM_MARKET_SHARE_RATIO,0.0
EQWT_NAM_MARKET_SHARE_RATIO,0.1495
EQWT_NAM_MARKET_SHARE_RATIO,0.0
EQWT_NAM_MARKET_SHARE_RATIO,0.0089
EQWT_NAM_MARKET_SHARE_RATIO,0.0
EQWT_NAM_MARKET_SHARE_RATIO,0.0
EQWT_NAM_MARKET_SHARE_RATIO,0.0
EQWT_NAM_MARKET_SHARE_RATIO,0.0
EQWT_NAM_MARKET_SHARE_RATIO,0.0
EQWT_NAM_MARKET_SHARE_RATIO,0.0
EQWT_NAM_MARKET_SHARE_RATIO,0.0
EQWT_NAM_MARKET_SHARE_RATIO,0.0
EQWT_NAM_MARKET_SHARE_RATIO,0.0
EQWT_NAM_MARKET_SHARE_RATIO,0.0
EQWT_NAM_MARKET_SHARE_RATIO,0.1153
EQWT_NAM_MARKET_SHARE_RATIO,0.0122
EQWT_NAM_MARKET_SHARE_RATIO,0.0
EQWT_NAM_MARKET_SHARE_RATIO,0.0
EQWT_NAM_MARKET_SHARE_RATIO,0.0
EQWT_NAM_MARKET_SHARE_RATIO,0.0
EQWT_NAM_MARKET_SHARE_RATIO,0.0
EQWT_NAM_MARKET_SHARE_RATIO,0.0
EQWT_NAM_MARKET_SHARE_RATIO,0.0949
EQWT_NAM_MARKET_SHARE_RATIO,0.0
EQWT_NAM_MARKET_SHARE_RATIO,0.0
EQWT_NAM_MARKET_SHARE_RATIO,0.0
EQWT_NAM_MARKET_SHARE_RATIO,0.0
EQWT_NAM_MARKET_SHARE_RATIO,0.0
EQWT_NAM_MARKET_SHARE_RATIO,0.0
EQWT_NAM_MARKET_SHARE_RATIO,0.0026
EQWT_NAM_MARKET_SHARE_RATIO,0.0
EQWT_NAM_MARKET_SHARE_RATIO,0.0
EQWT_NAM_MARKET_SHARE_RATIO,0.0
EQWT_NAM_MARKET_SHARE_RATIO,0.0
EQWT_NAM_MARKET_SHARE_RATIO,0.0
EQWT_NAM_MARKET_SHARE_RATIO,0.0262
EQWT_NAM_MARKET_SHARE_RATIO,0.0007
EQWT_NAM_MARKET_SHARE_RATIO,0.0
EQWT_NAM_MARKET_SHARE_RATIO,0.0
EQWT_NAM_MARKET_SHARE_RATIO,0.0
EQWT_NAM_MARKET_SHARE_RATIO,0.0
EQWT_NAM_MARKET_SHARE_RATIO,0.0
EQWT_NAM_MARKET_SHARE_RATIO,0.0
EQWT_NAM_MARKET_SHARE_RATIO,0.0644
EQWT_NAM_MARKET_SHARE_RATIO,0.0
EQWT_NAM_MARKET_SHARE_RATIO,0.0155
EQWT_NAM_MARKET_SHARE_RATIO,0.0
EQWT_NAM_MARKET_SHARE_RATIO,0.0
EQWT_NAM_MARKET_SHARE_RATIO,0.0
EQWT_NAM_MARKET_SHARE_RATIO,0.0
EQWT_NAM_MARKET_SHARE_RATIO,0.2253
EQWT_NAM_MARKET_SHARE_RATIO,0.0
EQWT_NAM_MARKET_SHARE_RATIO,0.037000000000000005
EQWT_NAM_MARKET_SHARE_RATIO,0.0613
EQWT_NAM_MARKET_SHARE_RATIO,0.0
EQWT_NAM_MARKET_SHARE_RATIO,0.0
EQWT_NAM_MARKET_SHARE_RATIO,0.0
EQWT_NAM_MARKET_SHARE_RATIO,0.0
EQWT_NAM_MARKET_SHARE_RATIO,0.0607
EQWT_NAM_MARKET_SHARE_RATIO,0.0
EQWT_NAM_MARKET_SHARE_RATIO,0.0
EQWT_NAM_MARKET_SHARE_RATIO,0.0
EQWT_NAM_MARKET_SHARE_RATIO,0.0307
EQWT_NAM_MARKET_SHARE_RATIO,0.2123
EQWT_NAM_MARKET_SHARE_RATIO,0.0
EQWT_NAM_MARKET_SHARE_RATIO,0.0
EQWT_NAM_MARKET_SHARE_RATIO,0.0
EQWT_NAM_MARKET_SHARE_RATIO,0.0388
EQWT_NAM_MARKET_SHARE_RATIO,0.07200000000000001
EQWT_NAM_MARKET_SHARE_RATIO,0.0498
EQWT_NAM_MARKET_SHARE_RATIO,0.0
EQWT_NAM_MARKET_SHARE_RATIO,0.0
EQWT_NAM_MARKET_SHARE_RATIO,0.0
EQWT_NAM_MARKET_SHARE_RATIO,0.0786
EQWT_NAM_MARKET_SHARE_RATIO,0.0
EQWT_NAM_MARKET_SHARE_RATIO,0.1829
EQWT_NAM_MARKET_SHARE_RATIO,0.0
EQWT_NAM_MARKET_SHARE_RATIO,0.1734
EQWT_NAM_MARKET_SHARE_RATIO,0.1108
EQWT_NAM_MARKET_SHARE_RATIO,0.0002
EQWT_NAM_MARKET_SHARE_RATIO,0.0
EQWT_NAM_MARKET_SHARE_RATIO,0.0
EQWT_NAM_MARKET_SHARE_RATIO,0.0
EQWT_NAM_MARKET_SHARE_RATIO,0.0
EQWT_NAM_MARKET_SHARE_RATIO,0.1642
EQWT_NAM_MARKET_SHARE_RATIO,0.0
EQWT_NAM_MARKET_SHARE_RATIO,0.0
EQWT_NAM_MARKET_SHARE_RATIO,0.0
EQWT_NAM_MARKET_SHARE_RATIO,0.0
EQWT_NAM_MARKET_SHARE_RATIO,0.0621
EQWT_NAM_MARKET_SHARE_RATIO,0.0
EQWT_NAM_MARKET_SHARE_RATIO,0.0
EQWT_NAM_MARKET_SHARE_RATIO,0.0452
EQWT_NAM_MARKET_SHARE_RATIO,0.1164
EQWT_NAM_MARKET_SHARE_RATIO,0.0
EQWT_NAM_MARKET_SHARE_RATIO,0.0251
EQWT_NAM_MARKET_SHARE_RATIO,0.1052
EQWT_NAM_MARKET_SHARE_RATIO,0.0367
EQWT_NAM_MARKET_SHARE_RATIO,0.0
EQWT_NAM_MARKET_SHARE_RATIO,0.0
EQWT_NAM_MARKET_SHARE_RATIO,0.0036
EQWT_NAM_MARKET_SHARE_RATIO,0.0
EQWT_NAM_MARKET_SHARE_RATIO,0.094
EQWT_NAM_MARKET_SHARE_RATIO,0.0176
EQWT_NAM_MARKET_SHARE_RATIO,0.0
EQWT_NAM_MARKET_SHARE_RATIO,0.0096
EQWT_NAM_MARKET_SHARE_RATIO,0.0
EQWT_NAM_MARKET_SHARE_RATIO,0.0232
EQWT_NAM_MARKET_SHARE_RATIO,0.0
EQWT_NAM_MARKET_SHARE_RATIO,0.0
EQWT_NAM_MARKET_SHARE_RATIO,0.0
EQWT_NAM_MARKET_SHARE_RATIO,0.0
EQWT_NAM_MARKET_SHARE_RATIO,0.0087
EQWT_NAM_MARKET_SHARE_RATIO,0.0
EQWT_NAM_MARKET_SHARE_RATIO,0.0
EQWT_NAM_MARKET_SHARE_RATIO,0.0838
EQWT_NAM_MARKET_SHARE_RATIO,0.0108
EQWT_NAM_MARKET_SHARE_RATIO,0.1075
EQWT_NAM_MARKET_SHARE_RATIO,0.0375
EQWT_NAM_MARKET_SHARE_RATIO,0.0
EQWT_NAM_MARKET_SHARE_RATIO,0.0487
EQWT_NAM_MARKET_SHARE_RATIO,0.0
EQWT_NAM_MARKET_SHARE_RATIO,0.0
EQWT_NAM_MARKET_SHARE_RATIO,0.0472
EQWT_NAM_MARKET_SHARE_RATIO,0.0
EQWT_NAM_MARKET_SHARE_RATIO,0.0
EQWT_NAM_MARKET_SHARE_RATIO,0.0
EQWT_NAM_MARKET_SHARE_RATIO,0.0
EQWT_NAM_MARKET_SHARE_RATIO,0.0
EQWT_NAM_MARKET_SHARE_RATIO,0.0
EQWT_NAM_MARKET_SHARE_RATIO,0.0
EQWT_NAM_MARKET_SHARE_RATIO,0.0
EQWT_NAM_MARKET_SHARE_RATIO,0.0
EQWT_NAM_MARKET_SHARE_RATIO,0.1133
EQWT_NAM_MARKET_SHARE_RATIO,0.0
EQWT_NAM_MARKET_SHARE_RATIO,0.0
EQWT_NAM_MARKET_SHARE_RATIO,0.0365
EQWT_NAM_MARKET_SHARE_RATIO,0.0094
EQWT_NAM_OWS_MARKET_SHARE_RATIO,0.2199
EQWT_NAM_OWS_MARKET_SHARE_RATIO,1.0
EQWT_NAM_OWS_MARKET_SHARE_RATIO,1.0
EQWT_NAM_OWS_MARKET_SHARE_RATIO,1.0
EQWT_NAM_OWS_MARKET_SHARE_RATIO,0.7956
EQWT_NAM_OWS_MARKET_SHARE_RATIO,0.9999
EQWT_NAM_OWS_MARKET_SHARE_RATIO,1.0
EQWT_NAM_OWS_MARKET_SHARE_RATIO,1.0
EQWT_NAM_OWS_MARKET_SHARE_RATIO,1.0
EQWT_NAM_OWS_MARKET_SHARE_RATIO,1.0
EQWT_NAM_OWS_MARKET_SHARE_RATIO,1.0
EQWT_NAM_OWS_MARKET_SHARE_RATIO,1.0
EQWT_NAM_OWS_MARKET_SHARE_RATIO,1.0
EQWT_NAM_OWS_MARKET_SHARE_RATIO,1.0
EQWT_NAM_OWS_MARKET_SHARE_RATIO,1.0
EQWT_NAM_OWS_MARKET_SHARE_RATIO,1.0
EQWT_NAM_OWS_MARKET_SHARE_RATIO,1.0
EQWT_NAM_OWS_MARKET_SHARE_RATIO,1.0
EQWT_NAM_OWS_MARKET_SHARE_RATIO,1.0
EQWT_NAM_OWS_MARKET_SHARE_RATIO,1.0
EQWT_NAM_OWS_MARKET_SHARE_RATIO,1.0
EQWT_NAM_OWS_MARKET_SHARE_RATIO,1.0
EQWT_NAM_OWS_MARKET_SHARE_RATIO,1.0
EQWT_NAM_OWS_MARKET_SHARE_RATIO,1.0
EQWT_NAM_OWS_MARKET_SHARE_RATIO,1.0
EQWT_NAM_OWS_MARKET_SHARE_RATIO,1.0
EQWT_NAM_OWS_MARKET_SHARE_RATIO,1.0
EQWT_NAM_OWS_MARKET_SHARE_RATIO,0.9885
EQWT_NAM_OWS_MARKET_SHARE_RATIO,1.0
EQWT_NAM_OWS_MARKET_SHARE_RATIO,1.0
EQWT_NAM_OWS_MARKET_SHARE_RATIO,1.0
EQWT_NAM_OWS_MARKET_SHARE_RATIO,1.0
EQWT_NAM_OWS_MARKET_SHARE_RATIO,0.9648
EQWT_NAM_OWS_MARKET_SHARE_RATIO,1.0
EQWT_NAM_OWS_MARKET_SHARE_RATIO,1.0
EQWT_NAM_OWS_MARKET_SHARE_RATIO,0.9983
EQWT_NAM_OWS_MARKET_SHARE_RATIO,1.0
EQWT_NAM_OWS_MARKET_SHARE_RATIO,1.0
EQWT_NAM_OWS_MARKET_SHARE_RATIO,1.0
EQWT_NAM_OWS_MARKET_SHARE_RATIO,1.0
EQWT_NAM_OWS_MARKET_SHARE_RATIO,1.0
EQWT_NAM_OWS_MARKET_SHARE_RATIO,1.0
EQWT_NAM_OWS_MARKET_SHARE_RATIO,1.0
EQWT_NAM_OWS_MARKET_SHARE_RATIO,1.0
EQWT_NAM_OWS_MARKET_SHARE_RATIO,1.0
EQWT_NAM_OWS_MARKET_SHARE_RATIO,1.0
EQWT_NAM_OWS_MARKET_SHARE_RATIO,1.0
EQWT_NAM_OWS_MARKET_SHARE_RATIO,1.0
EQWT_NAM_OWS_MARKET_SHARE_RATIO,1.0
EQWT_NAM_OWS_MARKET_SHARE_RATIO,1.0
EQWT_NAM_OWS_MARKET_SHARE_RATIO,1.0
EQWT_NAM_OWS_MARKET_SHARE_RATIO,1.0
EQWT_NAM_OWS_MARKET_SHARE_RATIO,1.0
EQWT_NAM_OWS_MARKET_SHARE_RATIO,1.0
EQWT_NAM_OWS_MARKET_SHARE_RATIO,1.0
EQWT_NAM_OWS_MARKET_SHARE_RATIO,1.0
EQWT_NAM_OWS_MARKET_SHARE_RATIO,1.0
EQWT_NAM_OWS_MARKET_SHARE_RATIO,1.0
EQWT_NAM_OWS_MARKET_SHARE_RATIO,1.0
EQWT_NAM_OWS_MARKET_SHARE_RATIO,0.6525
EQWT_NAM_OWS_MARKET_SHARE_RATIO,1.0
EQWT_NAM_OWS_MARKET_SHARE_RATIO,1.0
EQWT_NAM_OWS_MARKET_SHARE_RATIO,0.9993
EQWT_NAM_OWS_MARKET_SHARE_RATIO,0.853
EQWT_NAM_OWS_MARKET_SHARE_RATIO,0.9907
EQWT_NAM_OWS_MARKET_SHARE_RATIO,1.0
EQWT_NAM_OWS_MARKET_SHARE_RATIO,1.0
EQWT_NAM_OWS_MARKET_SHARE_RATIO,1.0
EQWT_NAM_OWS_MARKET_SHARE_RATIO,0.9969
EQWT_NAM_OWS_MARKET_SHARE_RATIO,1.0
EQWT_NAM_OWS_MARKET_SHARE_RATIO,1.0
EQWT_NAM_OWS_MARKET_SHARE_RATIO,0.9968
EQWT_NAM_OWS_MARKET_SHARE_RATIO,1.0
EQWT_NAM_OWS_MARKET_SHARE_RATIO,1.0
EQWT_NAM_OWS_MARKET_SHARE_RATIO,0.8104
EQWT_NAM_OWS_MARKET_SHARE_RATIO,1.0
EQWT_NAM_OWS_MARKET_SHARE_RATIO,1.0
EQWT_NAM_OWS_MARKET_SHARE_RATIO,0.9995
EQWT_NAM_OWS_MARKET_SHARE_RATIO,1.0
EQWT_NAM_OWS_MARKET_SHARE_RATIO,0.9969
EQWT_NAM_OWS_MARKET_SHARE_RATIO,1.0
EQWT_NAM_OWS_MARKET_SHARE_RATIO,1.0
EQWT_NAM_OWS_MARKET_SHARE_RATIO,1.0
EQWT_NAM_OWS_MARKET_SHARE_RATIO,1.0
EQWT_NAM_OWS_MARKET_SHARE_RATIO,1.0
EQWT_NAM_OWS_MARKET_SHARE_RATIO,1.0
EQWT_NAM_OWS_MARKET_SHARE_RATIO,1.0
EQWT_NAM_OWS_MARKET_SHARE_RATIO,1.0
EQWT_NAM_OWS_MARKET_SHARE_RATIO,1.0
EQWT_NAM_OWS_MARKET_SHARE_RATIO,1.0
EQWT_NAM_OWS_MARKET_SHARE_RATIO,0.9990000000000001
EQWT_NAM_OWS_MARKET_SHARE_RATIO,1.0
EQWT_NAM_OWS_MARKET_SHARE_RATIO,0.9972
EQWT_NAM_OWS_MARKET_SHARE_RATIO,1.0
EQWT_NAM_OWS_MARKET_SHARE_RATIO,1.0
EQWT_NAM_OWS_MARKET_SHARE_RATIO,1.0
EQWT_NAM_OWS_MARKET_SHARE_RATIO,1.0
EQWT_NAM_OWS_MARKET_SHARE_RATIO,1.0
EQWT_NAM_OWS_MARKET_SHARE_RATIO,1.0
EQWT_NAM_OWS_MARKET_SHARE_RATIO,1.0
EQWT_NAM_OWS_MARKET_SHARE_RATIO,1.0
EQWT_NAM_OWS_MARKET_SHARE_RATIO,0.9909
EQWT_NAM_OWS_MARKET_SHARE_RATIO,1.0
EQWT_NAM_OWS_MARKET_SHARE_RATIO,1.0
EQWT_NAM_OWS_MARKET_SHARE_RATIO,1.0
EQWT_NAM_OWS_MARKET_SHARE_RATIO,1.0
EQWT_NAM_OWS_MARKET_SHARE_RATIO,0.9504
EQWT_NAM_OWS_MARKET_SHARE_RATIO,0.8688
EQWT_NAM_OWS_MARKET_SHARE_RATIO,1.0
EQWT_NAM_OWS_MARKET_SHARE_RATIO,1.0
EQWT_NAM_OWS_MARKET_SHARE_RATIO,1.0
EQWT_NAM_OWS_MARKET_SHARE_RATIO,1.0
EQWT_NAM_OWS_MARKET_SHARE_RATIO,1.0
EQWT_NAM_OWS_MARKET_SHARE_RATIO,0.6939
EQWT_NAM_OWS_MARKET_SHARE_RATIO,1.0
EQWT_NAM_OWS_MARKET_SHARE_RATIO,1.0
EQWT_NAM_OWS_MARKET_SHARE_RATIO,1.0
EQWT_NAM_OWS_MARKET_SHARE_RATIO,1.0
EQWT_NAM_OWS_MARKET_SHARE_RATIO,1.0
EQWT_NAM_OWS_MARKET_SHARE_RATIO,1.0
EQWT_NAM_OWS_MARKET_SHARE_RATIO,1.0
EQWT_NAM_OWS_MARKET_SHARE_RATIO,1.0
EQWT_NAM_OWS_MARKET_SHARE_RATIO,0.9781
EQWT_NAM_OWS_MARKET_SHARE_RATIO,1.0
EQWT_NAM_OWS_MARKET_SHARE_RATIO,1.0
EQWT_NAM_OWS_MARKET_SHARE_RATIO,1.0
EQWT_NAM_OWS_MARKET_SHARE_RATIO,1.0
EQWT_NAM_OWS_MARKET_SHARE_RATIO,1.0
EQWT_NAM_OWS_MARKET_SHARE_RATIO,0.9457
EQWT_NAM_OWS_MARKET_SHARE_RATIO,1.0
EQWT_NAM_OWS_MARKET_SHARE_RATIO,1.0
EQWT_NAM_OWS_MARKET_SHARE_RATIO,1.0
EQWT_NAM_OWS_MARKET_SHARE_RATIO,1.0
EQWT_NAM_OWS_MARKET_SHARE_RATIO,1.0
EQWT_NAM_OWS_MARKET_SHARE_RATIO,1.0
EQWT_NAM_OWS_MARKET_SHARE_RATIO,1.0
EQWT_NAM_OWS_MARKET_SHARE_RATIO,1.0
EQWT_NAM_OWS_MARKET_SHARE_RATIO,1.0
EQWT_NAM_OWS_MARKET_SHARE_RATIO,1.0
EQWT_NAM_OWS_MARKET_SHARE_RATIO,0.9977
EQWT_NAM_OWS_MARKET_SHARE_RATIO,1.0
EQWT_NAM_OWS_MARKET_SHARE_RATIO,0.8339
EQWT_NAM_OWS_MARKET_SHARE_RATIO,1.0
EQWT_NAM_OWS_MARKET_SHARE_RATIO,0.9963
EQWT_NAM_OWS_MARKET_SHARE_RATIO,1.0
EQWT_NAM_OWS_MARKET_SHARE_RATIO,1.0
EQWT_NAM_OWS_MARKET_SHARE_RATIO,1.0
EQWT_NAM_OWS_MARKET_SHARE_RATIO,1.0
EQWT_NAM_OWS_MARKET_SHARE_RATIO,0.9988
EQWT_NAM_OWS_MARKET_SHARE_RATIO,1.0
EQWT_NAM_OWS_MARKET_SHARE_RATIO,1.0
EQWT_NAM_OWS_MARKET_SHARE_RATIO,1.0
EQWT_NAM_OWS_MARKET_SHARE_RATIO,1.0
EQWT_NAM_OWS_MARKET_SHARE_RATIO,1.0
EQWT_NAM_OWS_MARKET_SHARE_RATIO,1.0
EQWT_NAM_OWS_MARKET_SHARE_RATIO,1.0
EQWT_NAM_OWS_MARKET_SHARE_RATIO,1.0
EQWT_NAM_OWS_MARKET_SHARE_RATIO,0.9999
EQWT_NAM_OWS_MARKET_SHARE_RATIO,1.0
EQWT_NAM_OWS_MARKET_SHARE_RATIO,1.0
EQWT_NAM_OWS_MARKET_SHARE_RATIO,0.8401
EQWT_NAM_OWS_MARKET_SHARE_RATIO,1.0
EQWT_NAM_OWS_MARKET_SHARE_RATIO,1.0
EQWT_NAM_OWS_MARKET_SHARE_RATIO,1.0
EQWT_NAM_OWS_MARKET_SHARE_RATIO,1.0
EQWT_NAM_OWS_MARKET_SHARE_RATIO,1.0
EQWT_NAM_OWS_MARKET_SHARE_RATIO,1.0
EQWT_NAM_OWS_MARKET_SHARE_RATIO,0.8459
EQWT_NAM_OWS_MARKET_SHARE_RATIO,1.0
EQWT_NAM_OWS_MARKET_SHARE_RATIO,0.7922
EQWT_NAM_OWS_MARKET_SHARE_RATIO,1.0
EQWT_NAM_OWS_MARKET_SHARE_RATIO,1.0
EQWT_NAM_OWS_MARKET_SHARE_RATIO,1.0
EQWT_NAM_OWS_MARKET_SHARE_RATIO,1.0
EQWT_NAM_OWS_MARKET_SHARE_RATIO,1.0
EQWT_NAM_OWS_MARKET_SHARE_RATIO,1.0
EQWT_NAM_OWS_MARKET_SHARE_RATIO,0.9845
EQWT_NAM_OWS_MARKET_SHARE_RATIO,0.9974
EQWT_NAM_OWS_MARKET_SHARE_RATIO,1.0
EQWT_NAM_OWS_MARKET_SHARE_RATIO,1.0
EQWT_NAM_OWS_MARKET_SHARE_RATIO,1.0
EQWT_NAM_OWS_MARKET_SHARE_RATIO,1.0
EQWT_NAM_OWS_MARKET_SHARE_RATIO,0.951
EQWT_NAM_OWS_MARKET_SHARE_RATIO,1.0
EQWT_NAM_OWS_MARKET_SHARE_RATIO,1.0
EQWT_NAM_OWS_MARKET_SHARE_RATIO,1.0
EQWT_NAM_OWS_MARKET_SHARE_RATIO,1.0
EQWT_NAM_OWS_MARKET_SHARE_RATIO,1.0
EQWT_NAM_OWS_MARKET_SHARE_RATIO,1.0
EQWT_NAM_OWS_MARKET_SHARE_RATIO,1.0
EQWT_NAM_OWS_MARKET_SHARE_RATIO,1.0
EQWT_NAM_OWS_MARKET_SHARE_RATIO,1.0
EQWT_NAM_OWS_MARKET_SHARE_RATIO,1.0
EQWT_NAM_OWS_MARKET_SHARE_RATIO,0.9997
EQWT_NAM_OWS_MARKET_SHARE_RATIO,1.0
EQWT_NAM_OWS_MARKET_SHARE_RATIO,1.0
EQWT_NAM_OWS_MARKET_SHARE_RATIO,1.0
EQWT_NAM_OWS_MARKET_SHARE_RATIO,1.0
EQWT_NAM_OWS_MARKET_SHARE_RATIO,1.0
EQWT_NAM_OWS_MARKET_SHARE_RATIO,1.0
EQWT_NAM_OWS_MARKET_SHARE_RATIO,0.8281
EQWT_NAM_OWS_MARKET_SHARE_RATIO,1.0
EQWT_NAM_OWS_MARKET_SHARE_RATIO,1.0
EQWT_NAM_OWS_MARKET_SHARE_RATIO,1.0
EQWT_NAM_OWS_MARKET_SHARE_RATIO,1.0
EQWT_NAM_OWS_MARKET_SHARE_RATIO,1.0
EQWT_NAM_OWS_MARKET_SHARE_RATIO,1.0
EQWT_NAM_OWS_MARKET_SHARE_RATIO,1.0
EQWT_NAM_OWS_MARKET_SHARE_RATIO,0.9884
EQWT_NAM_OWS_MARKET_SHARE_RATIO,1.0
EQWT_NAM_OWS_MARKET_SHARE_RATIO,1.0
EQWT_NAM_OWS_MARKET_SHARE_RATIO,1.0
EQWT_NAM_OWS_MARKET_SHARE_RATIO,1.0
EQWT_NAM_OWS_MARKET_SHARE_RATIO,1.0
EQWT_NAM_OWS_MARKET_SHARE_RATIO,1.0
EQWT_NAM_OWS_MARKET_SHARE_RATIO,1.0
EQWT_NAM_OWS_MARKET_SHARE_RATIO,1.0
EQWT_NAM_OWS_MARKET_SHARE_RATIO,1.0
EQWT_NAM_OWS_MARKET_SHARE_RATIO,1.0
EQWT_NAM_OWS_MARKET_SHARE_RATIO,1.0
EQWT_NAM_OWS_MARKET_SHARE_RATIO,0.9129999999999999
EQWT_NAM_OWS_MARKET_SHARE_RATIO,1.0
EQWT_NAM_OWS_MARKET_SHARE_RATIO,1.0
EQWT_NAM_OWS_MARKET_SHARE_RATIO,0.9225
EQWT_NAM_OWS_MARKET_SHARE_RATIO,1.0
EQWT_NAM_OWS_MARKET_SHARE_RATIO,1.0
EQWT_NAM_OWS_MARKET_SHARE_RATIO,1.0
EQWT_NAM_OWS_MARKET_SHARE_RATIO,1.0
EQWT_NAM_OWS_MARKET_SHARE_RATIO,1.0
EQWT_NAM_OWS_MARKET_SHARE_RATIO,1.0
EQWT_NAM_OWS_MARKET_SHARE_RATIO,1.0
EQWT_NAM_OWS_MARKET_SHARE_RATIO,0.9986
EQWT_NAM_OWS_MARKET_SHARE_RATIO,1.0
EQWT_NAM_OWS_MARKET_SHARE_RATIO,1.0
EQWT_NAM_OWS_MARKET_SHARE_RATIO,1.0
EQWT_NAM_OWS_MARKET_SHARE_RATIO,1.0
EQWT_NAM_OWS_MARKET_SHARE_RATIO,1.0
EQWT_NAM_OWS_MARKET_SHARE_RATIO,1.0
EQWT_NAM_OWS_MARKET_SHARE_RATIO,1.0
EQWT_NAM_OWS_MARKET_SHARE_RATIO,1.0
EQWT_NAM_OWS_MARKET_SHARE_RATIO,1.0
EQWT_NAM_OWS_MARKET_SHARE_RATIO,0.9995
EQWT_NAM_OWS_MARKET_SHARE_RATIO,1.0
EQWT_NAM_OWS_MARKET_SHARE_RATIO,1.0
EQWT_NAM_OWS_MARKET_SHARE_RATIO,1.0
EQWT_NAM_OWS_MARKET_SHARE_RATIO,1.0
EQWT_NAM_OWS_MARKET_SHARE_RATIO,1.0
EQWT_NAM_OWS_MARKET_SHARE_RATIO,1.0
EQWT_NAM_OWS_MARKET_SHARE_RATIO,1.0
EQWT_NAM_OWS_MARKET_SHARE_RATIO,1.0
EQWT_NAM_OWS_MARKET_SHARE_RATIO,1.0
EQWT_NAM_OWS_MARKET_SHARE_RATIO,1.0
EQWT_NAM_OWS_MARKET_SHARE_RATIO,1.0
EQWT_NAM_OWS_MARKET_SHARE_RATIO,1.0
EQWT_NAM_OWS_MARKET_SHARE_RATIO,1.0
EQWT_NAM_OWS_MARKET_SHARE_RATIO,0.9981
EQWT_NAM_OWS_MARKET_SHARE_RATIO,1.0
EQWT_NAM_OWS_MARKET_SHARE_RATIO,1.0
EQWT_NAM_OWS_MARKET_SHARE_RATIO,1.0
EQWT_NAM_OWS_MARKET_SHARE_RATIO,1.0
EQWT_NAM_OWS_MARKET_SHARE_RATIO,1.0
EQWT_NAM_OWS_MARKET_SHARE_RATIO,1.0
EQWT_NAM_OWS_MARKET_SHARE_RATIO,1.0
EQWT_NAM_OWS_MARKET_SHARE_RATIO,0.9713
EQWT_NAM_OWS_MARKET_SHARE_RATIO,1.0
EQWT_NAM_OWS_MARKET_SHARE_RATIO,0.9963
EQWT_NAM_OWS_MARKET_SHARE_RATIO,1.0
EQWT_NAM_OWS_MARKET_SHARE_RATIO,1.0
EQWT_NAM_OWS_MARKET_SHARE_RATIO,0.7927
EQWT_NAM_OWS_MARKET_SHARE_RATIO,1.0
EQWT_NAM_OWS_MARKET_SHARE_RATIO,1.0
EQWT_NAM_OWS_MARKET_SHARE_RATIO,1.0
EQWT_NAM_OWS_MARKET_SHARE_RATIO,1.0
EQWT_NAM_OWS_MARKET_SHARE_RATIO,1.0
EQWT_NAM_OWS_MARKET_SHARE_RATIO,1.0
EQWT_NAM_OWS_MARKET_SHARE_RATIO,1.0
EQWT_NAM_OWS_MARKET_SHARE_RATIO,1.0
EQWT_NAM_OWS_MARKET_SHARE_RATIO,1.0
EQWT_NAM_OWS_MARKET_SHARE_RATIO,1.0
EQWT_NAM_OWS_MARKET_SHARE_RATIO,1.0
EQWT_NAM_OWS_MARKET_SHARE_RATIO,1.0
EQWT_NAM_OWS_MARKET_SHARE_RATIO,1.0
EQWT_NAM_OWS_MARKET_SHARE_RATIO,1.0
EQWT_NAM_OWS_MARKET_SHARE_RATIO,1.0
EQWT_NAM_OWS_MARKET_SHARE_RATIO,1.0
EQWT_NAM_OWS_MARKET_SHARE_RATIO,1.0
EQWT_NAM_OWS_MARKET_SHARE_RATIO,0.9992
EQWT_NAM_OWS_MARKET_SHARE_RATIO,1.0
EQWT_NAM_OWS_MARKET_SHARE_RATIO,1.0
EQWT_NAM_OWS_MARKET_SHARE_RATIO,1.0
EQWT_NAM_OWS_MARKET_SHARE_RATIO,1.0
EQWT_NAM_OWS_MARKET_SHARE_RATIO,1.0
EQWT_NAM_OWS_MARKET_SHARE_RATIO,1.0
EQWT_NAM_OWS_MARKET_SHARE_RATIO,1.0
EQWT_NAM_OWS_MARKET_SHARE_RATIO,1.0
EQWT_NAM_OWS_MARKET_SHARE_RATIO,0.392
EQWT_NAM_OWS_MARKET_SHARE_RATIO,1.0
EQWT_NAM_OWS_MARKET_SHARE_RATIO,1.0
EQWT_NAM_OWS_MARKET_SHARE_RATIO,1.0
EQWT_NAM_OWS_MARKET_SHARE_RATIO,1.0
EQWT_NAM_OWS_MARKET_SHARE_RATIO,1.0
EQWT_NAM_OWS_MARKET_SHARE_RATIO,0.9942
EQWT_NAM_OWS_MARKET_SHARE_RATIO,1.0
EQWT_NAM_OWS_MARKET_SHARE_RATIO,1.0
EQWT_NAM_OWS_MARKET_SHARE_RATIO,1.0
EQWT_NAM_OWS_MARKET_SHARE_RATIO,1.0
EQWT_NAM_OWS_MARKET_SHARE_RATIO,0.9919
EQWT_NAM_OWS_MARKET_SHARE_RATIO,1.0
EQWT_NAM_OWS_MARKET_SHARE_RATIO,1.0
EQWT_NAM_OWS_MARKET_SHARE_RATIO,1.0
EQWT_NAM_OWS_MARKET_SHARE_RATIO,1.0
EQWT_NAM_OWS_MARKET_SHARE_RATIO,0.9914
EQWT_NAM_OWS_MARKET_SHARE_RATIO,1.0
EQWT_NAM_OWS_MARKET_SHARE_RATIO,1.0
EQWT_NAM_OWS_MARKET_SHARE_RATIO,1.0
EQWT_NAM_OWS_MARKET_SHARE_RATIO,1.0
EQWT_NAM_OWS_MARKET_SHARE_RATIO,1.0
EQWT_NAM_OWS_MARKET_SHARE_RATIO,1.0
EQWT_NAM_OWS_MARKET_SHARE_RATIO,1.0
EQWT_NAM_OWS_MARKET_SHARE_RATIO,1.0
EQWT_NAM_OWS_MARKET_SHARE_RATIO,1.0
EQWT_NAM_OWS_MARKET_SHARE_RATIO,1.0
EQWT_NAM_OWS_MARKET_SHARE_RATIO,1.0
EQWT_NAM_OWS_MARKET_SHARE_RATIO,1.0
EQWT_NAM_OWS_MARKET_SHARE_RATIO,1.0
EQWT_NAM_OWS_MARKET_SHARE_RATIO,1.0
EQWT_NAM_OWS_MARKET_SHARE_RATIO,1.0
EQWT_NAM_OWS_MARKET_SHARE_RATIO,1.0
EQWT_NAM_OWS_MARKET_SHARE_RATIO,1.0
EQWT_NAM_OWS_MARKET_SHARE_RATIO,1.0
EQWT_NAM_OWS_MARKET_SHARE_RATIO,1.0
EQWT_NAM_OWS_MARKET_SHARE_RATIO,1.0
EQWT_NAM_OWS_MARKET_SHARE_RATIO,0.9996
EQWT_NAM_OWS_MARKET_SHARE_RATIO,1.0
EQWT_NAM_OWS_MARKET_SHARE_RATIO,0.9363
EQWT_NAM_OWS_MARKET_SHARE_RATIO,1.0
EQWT_NAM_OWS_MARKET_SHARE_RATIO,1.0
EQWT_NAM_OWS_MARKET_SHARE_RATIO,1.0
EQWT_NAM_OWS_MARKET_SHARE_RATIO,1.0
EQWT_NAM_OWS_MARKET_SHARE_RATIO,0.9937
EQWT_NAM_OWS_MARKET_SHARE_RATIO,1.0
EQWT_NAM_OWS_MARKET_SHARE_RATIO,1.0
EQWT_NAM_OWS_MARKET_SHARE_RATIO,0.8829
EQWT_NAM_OWS_MARKET_SHARE_RATIO,1.0
EQWT_NAM_OWS_MARKET_SHARE_RATIO,1.0
EQWT_NAM_OWS_MARKET_SHARE_RATIO,1.0
EQWT_NAM_OWS_MARKET_SHARE_RATIO,1.0
EQWT_NAM_OWS_MARKET_SHARE_RATIO,1.0
EQWT_NAM_OWS_MARKET_SHARE_RATIO,1.0
EQWT_NAM_OWS_MARKET_SHARE_RATIO,1.0
EQWT_NAM_OWS_MARKET_SHARE_RATIO,1.0
EQWT_NAM_OWS_MARKET_SHARE_RATIO,1.0
EQWT_NAM_OWS_MARKET_SHARE_RATIO,1.0
EQWT_NAM_OWS_MARKET_SHARE_RATIO,1.0
EQWT_NAM_OWS_MARKET_SHARE_RATIO,1.0
EQWT_NAM_OWS_MARKET_SHARE_RATIO,1.0
EQWT_NAM_OWS_MARKET_SHARE_RATIO,1.0
EQWT_NAM_OWS_MARKET_SHARE_RATIO,1.0
EQWT_NAM_OWS_MARKET_SHARE_RATIO,1.0
EQWT_NAM_OWS_MARKET_SHARE_RATIO,1.0
EQWT_NAM_OWS_MARKET_SHARE_RATIO,1.0
EQWT_NAM_OWS_MARKET_SHARE_RATIO,1.0
EQWT_NAM_OWS_MARKET_SHARE_RATIO,1.0
EQWT_NAM_OWS_MARKET_SHARE_RATIO,1.0
EQWT_NAM_OWS_MARKET_SHARE_RATIO,1.0
EQWT_NAM_OWS_MARKET_SHARE_RATIO,1.0
EQWT_NAM_OWS_MARKET_SHARE_RATIO,1.0
EQWT_NAM_OWS_MARKET_SHARE_RATIO,1.0
EQWT_NAM_OWS_MARKET_SHARE_RATIO,1.0
EQWT_NAM_OWS_MARKET_SHARE_RATIO,1.0
EQWT_NAM_OWS_MARKET_SHARE_RATIO,0.9790000000000001
EQWT_NAM_OWS_MARKET_SHARE_RATIO,0.7048
EQWT_NAM_OWS_MARKET_SHARE_RATIO,1.0
EQWT_NAM_OWS_MARKET_SHARE_RATIO,1.0
EQWT_NAM_OWS_MARKET_SHARE_RATIO,1.0
EQWT_NAM_OWS_MARKET_SHARE_RATIO,1.0
EQWT_NAM_OWS_MARKET_SHARE_RATIO,0.6962
EQWT_NAM_OWS_MARKET_SHARE_RATIO,1.0
EQWT_NAM_OWS_MARKET_SHARE_RATIO,1.0
EQWT_NAM_OWS_MARKET_SHARE_RATIO,1.0
EQWT_NAM_OWS_MARKET_SHARE_RATIO,1.0
EQWT_NAM_OWS_MARKET_SHARE_RATIO,1.0
EQWT_NAM_OWS_MARKET_SHARE_RATIO,1.0
EQWT_NAM_OWS_MARKET_SHARE_RATIO,0.9677
EQWT_NAM_OWS_MARKET_SHARE_RATIO,1.0
EQWT_NAM_OWS_MARKET_SHARE_RATIO,1.0
EQWT_NAM_OWS_MARKET_SHARE_RATIO,1.0
EQWT_NAM_OWS_MARKET_SHARE_RATIO,1.0
EQWT_NAM_OWS_MARKET_SHARE_RATIO,1.0
EQWT_NAM_OWS_MARKET_SHARE_RATIO,0.9927
EQWT_NAM_OWS_MARKET_SHARE_RATIO,1.0
EQWT_NAM_OWS_MARKET_SHARE_RATIO,1.0
EQWT_NAM_OWS_MARKET_SHARE_RATIO,1.0
EQWT_NAM_OWS_MARKET_SHARE_RATIO,1.0
EQWT_NAM_OWS_MARKET_SHARE_RATIO,1.0
EQWT_NAM_WASH_AVERAGE_VOLUME_RATIO,1.0
EQWT_NAM_WASH_AVERAGE_VOLUME_RATIO,1.0
EQWT_NAM_WASH_AVERAGE_VOLUME_RATIO,1.0
EQWT_NAM_WASH_AVERAGE_VOLUME_RATIO,1.0
EQWT_NAM_WASH_AVERAGE_VOLUME_RATIO,1.0
EQWT_NAM_WASH_AVERAGE_VOLUME_RATIO,1.0
EQWT_NAM_WASH_AVERAGE_VOLUME_RATIO,1.0
EQWT_NAM_WASH_AVERAGE_VOLUME_RATIO,1.0
EQWT_NAM_WASH_AVERAGE_VOLUME_RATIO,1.0
EQWT_NAM_WASH_AVERAGE_VOLUME_RATIO,1.0
EQWT_NAM_WASH_AVERAGE_VOLUME_RATIO,1.0
EQWT_NAM_WASH_AVERAGE_VOLUME_RATIO,1.0
EQWT_NAM_WASH_AVERAGE_VOLUME_RATIO,1.0
EQWT_NAM_WASH_AVERAGE_VOLUME_RATIO,1.0
EQWT_NAM_WASH_AVERAGE_VOLUME_RATIO,1.0
EQWT_NAM_WASH_AVERAGE_VOLUME_RATIO,1.0
EQWT_NAM_WASH_AVERAGE_VOLUME_RATIO,1.0
EQWT_NAM_WASH_AVERAGE_VOLUME_RATIO,1.0
EQWT_NAM_WASH_AVERAGE_VOLUME_RATIO,1.0
EQWT_NAM_WASH_AVERAGE_VOLUME_RATIO,1.0
EQWT_NAM_WASH_AVERAGE_VOLUME_RATIO,1.0
EQWT_NAM_WASH_AVERAGE_VOLUME_RATIO,1.0
EQWT_NAM_WASH_AVERAGE_VOLUME_RATIO,1.0
EQWT_NAM_WASH_AVERAGE_VOLUME_RATIO,0.4227
EQWT_NAM_WASH_AVERAGE_VOLUME_RATIO,1.0
EQWT_NAM_WASH_AVERAGE_VOLUME_RATIO,1.0
EQWT_NAM_WASH_AVERAGE_VOLUME_RATIO,1.0
EQWT_NAM_WASH_AVERAGE_VOLUME_RATIO,0.6988
EQWT_NAM_WASH_AVERAGE_VOLUME_RATIO,1.0
EQWT_NAM_WASH_AVERAGE_VOLUME_RATIO,1.0
EQWT_NAM_WASH_AVERAGE_VOLUME_RATIO,1.0
EQWT_NAM_WASH_AVERAGE_VOLUME_RATIO,1.0
EQWT_NAM_WASH_AVERAGE_VOLUME_RATIO,1.0
EQWT_NAM_WASH_AVERAGE_VOLUME_RATIO,1.0
EQWT_NAM_WASH_AVERAGE_VOLUME_RATIO,1.0
EQWT_NAM_WASH_AVERAGE_VOLUME_RATIO,1.0
EQWT_NAM_WASH_AVERAGE_VOLUME_RATIO,1.0
EQWT_NAM_WASH_AVERAGE_VOLUME_RATIO,1.0
EQWT_NAM_WASH_AVERAGE_VOLUME_RATIO,1.0
EQWT_NAM_WASH_AVERAGE_VOLUME_RATIO,1.0
EQWT_NAM_WASH_AVERAGE_VOLUME_RATIO,1.0
EQWT_NAM_WASH_AVERAGE_VOLUME_RATIO,1.0
EQWT_NAM_WASH_AVERAGE_VOLUME_RATIO,1.0
EQWT_NAM_WASH_AVERAGE_VOLUME_RATIO,1.0
EQWT_NAM_WASH_AVERAGE_VOLUME_RATIO,1.0
EQWT_NAM_WASH_AVERAGE_VOLUME_RATIO,1.0
EQWT_NAM_WASH_AVERAGE_VOLUME_RATIO,1.0
EQWT_NAM_WASH_AVERAGE_VOLUME_RATIO,1.0
EQWT_NAM_WASH_AVERAGE_VOLUME_RATIO,1.0
EQWT_NAM_WASH_AVERAGE_VOLUME_RATIO,1.0
EQWT_NAM_WASH_AVERAGE_VOLUME_RATIO,1.0
EQWT_NAM_WASH_AVERAGE_VOLUME_RATIO,1.0
EQWT_NAM_WASH_AVERAGE_VOLUME_RATIO,1.0
EQWT_NAM_WASH_AVERAGE_VOLUME_RATIO,1.0
EQWT_NAM_WASH_AVERAGE_VOLUME_RATIO,1.0
EQWT_NAM_WASH_AVERAGE_VOLUME_RATIO,1.0
EQWT_NAM_WASH_AVERAGE_VOLUME_RATIO,1.0
EQWT_NAM_WASH_AVERAGE_VOLUME_RATIO,1.0
EQWT_NAM_WASH_AVERAGE_VOLUME_RATIO,1.0
EQWT_NAM_WASH_AVERAGE_VOLUME_RATIO,1.0
EQWT_NAM_WASH_AVERAGE_VOLUME_RATIO,1.0
EQWT_NAM_WASH_AVERAGE_VOLUME_RATIO,1.0
EQWT_NAM_WASH_AVERAGE_VOLUME_RATIO,1.0
EQWT_NAM_WASH_AVERAGE_VOLUME_RATIO,1.0
EQWT_NAM_WASH_AVERAGE_VOLUME_RATIO,1.0
EQWT_NAM_WASH_AVERAGE_VOLUME_RATIO,1.0
EQWT_NAM_WASH_AVERAGE_VOLUME_RATIO,1.0
EQWT_NAM_WASH_AVERAGE_VOLUME_RATIO,1.0
EQWT_NAM_WASH_AVERAGE_VOLUME_RATIO,1.0
EQWT_NAM_WASH_AVERAGE_VOLUME_RATIO,1.0
EQWT_NAM_WASH_AVERAGE_VOLUME_RATIO,1.0
EQWT_NAM_WASH_AVERAGE_VOLUME_RATIO,1.0
EQWT_NAM_WASH_AVERAGE_VOLUME_RATIO,1.0
EQWT_NAM_WASH_AVERAGE_VOLUME_RATIO,1.0
EQWT_NAM_WASH_AVERAGE_VOLUME_RATIO,1.0
EQWT_NAM_WASH_AVERAGE_VOLUME_RATIO,1.0
EQWT_NAM_WASH_AVERAGE_VOLUME_RATIO,1.0
EQWT_NAM_WASH_AVERAGE_VOLUME_RATIO,1.0
EQWT_NAM_WASH_AVERAGE_VOLUME_RATIO,1.0
EQWT_NAM_WASH_AVERAGE_VOLUME_RATIO,1.0
EQWT_NAM_WASH_AVERAGE_VOLUME_RATIO,1.0
EQWT_NAM_WASH_AVERAGE_VOLUME_RATIO,1.0
EQWT_NAM_WASH_AVERAGE_VOLUME_RATIO,1.0
EQWT_NAM_WASH_AVERAGE_VOLUME_RATIO,1.0
EQWT_NAM_WASH_AVERAGE_VOLUME_RATIO,1.0
EQWT_NAM_WASH_AVERAGE_VOLUME_RATIO,1.0
EQWT_NAM_WASH_AVERAGE_VOLUME_RATIO,1.0
EQWT_NAM_WASH_AVERAGE_VOLUME_RATIO,1.0
EQWT_NAM_WASH_AVERAGE_VOLUME_RATIO,1.0
EQWT_NAM_WASH_AVERAGE_VOLUME_RATIO,1.0
EQWT_NAM_WASH_AVERAGE_VOLUME_RATIO,1.0
EQWT_NAM_WASH_AVERAGE_VOLUME_RATIO,1.0
EQWT_NAM_WASH_AVERAGE_VOLUME_RATIO,1.0
EQWT_NAM_WASH_AVERAGE_VOLUME_RATIO,1.0
EQWT_NAM_WASH_AVERAGE_VOLUME_RATIO,1.0
EQWT_NAM_WASH_AVERAGE_VOLUME_RATIO,1.0
EQWT_NAM_WASH_AVERAGE_VOLUME_RATIO,1.0
EQWT_NAM_WASH_AVERAGE_VOLUME_RATIO,1.0
EQWT_NAM_WASH_AVERAGE_VOLUME_RATIO,1.0
EQWT_NAM_WASH_AVERAGE_VOLUME_RATIO,1.0
EQWT_NAM_WASH_AVERAGE_VOLUME_RATIO,1.0
EQWT_NAM_WASH_AVERAGE_VOLUME_RATIO,1.0
EQWT_NAM_WASH_AVERAGE_VOLUME_RATIO,1.0
EQWT_NAM_WASH_AVERAGE_VOLUME_RATIO,1.0
EQWT_NAM_WASH_AVERAGE_VOLUME_RATIO,1.0
EQWT_NAM_WASH_AVERAGE_VOLUME_RATIO,1.0
EQWT_NAM_WASH_AVERAGE_VOLUME_RATIO,1.0
EQWT_NAM_WASH_AVERAGE_VOLUME_RATIO,1.0
EQWT_NAM_WASH_AVERAGE_VOLUME_RATIO,1.0
EQWT_NAM_WASH_AVERAGE_VOLUME_RATIO,1.0
EQWT_NAM_WASH_AVERAGE_VOLUME_RATIO,1.0
EQWT_NAM_WASH_AVERAGE_VOLUME_RATIO,1.0
EQWT_NAM_WASH_AVERAGE_VOLUME_RATIO,1.0
EQWT_NAM_WASH_AVERAGE_VOLUME_RATIO,1.0
EQWT_NAM_WASH_AVERAGE_VOLUME_RATIO,1.0
EQWT_NAM_WASH_AVERAGE_VOLUME_RATIO,1.0
EQWT_NAM_WASH_AVERAGE_VOLUME_RATIO,1.0
EQWT_NAM_WASH_AVERAGE_VOLUME_RATIO,1.0
EQWT_NAM_WASH_AVERAGE_VOLUME_RATIO,1.0
EQWT_NAM_WASH_AVERAGE_VOLUME_RATIO,1.0
EQWT_NAM_WASH_AVERAGE_VOLUME_RATIO,1.0
EQWT_NAM_WASH_AVERAGE_VOLUME_RATIO,1.0
EQWT_NAM_WASH_AVERAGE_VOLUME_RATIO,1.0
EQWT_NAM_WASH_AVERAGE_VOLUME_RATIO,1.0
EQWT_NAM_WASH_AVERAGE_VOLUME_RATIO,1.0
EQWT_NAM_WASH_AVERAGE_VOLUME_RATIO,1.0
EQWT_NAM_WASH_AVERAGE_VOLUME_RATIO,1.0
EQWT_NAM_WASH_AVERAGE_VOLUME_RATIO,1.0
EQWT_NAM_WASH_AVERAGE_VOLUME_RATIO,1.0
EQWT_NAM_WASH_AVERAGE_VOLUME_RATIO,1.0
EQWT_NAM_WASH_AVERAGE_VOLUME_RATIO,0.479
EQWT_NAM_WASH_AVERAGE_VOLUME_RATIO,1.0
EQWT_NAM_WASH_AVERAGE_VOLUME_RATIO,1.0
EQWT_NAM_WASH_AVERAGE_VOLUME_RATIO,1.0
EQWT_NAM_WASH_AVERAGE_VOLUME_RATIO,1.0
EQWT_NAM_WASH_AVERAGE_VOLUME_RATIO,1.0
EQWT_NAM_WASH_AVERAGE_VOLUME_RATIO,1.0
EQWT_NAM_WASH_AVERAGE_VOLUME_RATIO,1.0
EQWT_NAM_WASH_AVERAGE_VOLUME_RATIO,1.0
EQWT_NAM_WASH_AVERAGE_VOLUME_RATIO,1.0
EQWT_NAM_WASH_AVERAGE_VOLUME_RATIO,1.0
EQWT_NAM_WASH_AVERAGE_VOLUME_RATIO,1.0
EQWT_NAM_WASH_AVERAGE_VOLUME_RATIO,1.0
EQWT_NAM_WASH_AVERAGE_VOLUME_RATIO,1.0
EQWT_NAM_WASH_AVERAGE_VOLUME_RATIO,1.0
EQWT_NAM_WASH_AVERAGE_VOLUME_RATIO,1.0
EQWT_NAM_WASH_AVERAGE_VOLUME_RATIO,1.0
EQWT_NAM_WASH_AVERAGE_VOLUME_RATIO,1.0
EQWT_NAM_WASH_AVERAGE_VOLUME_RATIO,1.0
EQWT_NAM_WASH_AVERAGE_VOLUME_RATIO,1.0
EQWT_NAM_WASH_AVERAGE_VOLUME_RATIO,1.0
EQWT_NAM_WASH_AVERAGE_VOLUME_RATIO,1.0
EQWT_NAM_WASH_AVERAGE_VOLUME_RATIO,1.0
EQWT_NAM_WASH_AVERAGE_VOLUME_RATIO,1.0
EQWT_NAM_WASH_AVERAGE_VOLUME_RATIO,1.0
EQWT_NAM_WASH_AVERAGE_VOLUME_RATIO,1.0
EQWT_NAM_WASH_AVERAGE_VOLUME_RATIO,1.0
EQWT_NAM_WASH_AVERAGE_VOLUME_RATIO,1.0
EQWT_NAM_WASH_AVERAGE_VOLUME_RATIO,1.0
EQWT_NAM_WASH_AVERAGE_VOLUME_RATIO,1.0
EQWT_NAM_WASH_AVERAGE_VOLUME_RATIO,1.0
EQWT_NAM_WASH_AVERAGE_VOLUME_RATIO,1.0
EQWT_NAM_WASH_AVERAGE_VOLUME_RATIO,1.0
EQWT_NAM_WASH_AVERAGE_VOLUME_RATIO,1.0
EQWT_NAM_WASH_AVERAGE_VOLUME_RATIO,1.0
EQWT_NAM_WASH_AVERAGE_VOLUME_RATIO,1.0
EQWT_NAM_WASH_AVERAGE_VOLUME_RATIO,1.0
EQWT_NAM_WASH_AVERAGE_VOLUME_RATIO,1.0
EQWT_NAM_WASH_AVERAGE_VOLUME_RATIO,1.0
EQWT_NAM_WASH_AVERAGE_VOLUME_RATIO,0.9101
EQWT_NAM_WASH_AVERAGE_VOLUME_RATIO,1.0
EQWT_NAM_WASH_AVERAGE_VOLUME_RATIO,1.0
EQWT_NAM_WASH_AVERAGE_VOLUME_RATIO,1.0
EQWT_NAM_WASH_AVERAGE_VOLUME_RATIO,1.0
EQWT_NAM_WASH_AVERAGE_VOLUME_RATIO,1.0
EQWT_NAM_WASH_AVERAGE_VOLUME_RATIO,1.0
EQWT_NAM_WASH_AVERAGE_VOLUME_RATIO,1.0
EQWT_NAM_WASH_AVERAGE_VOLUME_RATIO,1.0
EQWT_NAM_WASH_AVERAGE_VOLUME_RATIO,1.0
EQWT_NAM_WASH_AVERAGE_VOLUME_RATIO,1.0
EQWT_NAM_WASH_AVERAGE_VOLUME_RATIO,1.0
EQWT_NAM_WASH_AVERAGE_VOLUME_RATIO,1.0
EQWT_NAM_WASH_AVERAGE_VOLUME_RATIO,1.0
EQWT_NAM_WASH_AVERAGE_VOLUME_RATIO,1.0
EQWT_NAM_WASH_AVERAGE_VOLUME_RATIO,1.0
EQWT_NAM_WASH_AVERAGE_VOLUME_RATIO,1.0
EQWT_NAM_WASH_AVERAGE_VOLUME_RATIO,1.0
EQWT_NAM_WASH_AVERAGE_VOLUME_RATIO,1.0
EQWT_NAM_WASH_AVERAGE_VOLUME_RATIO,1.0
EQWT_NAM_WASH_AVERAGE_VOLUME_RATIO,1.0
EQWT_NAM_WASH_AVERAGE_VOLUME_RATIO,1.0
EQWT_NAM_WASH_AVERAGE_VOLUME_RATIO,1.0
EQWT_NAM_WASH_AVERAGE_VOLUME_RATIO,1.0
EQWT_NAM_WASH_AVERAGE_VOLUME_RATIO,1.0
EQWT_NAM_WASH_AVERAGE_VOLUME_RATIO,1.0
EQWT_NAM_WASH_AVERAGE_VOLUME_RATIO,1.0
EQWT_NAM_WASH_AVERAGE_VOLUME_RATIO,1.0
EQWT_NAM_WASH_AVERAGE_VOLUME_RATIO,1.0
EQWT_NAM_WASH_AVERAGE_VOLUME_RATIO,1.0
EQWT_NAM_WASH_AVERAGE_VOLUME_RATIO,1.0
EQWT_NAM_WASH_AVERAGE_VOLUME_RATIO,1.0
EQWT_NAM_WASH_AVERAGE_VOLUME_RATIO,1.0
EQWT_NAM_WASH_AVERAGE_VOLUME_RATIO,1.0
EQWT_NAM_WASH_AVERAGE_VOLUME_RATIO,1.0
EQWT_NAM_WASH_AVERAGE_VOLUME_RATIO,1.0
EQWT_NAM_WASH_AVERAGE_VOLUME_RATIO,1.0
EQWT_NAM_WASH_AVERAGE_VOLUME_RATIO,1.0
EQWT_NAM_WASH_AVERAGE_VOLUME_RATIO,1.0
EQWT_NAM_WASH_AVERAGE_VOLUME_RATIO,1.0
EQWT_NAM_WASH_AVERAGE_VOLUME_RATIO,1.0
EQWT_NAM_WASH_AVERAGE_VOLUME_RATIO,1.0
EQWT_NAM_WASH_AVERAGE_VOLUME_RATIO,1.0
EQWT_NAM_WASH_AVERAGE_VOLUME_RATIO,1.0
EQWT_NAM_WASH_AVERAGE_VOLUME_RATIO,1.0
EQWT_NAM_WASH_AVERAGE_VOLUME_RATIO,1.0
EQWT_NAM_WASH_AVERAGE_VOLUME_RATIO,1.0
EQWT_NAM_WASH_AVERAGE_VOLUME_RATIO,1.0
EQWT_NAM_WASH_AVERAGE_VOLUME_RATIO,1.0
EQWT_NAM_WASH_AVERAGE_VOLUME_RATIO,1.0
EQWT_NAM_WASH_AVERAGE_VOLUME_RATIO,1.0
EQWT_NAM_WASH_AVERAGE_VOLUME_RATIO,1.0
EQWT_NAM_WASH_AVERAGE_VOLUME_RATIO,1.0
EQWT_NAM_WASH_AVERAGE_VOLUME_RATIO,1.0
EQWT_NAM_WASH_AVERAGE_VOLUME_RATIO,1.0
EQWT_NAM_WASH_AVERAGE_VOLUME_RATIO,1.0
EQWT_NAM_WASH_AVERAGE_VOLUME_RATIO,1.0
EQWT_NAM_WASH_AVERAGE_VOLUME_RATIO,1.0
EQWT_NAM_WASH_AVERAGE_VOLUME_RATIO,1.0
EQWT_NAM_WASH_AVERAGE_VOLUME_RATIO,1.0
EQWT_NAM_WASH_AVERAGE_VOLUME_RATIO,1.0
EQWT_NAM_WASH_AVERAGE_VOLUME_RATIO,1.0
EQWT_NAM_WASH_AVERAGE_VOLUME_RATIO,1.0
EQWT_NAM_WASH_AVERAGE_VOLUME_RATIO,1.0
EQWT_NAM_WASH_AVERAGE_VOLUME_RATIO,1.0
EQWT_NAM_WASH_AVERAGE_VOLUME_RATIO,1.0
EQWT_NAM_WASH_AVERAGE_VOLUME_RATIO,1.0
EQWT_NAM_WASH_AVERAGE_VOLUME_RATIO,1.0
EQWT_NAM_WASH_AVERAGE_VOLUME_RATIO,1.0
EQWT_NAM_WASH_AVERAGE_VOLUME_RATIO,1.0
EQWT_NAM_WASH_AVERAGE_VOLUME_RATIO,1.0
EQWT_NAM_WASH_AVERAGE_VOLUME_RATIO,1.0
EQWT_NAM_WASH_AVERAGE_VOLUME_RATIO,1.0
EQWT_NAM_WASH_AVERAGE_VOLUME_RATIO,1.0
EQWT_NAM_WASH_AVERAGE_VOLUME_RATIO,1.0
EQWT_NAM_WASH_AVERAGE_VOLUME_RATIO,1.0
EQWT_NAM_WASH_AVERAGE_VOLUME_RATIO,1.0
EQWT_NAM_WASH_AVERAGE_VOLUME_RATIO,1.0
EQWT_NAM_WASH_AVERAGE_VOLUME_RATIO,1.0
EQWT_NAM_WASH_AVERAGE_VOLUME_RATIO,1.0
EQWT_NAM_WASH_AVERAGE_VOLUME_RATIO,1.0
EQWT_NAM_WASH_AVERAGE_VOLUME_RATIO,1.0
EQWT_NAM_WASH_AVERAGE_VOLUME_RATIO,1.0
EQWT_NAM_WASH_AVERAGE_VOLUME_RATIO,1.0
EQWT_NAM_WASH_AVERAGE_VOLUME_RATIO,1.0
EQWT_NAM_WASH_AVERAGE_VOLUME_RATIO,1.0
EQWT_NAM_WASH_AVERAGE_VOLUME_RATIO,1.0
EQWT_NAM_WASH_AVERAGE_VOLUME_RATIO,1.0
EQWT_NAM_WASH_AVERAGE_VOLUME_RATIO,1.0
EQWT_NAM_WASH_AVERAGE_VOLUME_RATIO,1.0
EQWT_NAM_WASH_AVERAGE_VOLUME_RATIO,1.0
EQWT_NAM_WASH_AVERAGE_VOLUME_RATIO,1.0
EQWT_NAM_WASH_AVERAGE_VOLUME_RATIO,1.0
EQWT_NAM_WASH_AVERAGE_VOLUME_RATIO,1.0
EQWT_NAM_WASH_AVERAGE_VOLUME_RATIO,1.0
EQWT_NAM_WASH_AVERAGE_VOLUME_RATIO,1.0
EQWT_NAM_WASH_AVERAGE_VOLUME_RATIO,1.0
EQWT_NAM_WASH_AVERAGE_VOLUME_RATIO,1.0
EQWT_NAM_WASH_AVERAGE_VOLUME_RATIO,1.0
EQWT_NAM_WASH_AVERAGE_VOLUME_RATIO,1.0
EQWT_NAM_WASH_AVERAGE_VOLUME_RATIO,1.0
EQWT_NAM_WASH_AVERAGE_VOLUME_RATIO,1.0
EQWT_NAM_WASH_AVERAGE_VOLUME_RATIO,1.0
EQWT_NAM_WASH_AVERAGE_VOLUME_RATIO,1.0
EQWT_NAM_WASH_AVERAGE_VOLUME_RATIO,1.0
EQWT_NAM_WASH_AVERAGE_VOLUME_RATIO,1.0
EQWT_NAM_WASH_AVERAGE_VOLUME_RATIO,1.0
EQWT_NAM_WASH_AVERAGE_VOLUME_RATIO,1.0
EQWT_NAM_WASH_AVERAGE_VOLUME_RATIO,1.0
EQWT_NAM_WASH_AVERAGE_VOLUME_RATIO,1.0
EQWT_NAM_WASH_AVERAGE_VOLUME_RATIO,1.0
EQWT_NAM_WASH_AVERAGE_VOLUME_RATIO,1.0
EQWT_NAM_WASH_AVERAGE_VOLUME_RATIO,1.0
EQWT_NAM_WASH_AVERAGE_VOLUME_RATIO,1.0
EQWT_NAM_WASH_AVERAGE_VOLUME_RATIO,1.0
EQWT_NAM_WASH_AVERAGE_VOLUME_RATIO,1.0
EQWT_NAM_WASH_AVERAGE_VOLUME_RATIO,1.0
EQWT_NAM_WASH_AVERAGE_VOLUME_RATIO,1.0
EQWT_NAM_WASH_AVERAGE_VOLUME_RATIO,1.0
EQWT_NAM_WASH_AVERAGE_VOLUME_RATIO,1.0
EQWT_NAM_WASH_AVERAGE_VOLUME_RATIO,1.0
EQWT_NAM_WASH_AVERAGE_VOLUME_RATIO,1.0
EQWT_NAM_WASH_AVERAGE_VOLUME_RATIO,1.0
EQWT_NAM_WASH_AVERAGE_VOLUME_RATIO,1.0
EQWT_NAM_WASH_AVERAGE_VOLUME_RATIO,1.0
EQWT_NAM_WASH_AVERAGE_VOLUME_RATIO,1.0
EQWT_NAM_WASH_AVERAGE_VOLUME_RATIO,1.0
EQWT_NAM_WASH_AVERAGE_VOLUME_RATIO,1.0
EQWT_NAM_WASH_AVERAGE_VOLUME_RATIO,1.0
EQWT_NAM_WASH_AVERAGE_VOLUME_RATIO,1.0
EQWT_NAM_WASH_AVERAGE_VOLUME_RATIO,1.0
EQWT_NAM_WASH_AVERAGE_VOLUME_RATIO,1.0
EQWT_NAM_WASH_AVERAGE_VOLUME_RATIO,1.0
EQWT_NAM_WASH_AVERAGE_VOLUME_RATIO,1.0
EQWT_NAM_WASH_AVERAGE_VOLUME_RATIO,1.0
EQWT_NAM_WASH_AVERAGE_VOLUME_RATIO,1.0
EQWT_NAM_WASH_AVERAGE_VOLUME_RATIO,1.0
EQWT_NAM_WASH_AVERAGE_VOLUME_RATIO,1.0
EQWT_NAM_WASH_AVERAGE_VOLUME_RATIO,1.0
EQWT_NAM_WASH_AVERAGE_VOLUME_RATIO,1.0
EQWT_NAM_WASH_AVERAGE_VOLUME_RATIO,1.0
EQWT_NAM_WASH_AVERAGE_VOLUME_RATIO,1.0
EQWT_NAM_WASH_AVERAGE_VOLUME_RATIO,1.0
EQWT_NAM_WASH_AVERAGE_VOLUME_RATIO,1.0
EQWT_NAM_WASH_AVERAGE_VOLUME_RATIO,1.0
EQWT_NAM_WASH_AVERAGE_VOLUME_RATIO,1.0
EQWT_NAM_WASH_AVERAGE_VOLUME_RATIO,1.0
EQWT_NAM_WASH_AVERAGE_VOLUME_RATIO,1.0
EQWT_NAM_WASH_AVERAGE_VOLUME_RATIO,1.0
EQWT_NAM_WASH_AVERAGE_VOLUME_RATIO,1.0
EQWT_NAM_WASH_AVERAGE_VOLUME_RATIO,1.0
EQWT_NAM_WASH_AVERAGE_VOLUME_RATIO,1.0
EQWT_NAM_WASH_AVERAGE_VOLUME_RATIO,1.0
EQWT_NAM_WASH_AVERAGE_VOLUME_RATIO,1.0
EQWT_NAM_WASH_AVERAGE_VOLUME_RATIO,1.0
EQWT_NAM_WASH_AVERAGE_VOLUME_RATIO,1.0
EQWT_NAM_WASH_AVERAGE_VOLUME_RATIO,1.0
EQWT_NAM_WASH_AVERAGE_VOLUME_RATIO,1.0
EQWT_NAM_WASH_AVERAGE_VOLUME_RATIO,1.0
EQWT_NAM_WASH_AVERAGE_VOLUME_RATIO,1.0
EQWT_NAM_WASH_AVERAGE_VOLUME_RATIO,1.0
EQWT_NAM_WASH_AVERAGE_VOLUME_RATIO,1.0
EQWT_NAM_WASH_AVERAGE_VOLUME_RATIO,1.0
EQWT_NAM_WASH_AVERAGE_VOLUME_RATIO,1.0
EQWT_NAM_WASH_AVERAGE_VOLUME_RATIO,1.0
EQWT_NAM_WASH_AVERAGE_VOLUME_RATIO,1.0
EQWT_NAM_WASH_AVERAGE_VOLUME_RATIO,1.0
EQWT_NAM_WASH_AVERAGE_VOLUME_RATIO,1.0
EQWT_NAM_WASH_AVERAGE_VOLUME_RATIO,1.0
EQWT_NAM_WASH_AVERAGE_VOLUME_RATIO,1.0
EQWT_NAM_WASH_AVERAGE_VOLUME_RATIO,1.0
EQWT_NAM_WASH_AVERAGE_VOLUME_RATIO,1.0
EQWT_NAM_WASH_AVERAGE_VOLUME_RATIO,1.0
EQWT_NAM_WASH_AVERAGE_VOLUME_RATIO,1.0
EQWT_NAM_WASH_AVERAGE_VOLUME_RATIO,1.0
EQWT_NAM_WASH_AVERAGE_VOLUME_RATIO,1.0
EQWT_NAM_WASH_AVERAGE_VOLUME_RATIO,1.0
EQWT_NAM_WASH_AVERAGE_VOLUME_RATIO,1.0
EQWT_NAM_WASH_AVERAGE_VOLUME_RATIO,1.0
EQWT_NAM_WASH_AVERAGE_VOLUME_RATIO,0.0
EQWT_NAM_WASH_AVERAGE_VOLUME_RATIO,1.0
EQWT_NAM_WASH_AVERAGE_VOLUME_RATIO,1.0
EQWT_NAM_WASH_AVERAGE_VOLUME_RATIO,1.0
EQWT_NAM_WASH_AVERAGE_VOLUME_RATIO,1.0
EQWT_NAM_WASH_AVERAGE_VOLUME_RATIO,1.0
EQWT_NAM_WASH_AVERAGE_VOLUME_RATIO,1.0
EQWT_NAM_WASH_AVERAGE_VOLUME_RATIO,1.0
EQWT_NAM_WASH_AVERAGE_VOLUME_RATIO,1.0
EQWT_NAM_WASH_AVERAGE_VOLUME_RATIO,1.0
EQWT_NAM_WASH_AVERAGE_VOLUME_RATIO,1.0
EQWT_NAM_WASH_AVERAGE_VOLUME_RATIO,1.0
EQWT_NAM_WASH_AVERAGE_VOLUME_RATIO,1.0
EQWT_NAM_WASH_AVERAGE_VOLUME_RATIO,1.0
EQWT_NAM_WASH_AVERAGE_VOLUME_RATIO,1.0
EQWT_NAM_WASH_AVERAGE_VOLUME_RATIO,1.0
EQWT_NAM_WASH_AVERAGE_VOLUME_RATIO,1.0
EQWT_NAM_WASH_AVERAGE_VOLUME_RATIO,1.0
EQWT_NAM_WASH_AVERAGE_VOLUME_RATIO,1.0
EQWT_NAM_WASH_AVERAGE_VOLUME_RATIO,1.0
EQWT_NAM_WASH_AVERAGE_VOLUME_RATIO,1.0
EQWT_NAM_WASH_AVERAGE_VOLUME_RATIO,1.0
EQWT_NAM_WASH_AVERAGE_VOLUME_RATIO,1.0
EQWT_NAM_WASH_AVERAGE_VOLUME_RATIO,1.0
EQWT_NAM_WASH_AVERAGE_VOLUME_RATIO,1.0
EQWT_NAM_WASH_AVERAGE_VOLUME_RATIO,1.0
EQWT_NAM_WASH_AVERAGE_VOLUME_RATIO,1.0
EQWT_NAM_WASH_AVERAGE_VOLUME_RATIO,1.0
EQWT_NAM_WASH_AVERAGE_VOLUME_RATIO,1.0
EQWT_NAM_WASH_AVERAGE_VOLUME_RATIO,1.0
EQWT_NAM_WASH_AVERAGE_VOLUME_RATIO,1.0
EQWT_NAM_WASH_AVERAGE_VOLUME_RATIO,1.0
EQWT_NAM_WASH_AVERAGE_VOLUME_RATIO,1.0
EQWT_NAM_WASH_AVERAGE_VOLUME_RATIO,1.0
EQWT_NAM_WASH_AVERAGE_VOLUME_RATIO,1.0
EQWT_NAM_WASH_AVERAGE_VOLUME_RATIO,1.0
EQWT_NAM_WASH_AVERAGE_VOLUME_RATIO,1.0
EQWT_NAM_WASH_AVERAGE_VOLUME_RATIO,1.0
EQWT_NAM_WASH_AVERAGE_VOLUME_RATIO,1.0
EQWT_NAM_WASH_AVERAGE_VOLUME_RATIO,1.0
EQWT_NAM_WASH_AVERAGE_VOLUME_RATIO,1.0
EQWT_NAM_WASH_AVERAGE_VOLUME_RATIO,1.0
EQWT_NAM_WASH_AVERAGE_VOLUME_RATIO,1.0
EQWT_NAM_WASH_AVERAGE_VOLUME_RATIO,1.0
EQWT_NAM_WASH_AVERAGE_VOLUME_RATIO,1.0
EQWT_NAM_WASH_AVERAGE_VOLUME_RATIO,1.0
EQWT_NAM_WASH_AVERAGE_VOLUME_RATIO,1.0
EQWT_NAM_WASH_VOLUME_DENSITY,0.9535
EQWT_NAM_WASH_VOLUME_DENSITY,0.2706
EQWT_NAM_WASH_VOLUME_DENSITY,0.0
EQWT_NAM_WASH_VOLUME_DENSITY,0.8178
EQWT_NAM_WASH_VOLUME_DENSITY,0.8474
EQWT_NAM_WASH_VOLUME_DENSITY,0.3709
EQWT_NAM_WASH_VOLUME_DENSITY,0.5017
EQWT_NAM_WASH_VOLUME_DENSITY,0.1013
EQWT_NAM_WASH_VOLUME_DENSITY,0.0
EQWT_NAM_WASH_VOLUME_DENSITY,0.0
EQWT_NAM_WASH_VOLUME_DENSITY,0.1821
EQWT_NAM_WASH_VOLUME_DENSITY,0.0
EQWT_NAM_WASH_VOLUME_DENSITY,0.0
EQWT_NAM_WASH_VOLUME_DENSITY,0.0
EQWT_NAM_WASH_VOLUME_DENSITY,0.4262
EQWT_NAM_WASH_VOLUME_DENSITY,0.0
EQWT_NAM_WASH_VOLUME_DENSITY,0.0
EQWT_NAM_WASH_VOLUME_DENSITY,0.1469
EQWT_NAM_WASH_VOLUME_DENSITY,0.0
EQWT_NAM_WASH_VOLUME_DENSITY,0.0
EQWT_NAM_WASH_VOLUME_DENSITY,0.1019
EQWT_NAM_WASH_VOLUME_DENSITY,0.0
EQWT_NAM_WASH_VOLUME_DENSITY,0.3797
EQWT_NAM_WASH_VOLUME_DENSITY,0.3204
EQWT_NAM_WASH_VOLUME_DENSITY,0.0
EQWT_NAM_WASH_VOLUME_DENSITY,0.0
EQWT_NAM_WASH_VOLUME_DENSITY,0.2643
EQWT_NAM_WASH_VOLUME_DENSITY,0.7685
EQWT_NAM_WASH_VOLUME_DENSITY,0.0
EQWT_NAM_WASH_VOLUME_DENSITY,0.0
EQWT_NAM_WASH_VOLUME_DENSITY,0.0
EQWT_NAM_WASH_VOLUME_DENSITY,0.0122
EQWT_NAM_WASH_VOLUME_DENSITY,0.8223
EQWT_NAM_WASH_VOLUME_DENSITY,0.0
EQWT_NAM_WASH_VOLUME_DENSITY,0.0
EQWT_NAM_WASH_VOLUME_DENSITY,0.7736
EQWT_NAM_WASH_VOLUME_DENSITY,0.0
EQWT_NAM_WASH_VOLUME_DENSITY,0.0989
EQWT_NAM_WASH_VOLUME_DENSITY,0.0
EQWT_NAM_WASH_VOLUME_DENSITY,0.0
EQWT_NAM_WASH_VOLUME_DENSITY,0.4203
EQWT_NAM_WASH_VOLUME_DENSITY,0.0
EQWT_NAM_WASH_VOLUME_DENSITY,0.0
EQWT_NAM_WASH_VOLUME_DENSITY,0.0
EQWT_NAM_WASH_VOLUME_DENSITY,0.0
EQWT_NAM_WASH_VOLUME_DENSITY,0.0
EQWT_NAM_WASH_VOLUME_DENSITY,0.0
EQWT_NAM_WASH_VOLUME_DENSITY,0.0
EQWT_NAM_WASH_VOLUME_DENSITY,0.0
EQWT_NAM_WASH_VOLUME_DENSITY,0.0
EQWT_NAM_WASH_VOLUME_DENSITY,0.0
EQWT_NAM_WASH_VOLUME_DENSITY,0.0
EQWT_NAM_WASH_VOLUME_DENSITY,0.7394
EQWT_NAM_WASH_VOLUME_DENSITY,0.0
EQWT_NAM_WASH_VOLUME_DENSITY,0.0
EQWT_NAM_WASH_VOLUME_DENSITY,0.0715
EQWT_NAM_WASH_VOLUME_DENSITY,0.1508
EQWT_NAM_WASH_VOLUME_DENSITY,0.0
EQWT_NAM_WASH_VOLUME_DENSITY,0.0
EQWT_NAM_WASH_VOLUME_DENSITY,0.1139
EQWT_NAM_WASH_VOLUME_DENSITY,0.1964
EQWT_NAM_WASH_VOLUME_DENSITY,0.3595
EQWT_NAM_WASH_VOLUME_DENSITY,0.2101
EQWT_NAM_WASH_VOLUME_DENSITY,0.8196
EQWT_NAM_WASH_VOLUME_DENSITY,0.2632
EQWT_NAM_WASH_VOLUME_DENSITY,0.0
EQWT_NAM_WASH_VOLUME_DENSITY,0.0714
EQWT_NAM_WASH_VOLUME_DENSITY,0.8273
EQWT_NAM_WASH_VOLUME_DENSITY,0.3663
EQWT_NAM_WASH_VOLUME_DENSITY,0.0
EQWT_NAM_WASH_VOLUME_DENSITY,0.0
EQWT_NAM_WASH_VOLUME_DENSITY,0.3227
EQWT_NAM_WASH_VOLUME_DENSITY,0.3805
EQWT_NAM_WASH_VOLUME_DENSITY,0.0
EQWT_NAM_WASH_VOLUME_DENSITY,0.55
EQWT_NAM_WASH_VOLUME_DENSITY,0.0832
EQWT_NAM_WASH_VOLUME_DENSITY,0.0
EQWT_NAM_WASH_VOLUME_DENSITY,0.5031
EQWT_NAM_WASH_VOLUME_DENSITY,0.0723
EQWT_NAM_WASH_VOLUME_DENSITY,0.2774
EQWT_NAM_WASH_VOLUME_DENSITY,0.0
EQWT_NAM_WASH_VOLUME_DENSITY,0.0
EQWT_NAM_WASH_VOLUME_DENSITY,0.1755
EQWT_NAM_WASH_VOLUME_DENSITY,0.0
EQWT_NAM_WASH_VOLUME_DENSITY,0.3099
EQWT_NAM_WASH_VOLUME_DENSITY,0.0
EQWT_NAM_WASH_VOLUME_DENSITY,0.2589
EQWT_NAM_WASH_VOLUME_DENSITY,0.4779
EQWT_NAM_WASH_VOLUME_DENSITY,0.0
EQWT_NAM_WASH_VOLUME_DENSITY,0.0
EQWT_NAM_WASH_VOLUME_DENSITY,0.4505
EQWT_NAM_WASH_VOLUME_DENSITY,0.0
EQWT_NAM_WASH_VOLUME_DENSITY,0.8434
EQWT_NAM_WASH_VOLUME_DENSITY,0.2278
EQWT_NAM_WASH_VOLUME_DENSITY,0.0
EQWT_NAM_WASH_VOLUME_DENSITY,0.0
EQWT_NAM_WASH_VOLUME_DENSITY,0.0
EQWT_NAM_WASH_VOLUME_DENSITY,0.0
EQWT_NAM_WASH_VOLUME_DENSITY,0.0
EQWT_NAM_WASH_VOLUME_DENSITY,0.0
EQWT_NAM_WASH_VOLUME_DENSITY,0.0
EQWT_NAM_WASH_VOLUME_DENSITY,0.6808
EQWT_NAM_WASH_VOLUME_DENSITY,0.1371
EQWT_NAM_WASH_VOLUME_DENSITY,0.7746
EQWT_NAM_WASH_VOLUME_DENSITY,0.0
EQWT_NAM_WASH_VOLUME_DENSITY,0.0
EQWT_NAM_WASH_VOLUME_DENSITY,0.7332
EQWT_NAM_WASH_VOLUME_DENSITY,0.1658
EQWT_NAM_WASH_VOLUME_DENSITY,0.0
EQWT_NAM_WASH_VOLUME_DENSITY,0.0
EQWT_NAM_WASH_VOLUME_DENSITY,0.3131
EQWT_NAM_WASH_VOLUME_DENSITY,0.32
EQWT_NAM_WASH_VOLUME_DENSITY,0.1835
EQWT_NAM_WASH_VOLUME_DENSITY,0.2405
EQWT_NAM_WASH_VOLUME_DENSITY,0.0
EQWT_NAM_WASH_VOLUME_DENSITY,0.0
EQWT_NAM_WASH_VOLUME_DENSITY,0.0
EQWT_NAM_WASH_VOLUME_DENSITY,0.0
EQWT_NAM_WASH_VOLUME_DENSITY,0.4006
EQWT_NAM_WASH_VOLUME_DENSITY,0.0
EQWT_NAM_WASH_VOLUME_DENSITY,0.0
EQWT_NAM_WASH_VOLUME_DENSITY,0.0628
EQWT_NAM_WASH_VOLUME_DENSITY,0.7499
EQWT_NAM_WASH_VOLUME_DENSITY,0.3858
EQWT_NAM_WASH_VOLUME_DENSITY,0.0
EQWT_NAM_WASH_VOLUME_DENSITY,0.0
EQWT_NAM_WASH_VOLUME_DENSITY,0.2979
EQWT_NAM_WASH_VOLUME_DENSITY,0.0
EQWT_NAM_WASH_VOLUME_DENSITY,0.7792
EQWT_NAM_WASH_VOLUME_DENSITY,0.2216
EQWT_NAM_WASH_VOLUME_DENSITY,0.3952
EQWT_NAM_WASH_VOLUME_DENSITY,0.5382
EQWT_NAM_WASH_VOLUME_DENSITY,0.0
EQWT_NAM_WASH_VOLUME_DENSITY,0.0
EQWT_NAM_WASH_VOLUME_DENSITY,0.2388
EQWT_NAM_WASH_VOLUME_DENSITY,0.0
EQWT_NAM_WASH_VOLUME_DENSITY,0.0487
EQWT_NAM_WASH_VOLUME_DENSITY,0.2805
EQWT_NAM_WASH_VOLUME_DENSITY,0.0
EQWT_NAM_WASH_VOLUME_DENSITY,0.3089
EQWT_NAM_WASH_VOLUME_DENSITY,0.0
EQWT_NAM_WASH_VOLUME_DENSITY,0.5247
EQWT_NAM_WASH_VOLUME_DENSITY,0.2342
EQWT_NAM_WASH_VOLUME_DENSITY,0.7971
EQWT_NAM_WASH_VOLUME_DENSITY,0.8515
EQWT_NAM_WASH_VOLUME_DENSITY,0.0
EQWT_NAM_WASH_VOLUME_DENSITY,0.0
EQWT_NAM_WASH_VOLUME_DENSITY,0.0322
EQWT_NAM_WASH_VOLUME_DENSITY,0.1239
EQWT_NAM_WASH_VOLUME_DENSITY,0.5805
EQWT_NAM_WASH_VOLUME_DENSITY,0.0
EQWT_NAM_WASH_VOLUME_DENSITY,0.0
EQWT_NAM_WASH_VOLUME_DENSITY,0.0825
EQWT_NAM_WASH_VOLUME_DENSITY,0.0
EQWT_NAM_WASH_VOLUME_DENSITY,0.4357
EQWT_NAM_WASH_VOLUME_DENSITY,0.0602
EQWT_NAM_WASH_VOLUME_DENSITY,0.0
EQWT_NAM_WASH_VOLUME_DENSITY,0.6331
EQWT_NAM_WASH_VOLUME_DENSITY,0.0
EQWT_NAM_WASH_VOLUME_DENSITY,0.2377
EQWT_NAM_WASH_VOLUME_DENSITY,0.5206
EQWT_NAM_WASH_VOLUME_DENSITY,0.0
EQWT_NAM_WASH_VOLUME_DENSITY,0.2556
EQWT_NAM_WASH_VOLUME_DENSITY,0.0
EQWT_NAM_WASH_VOLUME_DENSITY,0.0
EQWT_NAM_WASH_VOLUME_DENSITY,0.0732
EQWT_NAM_WASH_VOLUME_DENSITY,0.0
EQWT_NAM_WASH_VOLUME_DENSITY,0.792
EQWT_NAM_WASH_VOLUME_DENSITY,0.0
EQWT_NAM_WASH_VOLUME_DENSITY,0.0
EQWT_NAM_WASH_VOLUME_DENSITY,0.0558
EQWT_NAM_WASH_VOLUME_DENSITY,0.0
EQWT_NAM_WASH_VOLUME_DENSITY,0.0
EQWT_NAM_WASH_VOLUME_DENSITY,0.4013
EQWT_NAM_WASH_VOLUME_DENSITY,0.0
EQWT_NAM_WASH_VOLUME_DENSITY,0.0
EQWT_NAM_WASH_VOLUME_DENSITY,0.2738
EQWT_NAM_WASH_VOLUME_DENSITY,0.0249
EQWT_NAM_WASH_VOLUME_DENSITY,0.3343
EQWT_NAM_WASH_VOLUME_DENSITY,0.0
EQWT_NAM_WASH_VOLUME_DENSITY,0.1646
EQWT_NAM_WASH_VOLUME_DENSITY,0.0
EQWT_NAM_WASH_VOLUME_DENSITY,0.2858
EQWT_NAM_WASH_VOLUME_DENSITY,0.0
EQWT_NAM_WASH_VOLUME_DENSITY,0.0783
EQWT_NAM_WASH_VOLUME_DENSITY,0.6437
EQWT_NAM_WASH_VOLUME_DENSITY,0.6121
EQWT_NAM_WASH_VOLUME_DENSITY,0.6398
EQWT_NAM_WASH_VOLUME_DENSITY,0.0
EQWT_NAM_WASH_VOLUME_DENSITY,0.1124
EQWT_NAM_WASH_VOLUME_DENSITY,0.1013
EQWT_NAM_WASH_VOLUME_DENSITY,0.2295
EQWT_NAM_WASH_VOLUME_DENSITY,0.0
EQWT_NAM_WASH_VOLUME_DENSITY,0.2911
EQWT_NAM_WASH_VOLUME_DENSITY,0.0504
EQWT_NAM_WASH_VOLUME_DENSITY,0.0
EQWT_NAM_WASH_VOLUME_DENSITY,0.0
EQWT_NAM_WASH_VOLUME_DENSITY,0.0
EQWT_NAM_WASH_VOLUME_DENSITY,0.0
EQWT_NAM_WASH_VOLUME_DENSITY,0.062
EQWT_NAM_WASH_VOLUME_DENSITY,0.7782
EQWT_NAM_WASH_VOLUME_DENSITY,0.0
EQWT_NAM_WASH_VOLUME_DENSITY,0.22899999999999998
EQWT_NAM_WASH_VOLUME_DENSITY,0.3525
EQWT_NAM_WASH_VOLUME_DENSITY,0.0
EQWT_NAM_WASH_VOLUME_DENSITY,0.2405
EQWT_NAM_WASH_VOLUME_DENSITY,0.0342
EQWT_NAM_WASH_VOLUME_DENSITY,0.0
EQWT_NAM_WASH_VOLUME_DENSITY,0.7674
EQWT_NAM_WASH_VOLUME_DENSITY,0.0
EQWT_NAM_WASH_VOLUME_DENSITY,0.0
EQWT_NAM_WASH_VOLUME_DENSITY,0.0
EQWT_NAM_WASH_VOLUME_DENSITY,0.0
EQWT_NAM_WASH_VOLUME_DENSITY,0.0611
EQWT_NAM_WASH_VOLUME_DENSITY,0.2789
EQWT_NAM_WASH_VOLUME_DENSITY,0.0
EQWT_NAM_WASH_VOLUME_DENSITY,0.0
EQWT_NAM_WASH_VOLUME_DENSITY,0.0
EQWT_NAM_WASH_VOLUME_DENSITY,0.0199
EQWT_NAM_WASH_VOLUME_DENSITY,0.0
EQWT_NAM_WASH_VOLUME_DENSITY,0.2352
EQWT_NAM_WASH_VOLUME_DENSITY,0.0
EQWT_NAM_WASH_VOLUME_DENSITY,0.0
EQWT_NAM_WASH_VOLUME_DENSITY,0.0
EQWT_NAM_WASH_VOLUME_DENSITY,0.0765
EQWT_NAM_WASH_VOLUME_DENSITY,0.0405
EQWT_NAM_WASH_VOLUME_DENSITY,0.0
EQWT_NAM_WASH_VOLUME_DENSITY,0.0
EQWT_NAM_WASH_VOLUME_DENSITY,0.0
EQWT_NAM_WASH_VOLUME_DENSITY,0.0
EQWT_NAM_WASH_VOLUME_DENSITY,0.0
EQWT_NAM_WASH_VOLUME_DENSITY,0.0478
EQWT_NAM_WASH_VOLUME_DENSITY,0.0611
EQWT_NAM_WASH_VOLUME_DENSITY,0.0
EQWT_NAM_WASH_VOLUME_DENSITY,0.3509
EQWT_NAM_WASH_VOLUME_DENSITY,0.0
EQWT_NAM_WASH_VOLUME_DENSITY,0.0
EQWT_NAM_WASH_VOLUME_DENSITY,0.0
EQWT_NAM_WASH_VOLUME_DENSITY,0.0
EQWT_NAM_WASH_VOLUME_DENSITY,0.4193
EQWT_NAM_WASH_VOLUME_DENSITY,0.0
EQWT_NAM_WASH_VOLUME_DENSITY,0.0
EQWT_NAM_WASH_VOLUME_DENSITY,0.0
EQWT_NAM_WASH_VOLUME_DENSITY,0.0
EQWT_NAM_WASH_VOLUME_DENSITY,0.0
EQWT_NAM_WASH_VOLUME_DENSITY,0.0
EQWT_NAM_WASH_VOLUME_DENSITY,0.2891
EQWT_NAM_WASH_VOLUME_DENSITY,0.0
EQWT_NAM_WASH_VOLUME_DENSITY,0.0
EQWT_NAM_WASH_VOLUME_DENSITY,0.0
EQWT_NAM_WASH_VOLUME_DENSITY,0.0
EQWT_NAM_WASH_VOLUME_DENSITY,0.3369
EQWT_NAM_WASH_VOLUME_DENSITY,0.0914
EQWT_NAM_WASH_VOLUME_DENSITY,0.0
EQWT_NAM_WASH_VOLUME_DENSITY,0.7693
EQWT_NAM_WASH_VOLUME_DENSITY,0.3339
EQWT_NAM_WASH_VOLUME_DENSITY,0.0899
EQWT_NAM_WASH_VOLUME_DENSITY,0.0
EQWT_NAM_WASH_VOLUME_DENSITY,0.0
EQWT_NAM_WASH_VOLUME_DENSITY,0.0
EQWT_NAM_WASH_VOLUME_DENSITY,0.0
EQWT_NAM_WASH_VOLUME_DENSITY,0.5034
EQWT_NAM_WASH_VOLUME_DENSITY,0.4479
EQWT_NAM_WASH_VOLUME_DENSITY,0.8253
EQWT_NAM_WASH_VOLUME_DENSITY,0.0
EQWT_NAM_WASH_VOLUME_DENSITY,0.8264
EQWT_NAM_WASH_VOLUME_DENSITY,0.0
EQWT_NAM_WASH_VOLUME_DENSITY,0.0
EQWT_NAM_WASH_VOLUME_DENSITY,0.7949
EQWT_NAM_WASH_VOLUME_DENSITY,0.0
EQWT_NAM_WASH_VOLUME_DENSITY,0.0
EQWT_NAM_WASH_VOLUME_DENSITY,0.0
EQWT_NAM_WASH_VOLUME_DENSITY,0.0
EQWT_NAM_WASH_VOLUME_DENSITY,0.294
EQWT_NAM_WASH_VOLUME_DENSITY,0.0
EQWT_NAM_WASH_VOLUME_DENSITY,0.1193
EQWT_NAM_WASH_VOLUME_DENSITY,0.0
EQWT_NAM_WASH_VOLUME_DENSITY,0.0663
EQWT_NAM_WASH_VOLUME_DENSITY,0.3945
EQWT_NAM_WASH_VOLUME_DENSITY,0.0
EQWT_NAM_WASH_VOLUME_DENSITY,0.3237
EQWT_NAM_WASH_VOLUME_DENSITY,0.0
EQWT_NAM_WASH_VOLUME_DENSITY,0.0
EQWT_NAM_WASH_VOLUME_DENSITY,0.1193
EQWT_NAM_WASH_VOLUME_DENSITY,0.4643
EQWT_NAM_WASH_VOLUME_DENSITY,0.0
EQWT_NAM_WASH_VOLUME_DENSITY,0.0
EQWT_NAM_WASH_VOLUME_DENSITY,0.2059
EQWT_NAM_WASH_VOLUME_DENSITY,0.0
EQWT_NAM_WASH_VOLUME_DENSITY,0.0
EQWT_NAM_WASH_VOLUME_DENSITY,0.0
EQWT_NAM_WASH_VOLUME_DENSITY,0.1124
EQWT_NAM_WASH_VOLUME_DENSITY,0.0
EQWT_NAM_WASH_VOLUME_DENSITY,0.0
EQWT_NAM_WASH_VOLUME_DENSITY,0.0
EQWT_NAM_WASH_VOLUME_DENSITY,0.5760000000000001
EQWT_NAM_WASH_VOLUME_DENSITY,0.0
EQWT_NAM_WASH_VOLUME_DENSITY,0.1216
EQWT_NAM_WASH_VOLUME_DENSITY,0.2313
EQWT_NAM_WASH_VOLUME_DENSITY,0.0
EQWT_NAM_WASH_VOLUME_DENSITY,0.0
EQWT_NAM_WASH_VOLUME_DENSITY,0.3607
EQWT_NAM_WASH_VOLUME_DENSITY,0.0
EQWT_NAM_WASH_VOLUME_DENSITY,0.0
EQWT_NAM_WASH_VOLUME_DENSITY,0.0
EQWT_NAM_WASH_VOLUME_DENSITY,0.2383
EQWT_NAM_WASH_VOLUME_DENSITY,0.0
EQWT_NAM_WASH_VOLUME_DENSITY,0.7527
EQWT_NAM_WASH_VOLUME_DENSITY,0.0
EQWT_NAM_WASH_VOLUME_DENSITY,0.0766
EQWT_NAM_WASH_VOLUME_DENSITY,0.0
EQWT_NAM_WASH_VOLUME_DENSITY,0.4787
EQWT_NAM_WASH_VOLUME_DENSITY,0.0
EQWT_NAM_WASH_VOLUME_DENSITY,0.2592
EQWT_NAM_WASH_VOLUME_DENSITY,0.0
EQWT_NAM_WASH_VOLUME_DENSITY,0.667
EQWT_NAM_WASH_VOLUME_DENSITY,0.4232
EQWT_NAM_WASH_VOLUME_DENSITY,0.0
EQWT_NAM_WASH_VOLUME_DENSITY,0.035
EQWT_NAM_WASH_VOLUME_DENSITY,0.0
EQWT_NAM_WASH_VOLUME_DENSITY,0.0
EQWT_NAM_WASH_VOLUME_DENSITY,0.1748
EQWT_NAM_WASH_VOLUME_DENSITY,0.6616
EQWT_NAM_WASH_VOLUME_DENSITY,0.0
EQWT_NAM_WASH_VOLUME_DENSITY,0.6142
EQWT_NAM_WASH_VOLUME_DENSITY,0.0
EQWT_NAM_WASH_VOLUME_DENSITY,0.0
EQWT_NAM_WASH_VOLUME_DENSITY,0.0
EQWT_NAM_WASH_VOLUME_DENSITY,0.0
EQWT_NAM_WASH_VOLUME_DENSITY,0.1455
EQWT_NAM_WASH_VOLUME_DENSITY,0.0
EQWT_NAM_WASH_VOLUME_DENSITY,0.0
EQWT_NAM_WASH_VOLUME_DENSITY,0.8201
EQWT_NAM_WASH_VOLUME_DENSITY,0.2979
EQWT_NAM_WASH_VOLUME_DENSITY,0.8474
EQWT_NAM_WASH_VOLUME_DENSITY,0.0
EQWT_NAM_WASH_VOLUME_DENSITY,0.1579
EQWT_NAM_WASH_VOLUME_DENSITY,0.0
EQWT_NAM_WASH_VOLUME_DENSITY,0.0
EQWT_NAM_WASH_VOLUME_DENSITY,0.6269
EQWT_NAM_WASH_VOLUME_DENSITY,0.1162
EQWT_NAM_WASH_VOLUME_DENSITY,0.0
EQWT_NAM_WASH_VOLUME_DENSITY,0.7043
EQWT_NAM_WASH_VOLUME_DENSITY,0.0
EQWT_NAM_WASH_VOLUME_DENSITY,0.0
EQWT_NAM_WASH_VOLUME_DENSITY,0.0558
EQWT_NAM_WASH_VOLUME_DENSITY,0.0971
EQWT_NAM_WASH_VOLUME_DENSITY,0.0
EQWT_NAM_WASH_VOLUME_DENSITY,0.754
EQWT_NAM_WASH_VOLUME_DENSITY,0.0
EQWT_NAM_WASH_VOLUME_DENSITY,0.0
EQWT_NAM_WASH_VOLUME_DENSITY,0.0
EQWT_NAM_WASH_VOLUME_DENSITY,0.0
EQWT_NAM_WASH_VOLUME_DENSITY,0.0
EQWT_NAM_WASH_VOLUME_DENSITY,0.0
EQWT_NAM_WASH_VOLUME_DENSITY,0.1668
EQWT_NAM_WASH_VOLUME_DENSITY,0.5637
EQWT_NAM_WASH_VOLUME_DENSITY,0.0
EQWT_NAM_WASH_VOLUME_DENSITY,0.0
EQWT_NAM_WASH_VOLUME_DENSITY,0.0
EQWT_NAM_WASH_VOLUME_DENSITY,0.0
EQWT_NAM_WASH_VOLUME_DENSITY,0.0
EQWT_NAM_WASH_VOLUME_DENSITY,0.0
EQWT_NAM_WASH_VOLUME_DENSITY,0.0
EQWT_NAM_WASH_VOLUME_DENSITY,0.0
EQWT_NAM_WASH_VOLUME_DENSITY,0.0
EQWT_NAM_WASH_VOLUME_DENSITY,0.0
EQWT_NAM_WASH_VOLUME_DENSITY,0.2743
EQWT_NAM_WASH_VOLUME_DENSITY,0.0
EQWT_NAM_WASH_VOLUME_DENSITY,0.0
EQWT_NAM_WASH_VOLUME_DENSITY,0.7508
EQWT_NAM_WASH_VOLUME_DENSITY,0.4464
EQWT_NAM_WASH_VOLUME_DENSITY,0.0
EQWT_NAM_WASH_VOLUME_DENSITY,0.0
EQWT_NAM_WASH_VOLUME_DENSITY,0.0
EQWT_NAM_WASH_VOLUME_DENSITY,0.2333
EQWT_NAM_WASH_VOLUME_DENSITY,0.469
EQWT_NAM_WASH_VOLUME_DENSITY,0.0
EQWT_NAM_WASH_VOLUME_DENSITY,0.054000000000000006
EQWT_NAM_WASH_VOLUME_DENSITY,0.0
EQWT_NAM_WASH_VOLUME_DENSITY,0.0
EQWT_NAM_WASH_VOLUME_DENSITY,0.5877
EQWT_NAM_WASH_VOLUME_DENSITY,0.0
EQWT_NAM_WASH_VOLUME_DENSITY,0.6079
EQWT_NAM_WASH_VOLUME_DENSITY,0.0
EQWT_NAM_WASH_VOLUME_DENSITY,0.6698
EQWT_NAM_WASH_VOLUME_DENSITY,0.0
EQWT_NAM_WASH_VOLUME_DENSITY,0.0
EQWT_NAM_WASH_VOLUME_DENSITY,0.0151
EQWT_NAM_WASH_VOLUME_DENSITY,0.8501
EQWT_NAM_WASH_VOLUME_DENSITY,0.0
EQWT_NAM_WASH_VOLUME_DENSITY,0.6186
EQWT_NAM_WASH_VOLUME_DENSITY,0.0
EQWT_NAM_WASH_VOLUME_DENSITY,0.0
EQWT_NAM_WASH_VOLUME_DENSITY,0.3984
EQWT_NAM_WASH_VOLUME_RATIO,1.0
EQWT_NAM_WASH_VOLUME_RATIO,1.0
EQWT_NAM_WASH_VOLUME_RATIO,1.0
EQWT_NAM_WASH_VOLUME_RATIO,0.9763
EQWT_NAM_WASH_VOLUME_RATIO,0.7879999999999999
EQWT_NAM_WASH_VOLUME_RATIO,1.0
EQWT_NAM_WASH_VOLUME_RATIO,1.0
EQWT_NAM_WASH_VOLUME_RATIO,1.0
EQWT_NAM_WASH_VOLUME_RATIO,1.0
EQWT_NAM_WASH_VOLUME_RATIO,1.0
EQWT_NAM_WASH_VOLUME_RATIO,1.0
EQWT_NAM_WASH_VOLUME_RATIO,1.0
EQWT_NAM_WASH_VOLUME_RATIO,1.0
EQWT_NAM_WASH_VOLUME_RATIO,1.0
EQWT_NAM_WASH_VOLUME_RATIO,1.0
EQWT_NAM_WASH_VOLUME_RATIO,1.0
EQWT_NAM_WASH_VOLUME_RATIO,1.0
EQWT_NAM_WASH_VOLUME_RATIO,1.0
EQWT_NAM_WASH_VOLUME_RATIO,1.0
EQWT_NAM_WASH_VOLUME_RATIO,1.0
EQWT_NAM_WASH_VOLUME_RATIO,1.0
EQWT_NAM_WASH_VOLUME_RATIO,1.0
EQWT_NAM_WASH_VOLUME_RATIO,1.0
EQWT_NAM_WASH_VOLUME_RATIO,0.98
EQWT_NAM_WASH_VOLUME_RATIO,1.0
EQWT_NAM_WASH_VOLUME_RATIO,1.0
EQWT_NAM_WASH_VOLUME_RATIO,1.0
EQWT_NAM_WASH_VOLUME_RATIO,0.9896
EQWT_NAM_WASH_VOLUME_RATIO,1.0
EQWT_NAM_WASH_VOLUME_RATIO,1.0
EQWT_NAM_WASH_VOLUME_RATIO,1.0
EQWT_NAM_WASH_VOLUME_RATIO,1.0
EQWT_NAM_WASH_VOLUME_RATIO,0.9052
EQWT_NAM_WASH_VOLUME_RATIO,1.0
EQWT_NAM_WASH_VOLUME_RATIO,1.0
EQWT_NAM_WASH_VOLUME_RATIO,0.9322
EQWT_NAM_WASH_VOLUME_RATIO,1.0
EQWT_NAM_WASH_VOLUME_RATIO,1.0
EQWT_NAM_WASH_VOLUME_RATIO,1.0
EQWT_NAM_WASH_VOLUME_RATIO,1.0
EQWT_NAM_WASH_VOLUME_RATIO,0.7152
EQWT_NAM_WASH_VOLUME_RATIO,1.0
EQWT_NAM_WASH_VOLUME_RATIO,1.0
EQWT_NAM_WASH_VOLUME_RATIO,1.0
EQWT_NAM_WASH_VOLUME_RATIO,1.0
EQWT_NAM_WASH_VOLUME_RATIO,1.0
EQWT_NAM_WASH_VOLUME_RATIO,1.0
EQWT_NAM_WASH_VOLUME_RATIO,1.0
EQWT_NAM_WASH_VOLUME_RATIO,1.0
EQWT_NAM_WASH_VOLUME_RATIO,1.0
EQWT_NAM_WASH_VOLUME_RATIO,1.0
EQWT_NAM_WASH_VOLUME_RATIO,1.0
EQWT_NAM_WASH_VOLUME_RATIO,1.0
EQWT_NAM_WASH_VOLUME_RATIO,1.0
EQWT_NAM_WASH_VOLUME_RATIO,1.0
EQWT_NAM_WASH_VOLUME_RATIO,1.0
EQWT_NAM_WASH_VOLUME_RATIO,1.0
EQWT_NAM_WASH_VOLUME_RATIO,1.0
EQWT_NAM_WASH_VOLUME_RATIO,1.0
EQWT_NAM_WASH_VOLUME_RATIO,1.0
EQWT_NAM_WASH_VOLUME_RATIO,1.0
EQWT_NAM_WASH_VOLUME_RATIO,1.0
EQWT_NAM_WASH_VOLUME_RATIO,1.0
EQWT_NAM_WASH_VOLUME_RATIO,1.0
EQWT_NAM_WASH_VOLUME_RATIO,0.4879
EQWT_NAM_WASH_VOLUME_RATIO,1.0
EQWT_NAM_WASH_VOLUME_RATIO,1.0
EQWT_NAM_WASH_VOLUME_RATIO,1.0
EQWT_NAM_WASH_VOLUME_RATIO,1.0
EQWT_NAM_WASH_VOLUME_RATIO,1.0
EQWT_NAM_WASH_VOLUME_RATIO,1.0
EQWT_NAM_WASH_VOLUME_RATIO,1.0
EQWT_NAM_WASH_VOLUME_RATIO,0.7177
EQWT_NAM_WASH_VOLUME_RATIO,1.0
EQWT_NAM_WASH_VOLUME_RATIO,1.0
EQWT_NAM_WASH_VOLUME_RATIO,1.0
EQWT_NAM_WASH_VOLUME_RATIO,1.0
EQWT_NAM_WASH_VOLUME_RATIO,1.0
EQWT_NAM_WASH_VOLUME_RATIO,1.0
EQWT_NAM_WASH_VOLUME_RATIO,1.0
EQWT_NAM_WASH_VOLUME_RATIO,1.0
EQWT_NAM_WASH_VOLUME_RATIO,1.0
EQWT_NAM_WASH_VOLUME_RATIO,1.0
EQWT_NAM_WASH_VOLUME_RATIO,1.0
EQWT_NAM_WASH_VOLUME_RATIO,1.0
EQWT_NAM_WASH_VOLUME_RATIO,1.0
EQWT_NAM_WASH_VOLUME_RATIO,1.0
EQWT_NAM_WASH_VOLUME_RATIO,1.0
EQWT_NAM_WASH_VOLUME_RATIO,1.0
EQWT_NAM_WASH_VOLUME_RATIO,1.0
EQWT_NAM_WASH_VOLUME_RATIO,0.6923
EQWT_NAM_WASH_VOLUME_RATIO,1.0
EQWT_NAM_WASH_VOLUME_RATIO,0.7185
EQWT_NAM_WASH_VOLUME_RATIO,1.0
EQWT_NAM_WASH_VOLUME_RATIO,1.0
EQWT_NAM_WASH_VOLUME_RATIO,1.0
EQWT_NAM_WASH_VOLUME_RATIO,1.0
EQWT_NAM_WASH_VOLUME_RATIO,1.0
EQWT_NAM_WASH_VOLUME_RATIO,1.0
EQWT_NAM_WASH_VOLUME_RATIO,1.0
EQWT_NAM_WASH_VOLUME_RATIO,1.0
EQWT_NAM_WASH_VOLUME_RATIO,0.6079
EQWT_NAM_WASH_VOLUME_RATIO,1.0
EQWT_NAM_WASH_VOLUME_RATIO,0.8682
EQWT_NAM_WASH_VOLUME_RATIO,1.0
EQWT_NAM_WASH_VOLUME_RATIO,1.0
EQWT_NAM_WASH_VOLUME_RATIO,0.6946
EQWT_NAM_WASH_VOLUME_RATIO,0.517
EQWT_NAM_WASH_VOLUME_RATIO,1.0
EQWT_NAM_WASH_VOLUME_RATIO,1.0
EQWT_NAM_WASH_VOLUME_RATIO,1.0
EQWT_NAM_WASH_VOLUME_RATIO,1.0
EQWT_NAM_WASH_VOLUME_RATIO,1.0
EQWT_NAM_WASH_VOLUME_RATIO,1.0
EQWT_NAM_WASH_VOLUME_RATIO,1.0
EQWT_NAM_WASH_VOLUME_RATIO,1.0
EQWT_NAM_WASH_VOLUME_RATIO,1.0
EQWT_NAM_WASH_VOLUME_RATIO,1.0
EQWT_NAM_WASH_VOLUME_RATIO,0.9233
EQWT_NAM_WASH_VOLUME_RATIO,1.0
EQWT_NAM_WASH_VOLUME_RATIO,1.0
EQWT_NAM_WASH_VOLUME_RATIO,1.0
EQWT_NAM_WASH_VOLUME_RATIO,1.0
EQWT_NAM_WASH_VOLUME_RATIO,1.0
EQWT_NAM_WASH_VOLUME_RATIO,1.0
EQWT_NAM_WASH_VOLUME_RATIO,1.0
EQWT_NAM_WASH_VOLUME_RATIO,0.7626
EQWT_NAM_WASH_VOLUME_RATIO,1.0
EQWT_NAM_WASH_VOLUME_RATIO,0.9577
EQWT_NAM_WASH_VOLUME_RATIO,1.0
EQWT_NAM_WASH_VOLUME_RATIO,0.9947
EQWT_NAM_WASH_VOLUME_RATIO,1.0
EQWT_NAM_WASH_VOLUME_RATIO,1.0
EQWT_NAM_WASH_VOLUME_RATIO,1.0
EQWT_NAM_WASH_VOLUME_RATIO,1.0
EQWT_NAM_WASH_VOLUME_RATIO,1.0
EQWT_NAM_WASH_VOLUME_RATIO,1.0
EQWT_NAM_WASH_VOLUME_RATIO,0.72
EQWT_NAM_WASH_VOLUME_RATIO,1.0
EQWT_NAM_WASH_VOLUME_RATIO,1.0
EQWT_NAM_WASH_VOLUME_RATIO,1.0
EQWT_NAM_WASH_VOLUME_RATIO,1.0
EQWT_NAM_WASH_VOLUME_RATIO,1.0
EQWT_NAM_WASH_VOLUME_RATIO,0.8668
EQWT_NAM_WASH_VOLUME_RATIO,0.9623
EQWT_NAM_WASH_VOLUME_RATIO,1.0
EQWT_NAM_WASH_VOLUME_RATIO,1.0
EQWT_NAM_WASH_VOLUME_RATIO,1.0
EQWT_NAM_WASH_VOLUME_RATIO,1.0
EQWT_NAM_WASH_VOLUME_RATIO,1.0
EQWT_NAM_WASH_VOLUME_RATIO,1.0
EQWT_NAM_WASH_VOLUME_RATIO,1.0
EQWT_NAM_WASH_VOLUME_RATIO,1.0
EQWT_NAM_WASH_VOLUME_RATIO,1.0
EQWT_NAM_WASH_VOLUME_RATIO,1.0
EQWT_NAM_WASH_VOLUME_RATIO,1.0
EQWT_NAM_WASH_VOLUME_RATIO,1.0
EQWT_NAM_WASH_VOLUME_RATIO,1.0
EQWT_NAM_WASH_VOLUME_RATIO,1.0
EQWT_NAM_WASH_VOLUME_RATIO,1.0
EQWT_NAM_WASH_VOLUME_RATIO,0.6515
EQWT_NAM_WASH_VOLUME_RATIO,1.0
EQWT_NAM_WASH_VOLUME_RATIO,1.0
EQWT_NAM_WASH_VOLUME_RATIO,1.0
EQWT_NAM_WASH_VOLUME_RATIO,1.0
EQWT_NAM_WASH_VOLUME_RATIO,1.0
EQWT_NAM_WASH_VOLUME_RATIO,1.0
EQWT_NAM_WASH_VOLUME_RATIO,1.0
EQWT_NAM_WASH_VOLUME_RATIO,1.0
EQWT_NAM_WASH_VOLUME_RATIO,0.8018
EQWT_NAM_WASH_VOLUME_RATIO,1.0
EQWT_NAM_WASH_VOLUME_RATIO,1.0
EQWT_NAM_WASH_VOLUME_RATIO,1.0
EQWT_NAM_WASH_VOLUME_RATIO,1.0
EQWT_NAM_WASH_VOLUME_RATIO,1.0
EQWT_NAM_WASH_VOLUME_RATIO,1.0
EQWT_NAM_WASH_VOLUME_RATIO,1.0
EQWT_NAM_WASH_VOLUME_RATIO,0.8348
EQWT_NAM_WASH_VOLUME_RATIO,1.0
EQWT_NAM_WASH_VOLUME_RATIO,1.0
EQWT_NAM_WASH_VOLUME_RATIO,1.0
EQWT_NAM_WASH_VOLUME_RATIO,1.0
EQWT_NAM_WASH_VOLUME_RATIO,1.0
EQWT_NAM_WASH_VOLUME_RATIO,1.0
EQWT_NAM_WASH_VOLUME_RATIO,1.0
EQWT_NAM_WASH_VOLUME_RATIO,1.0
EQWT_NAM_WASH_VOLUME_RATIO,0.5826
EQWT_NAM_WASH_VOLUME_RATIO,1.0
EQWT_NAM_WASH_VOLUME_RATIO,1.0
EQWT_NAM_WASH_VOLUME_RATIO,1.0
EQWT_NAM_WASH_VOLUME_RATIO,1.0
EQWT_NAM_WASH_VOLUME_RATIO,1.0
EQWT_NAM_WASH_VOLUME_RATIO,1.0
EQWT_NAM_WASH_VOLUME_RATIO,1.0
EQWT_NAM_WASH_VOLUME_RATIO,1.0
EQWT_NAM_WASH_VOLUME_RATIO,1.0
EQWT_NAM_WASH_VOLUME_RATIO,1.0
EQWT_NAM_WASH_VOLUME_RATIO,1.0
EQWT_NAM_WASH_VOLUME_RATIO,1.0
EQWT_NAM_WASH_VOLUME_RATIO,1.0
EQWT_NAM_WASH_VOLUME_RATIO,1.0
EQWT_NAM_WASH_VOLUME_RATIO,1.0
EQWT_NAM_WASH_VOLUME_RATIO,1.0
EQWT_NAM_WASH_VOLUME_RATIO,1.0
EQWT_NAM_WASH_VOLUME_RATIO,1.0
EQWT_NAM_WASH_VOLUME_RATIO,1.0
EQWT_NAM_WASH_VOLUME_RATIO,1.0
EQWT_NAM_WASH_VOLUME_RATIO,1.0
EQWT_NAM_WASH_VOLUME_RATIO,1.0
EQWT_NAM_WASH_VOLUME_RATIO,1.0
EQWT_NAM_WASH_VOLUME_RATIO,1.0
EQWT_NAM_WASH_VOLUME_RATIO,1.0
EQWT_NAM_WASH_VOLUME_RATIO,1.0
EQWT_NAM_WASH_VOLUME_RATIO,1.0
EQWT_NAM_WASH_VOLUME_RATIO,1.0
EQWT_NAM_WASH_VOLUME_RATIO,1.0
EQWT_NAM_WASH_VOLUME_RATIO,1.0
EQWT_NAM_WASH_VOLUME_RATIO,1.0
EQWT_NAM_WASH_VOLUME_RATIO,1.0
EQWT_NAM_WASH_VOLUME_RATIO,1.0
EQWT_NAM_WASH_VOLUME_RATIO,0.8093
EQWT_NAM_WASH_VOLUME_RATIO,1.0
EQWT_NAM_WASH_VOLUME_RATIO,1.0
EQWT_NAM_WASH_VOLUME_RATIO,1.0
EQWT_NAM_WASH_VOLUME_RATIO,1.0
EQWT_NAM_WASH_VOLUME_RATIO,1.0
EQWT_NAM_WASH_VOLUME_RATIO,1.0
EQWT_NAM_WASH_VOLUME_RATIO,1.0
EQWT_NAM_WASH_VOLUME_RATIO,1.0
EQWT_NAM_WASH_VOLUME_RATIO,1.0
EQWT_NAM_WASH_VOLUME_RATIO,1.0
EQWT_NAM_WASH_VOLUME_RATIO,0.7845
EQWT_NAM_WASH_VOLUME_RATIO,1.0
EQWT_NAM_WASH_VOLUME_RATIO,1.0
EQWT_NAM_WASH_VOLUME_RATIO,1.0
EQWT_NAM_WASH_VOLUME_RATIO,1.0
EQWT_NAM_WASH_VOLUME_RATIO,1.0
EQWT_NAM_WASH_VOLUME_RATIO,1.0
EQWT_NAM_WASH_VOLUME_RATIO,1.0
EQWT_NAM_WASH_VOLUME_RATIO,0.7673
EQWT_NAM_WASH_VOLUME_RATIO,1.0
EQWT_NAM_WASH_VOLUME_RATIO,1.0
EQWT_NAM_WASH_VOLUME_RATIO,1.0
EQWT_NAM_WASH_VOLUME_RATIO,1.0
EQWT_NAM_WASH_VOLUME_RATIO,1.0
EQWT_NAM_WASH_VOLUME_RATIO,1.0
EQWT_NAM_WASH_VOLUME_RATIO,1.0
EQWT_NAM_WASH_VOLUME_RATIO,1.0
EQWT_NAM_WASH_VOLUME_RATIO,1.0
EQWT_NAM_WASH_VOLUME_RATIO,1.0
EQWT_NAM_WASH_VOLUME_RATIO,1.0
EQWT_NAM_WASH_VOLUME_RATIO,0.7777
EQWT_NAM_WASH_VOLUME_RATIO,1.0
EQWT_NAM_WASH_VOLUME_RATIO,1.0
EQWT_NAM_WASH_VOLUME_RATIO,0.8693
EQWT_NAM_WASH_VOLUME_RATIO,1.0
EQWT_NAM_WASH_VOLUME_RATIO,1.0
EQWT_NAM_WASH_VOLUME_RATIO,1.0
EQWT_NAM_WASH_VOLUME_RATIO,1.0
EQWT_NAM_WASH_VOLUME_RATIO,1.0
EQWT_NAM_WASH_VOLUME_RATIO,1.0
EQWT_NAM_WASH_VOLUME_RATIO,1.0
EQWT_NAM_WASH_VOLUME_RATIO,0.5918
EQWT_NAM_WASH_VOLUME_RATIO,1.0
EQWT_NAM_WASH_VOLUME_RATIO,1.0
EQWT_NAM_WASH_VOLUME_RATIO,0.8755
EQWT_NAM_WASH_VOLUME_RATIO,1.0
EQWT_NAM_WASH_VOLUME_RATIO,1.0
EQWT_NAM_WASH_VOLUME_RATIO,0.9966
EQWT_NAM_WASH_VOLUME_RATIO,1.0
EQWT_NAM_WASH_VOLUME_RATIO,1.0
EQWT_NAM_WASH_VOLUME_RATIO,1.0
EQWT_NAM_WASH_VOLUME_RATIO,1.0
EQWT_NAM_WASH_VOLUME_RATIO,1.0
EQWT_NAM_WASH_VOLUME_RATIO,1.0
EQWT_NAM_WASH_VOLUME_RATIO,1.0
EQWT_NAM_WASH_VOLUME_RATIO,1.0
EQWT_NAM_WASH_VOLUME_RATIO,1.0
EQWT_NAM_WASH_VOLUME_RATIO,1.0
EQWT_NAM_WASH_VOLUME_RATIO,1.0
EQWT_NAM_WASH_VOLUME_RATIO,1.0
EQWT_NAM_WASH_VOLUME_RATIO,1.0
EQWT_NAM_WASH_VOLUME_RATIO,1.0
EQWT_NAM_WASH_VOLUME_RATIO,1.0
EQWT_NAM_WASH_VOLUME_RATIO,1.0
EQWT_NAM_WASH_VOLUME_RATIO,1.0
EQWT_NAM_WASH_VOLUME_RATIO,1.0
EQWT_NAM_WASH_VOLUME_RATIO,1.0
EQWT_NAM_WASH_VOLUME_RATIO,1.0
EQWT_NAM_WASH_VOLUME_RATIO,1.0
EQWT_NAM_WASH_VOLUME_RATIO,1.0
EQWT_NAM_WASH_VOLUME_RATIO,1.0
EQWT_NAM_WASH_VOLUME_RATIO,1.0
EQWT_NAM_WASH_VOLUME_RATIO,1.0
EQWT_NAM_WASH_VOLUME_RATIO,1.0
EQWT_NAM_WASH_VOLUME_RATIO,1.0
EQWT_NAM_WASH_VOLUME_RATIO,1.0
EQWT_NAM_WASH_VOLUME_RATIO,1.0
EQWT_NAM_WASH_VOLUME_RATIO,0.8992
EQWT_NAM_WASH_VOLUME_RATIO,1.0
EQWT_NAM_WASH_VOLUME_RATIO,1.0
EQWT_NAM_WASH_VOLUME_RATIO,1.0
EQWT_NAM_WASH_VOLUME_RATIO,1.0
EQWT_NAM_WASH_VOLUME_RATIO,1.0
EQWT_NAM_WASH_VOLUME_RATIO,1.0
EQWT_NAM_WASH_VOLUME_RATIO,1.0
EQWT_NAM_WASH_VOLUME_RATIO,1.0
EQWT_NAM_WASH_VOLUME_RATIO,1.0
EQWT_NAM_WASH_VOLUME_RATIO,1.0
EQWT_NAM_WASH_VOLUME_RATIO,1.0
EQWT_NAM_WASH_VOLUME_RATIO,1.0
EQWT_NAM_WASH_VOLUME_RATIO,1.0
EQWT_NAM_WASH_VOLUME_RATIO,1.0
EQWT_NAM_WASH_VOLUME_RATIO,1.0
EQWT_NAM_WASH_VOLUME_RATIO,1.0
EQWT_NAM_WASH_VOLUME_RATIO,0.6845
EQWT_NAM_WASH_VOLUME_RATIO,1.0
EQWT_NAM_WASH_VOLUME_RATIO,1.0
EQWT_NAM_WASH_VOLUME_RATIO,1.0
EQWT_NAM_WASH_VOLUME_RATIO,1.0
EQWT_NAM_WASH_VOLUME_RATIO,1.0
EQWT_NAM_WASH_VOLUME_RATIO,1.0
EQWT_NAM_WASH_VOLUME_RATIO,1.0
EQWT_NAM_WASH_VOLUME_RATIO,1.0
EQWT_NAM_WASH_VOLUME_RATIO,1.0
EQWT_NAM_WASH_VOLUME_RATIO,1.0
EQWT_NAM_WASH_VOLUME_RATIO,1.0
EQWT_NAM_WASH_VOLUME_RATIO,1.0
EQWT_NAM_WASH_VOLUME_RATIO,1.0
EQWT_NAM_WASH_VOLUME_RATIO,1.0
EQWT_NAM_WASH_VOLUME_RATIO,1.0
EQWT_NAM_WASH_VOLUME_RATIO,1.0
EQWT_NAM_WASH_VOLUME_RATIO,0.9491
EQWT_NAM_WASH_VOLUME_RATIO,1.0
EQWT_NAM_WASH_VOLUME_RATIO,0.9746
EQWT_NAM_WASH_VOLUME_RATIO,1.0
EQWT_NAM_WASH_VOLUME_RATIO,1.0
EQWT_NAM_WASH_VOLUME_RATIO,1.0
EQWT_NAM_WASH_VOLUME_RATIO,1.0
EQWT_NAM_WASH_VOLUME_RATIO,1.0
EQWT_NAM_WASH_VOLUME_RATIO,1.0
EQWT_NAM_WASH_VOLUME_RATIO,1.0
EQWT_NAM_WASH_VOLUME_RATIO,0.845
EQWT_NAM_WASH_VOLUME_RATIO,1.0
EQWT_NAM_WASH_VOLUME_RATIO,1.0
EQWT_NAM_WASH_VOLUME_RATIO,1.0
EQWT_NAM_WASH_VOLUME_RATIO,1.0
EQWT_NAM_WASH_VOLUME_RATIO,1.0
EQWT_NAM_WASH_VOLUME_RATIO,0.7378
EQWT_NAM_WASH_VOLUME_RATIO,1.0
EQWT_NAM_WASH_VOLUME_RATIO,1.0
EQWT_NAM_WASH_VOLUME_RATIO,1.0
EQWT_NAM_WASH_VOLUME_RATIO,1.0
EQWT_NAM_WASH_VOLUME_RATIO,1.0
EQWT_NAM_WASH_VOLUME_RATIO,1.0
EQWT_NAM_WASH_VOLUME_RATIO,1.0
EQWT_NAM_WASH_VOLUME_RATIO,1.0
EQWT_NAM_WASH_VOLUME_RATIO,1.0
EQWT_NAM_WASH_VOLUME_RATIO,1.0
EQWT_NAM_WASH_VOLUME_RATIO,1.0
EQWT_NAM_WASH_VOLUME_RATIO,1.0
EQWT_NAM_WASH_VOLUME_RATIO,1.0
EQWT_NAM_WASH_VOLUME_RATIO,1.0
EQWT_NAM_WASH_VOLUME_RATIO,1.0
EQWT_NAM_WASH_VOLUME_RATIO,1.0
EQWT_NAM_WASH_VOLUME_RATIO,1.0
EQWT_NAM_WASH_VOLUME_RATIO,1.0
EQWT_NAM_WASH_VOLUME_RATIO,1.0
EQWT_NAM_WASH_VOLUME_RATIO,1.0
EQWT_NAM_WASH_VOLUME_RATIO,1.0
EQWT_NAM_WASH_VOLUME_RATIO,0.8587
EQWT_NAM_WASH_VOLUME_RATIO,0.9212
EQWT_NAM_WASH_VOLUME_RATIO,1.0
EQWT_NAM_WASH_VOLUME_RATIO,1.0
EQWT_NAM_WASH_VOLUME_RATIO,1.0
EQWT_NAM_WASH_VOLUME_RATIO,1.0
EQWT_NAM_WASH_VOLUME_RATIO,1.0
EQWT_NAM_WASH_VOLUME_RATIO,1.0
EQWT_NAM_WASH_VOLUME_RATIO,1.0
EQWT_NAM_WASH_VOLUME_RATIO,1.0
EQWT_NAM_WASH_VOLUME_RATIO,1.0
EQWT_NAM_WASH_VOLUME_RATIO,1.0
EQWT_NAM_WASH_VOLUME_RATIO,1.0
EQWT_NAM_WASH_VOLUME_RATIO,0.6964
EQWT_NAM_WASH_VOLUME_RATIO,1.0
EQWT_NAM_WASH_VOLUME_RATIO,0.4677
EQWT_NAM_WASH_VOLUME_RATIO,1.0
EQWT_NAM_WASH_VOLUME_RATIO,1.0
EQWT_NAM_WASH_VOLUME_RATIO,1.0
EQWT_NAM_WASH_VOLUME_RATIO,1.0
EQWT_NAM_WASH_VOLUME_RATIO,1.0
EQWT_NAM_WASH_VOLUME_RATIO,1.0
EQWT_NAM_WASH_VOLUME_RATIO,1.0
EQWT_NAM_WASH_VOLUME_RATIO,1.0
EQWT_NAM_WASH_VOLUME_RATIO,0.8268
