feature,value
EQWT_NAM_AVERAGE_ORDER_TO_EXECUTION_TIME,0.8972
EQWT_NAM_AVERAGE_ORDER_TO_EXECUTION_TIME,0.9568
EQWT_NAM_AVERAGE_ORDER_TO_EXECUTION_TIME,0.9395
EQWT_NAM_AVERAGE_ORDER_TO_EXECUTION_TIME,0.9492
EQWT_NAM_AVERAGE_ORDER_TO_EXECUTION_TIME,0.0
EQWT_NAM_AVERAGE_ORDER_TO_EXECUTION_TIME,0.825
EQWT_NAM_AVERAGE_ORDER_TO_EXECUTION_TIME,0.8883
EQWT_NAM_AVERAGE_ORDER_TO_EXECUTION_TIME,0.6481
EQWT_NAM_AVERAGE_ORDER_TO_EXECUTION_TIME,0.98
EQWT_NAM_AVERAGE_ORDER_TO_EXECUTION_TIME,0.8821
EQWT_NAM_AVERAGE_ORDER_TO_EXECUTION_TIME,0.9185
EQWT_NAM_AVERAGE_ORDER_TO_EXECUTION_TIME,0.8675
EQWT_NAM_AVERAGE_ORDER_TO_EXECUTION_TIME,0.6664
EQWT_NAM_AVERAGE_ORDER_TO_EXECUTION_TIME,0.6437
EQWT_NAM_AVERAGE_ORDER_TO_EXECUTION_TIME,0.5764
EQWT_NAM_AVERAGE_ORDER_TO_EXECUTION_TIME,0.8927
EQWT_NAM_AVERAGE_ORDER_TO_EXECUTION_TIME,0.7592
EQWT_NAM_AVERAGE_ORDER_TO_EXECUTION_TIME,0.6599
EQWT_NAM_AVERAGE_ORDER_TO_EXECUTION_TIME,0.61
EQWT_NAM_AVERAGE_ORDER_TO_EXECUTION_TIME,0.7099
EQWT_NAM_AVERAGE_ORDER_TO_EXECUTION_TIME,0.7019
EQWT_NAM_AVERAGE_ORDER_TO_EXECUTION_TIME,0.7247
EQWT_NAM_AVERAGE_ORDER_TO_EXECUTION_TIME,0.8833
EQWT_NAM_AVERAGE_ORDER_TO_EXECUTION_TIME,0.9412
EQWT_NAM_AVERAGE_ORDER_TO_EXECUTION_TIME,0.3454
EQWT_NAM_AVERAGE_ORDER_TO_EXECUTION_TIME,0.5086
EQWT_NAM_AVERAGE_ORDER_TO_EXECUTION_TIME,0.5225
EQWT_NAM_AVERAGE_ORDER_TO_EXECUTION_TIME,0.9464
EQWT_NAM_AVERAGE_ORDER_TO_EXECUTION_TIME,0.8645
EQWT_NAM_AVERAGE_ORDER_TO_EXECUTION_TIME,0.9670000000000001
EQWT_NAM_AVERAGE_ORDER_TO_EXECUTION_TIME,0.8248
EQWT_NAM_AVERAGE_ORDER_TO_EXECUTION_TIME,0.7075
EQWT_NAM_AVERAGE_ORDER_TO_EXECUTION_TIME,0.5957
EQWT_NAM_AVERAGE_ORDER_TO_EXECUTION_TIME,0.8908
EQWT_NAM_AVERAGE_ORDER_TO_EXECUTION_TIME,0.6531
EQWT_NAM_AVERAGE_ORDER_TO_EXECUTION_TIME,0.5418
EQWT_NAM_AVERAGE_ORDER_TO_EXECUTION_TIME,0.9817
EQWT_NAM_AVERAGE_ORDER_TO_EXECUTION_TIME,0.8761
EQWT_NAM_AVERAGE_ORDER_TO_EXECUTION_TIME,0.8924
EQWT_NAM_AVERAGE_ORDER_TO_EXECUTION_TIME,0.9503
EQWT_NAM_AVERAGE_ORDER_TO_EXECUTION_TIME,0.8605
EQWT_NAM_AVERAGE_ORDER_TO_EXECUTION_TIME,0.8893
EQWT_NAM_AVERAGE_ORDER_TO_EXECUTION_TIME,0.8218
EQWT_NAM_MARKET_SHARE_RATIO,0.0
EQWT_NAM_MARKET_SHARE_RATIO,0.0
EQWT_NAM_MARKET_SHARE_RATIO,0.0
EQWT_NAM_MARKET_SHARE_RATIO,0.0
EQWT_NAM_MARKET_SHARE_RATIO,1.0
EQWT_NAM_MARKET_SHARE_RATIO,0.0
EQWT_NAM_MARKET_SHARE_RATIO,0.0
EQWT_NAM_MARKET_SHARE_RATIO,0.7277
EQWT_NAM_MARKET_SHARE_RATIO,0.0
EQWT_NAM_MARKET_SHARE_RATIO,0.0
EQWT_NAM_MARKET_SHARE_RATIO,0.0
EQWT_NAM_MARKET_SHARE_RATIO,0.0
EQWT_NAM_MARKET_SHARE_RATIO,0.0
EQWT_NAM_MARKET_SHARE_RATIO,0.0
EQWT_NAM_MARKET_SHARE_RATIO,0.4226
EQWT_NAM_MARKET_SHARE_RATIO,0.0
EQWT_NAM_MARKET_SHARE_RATIO,0.0
EQWT_NAM_MARKET_SHARE_RATIO,0.0
EQWT_NAM_MARKET_SHARE_RATIO,0.0801
EQWT_NAM_MARKET_SHARE_RATIO,0.0
EQWT_NAM_MARKET_SHARE_RATIO,0.0
EQWT_NAM_MARKET_SHARE_RATIO,0.0
EQWT_NAM_MARKET_SHARE_RATIO,0.0
EQWT_NAM_MARKET_SHARE_RATIO,0.3257
EQWT_NAM_MARKET_SHARE_RATIO,0.0
EQWT_NAM_MARKET_SHARE_RATIO,0.0
EQWT_NAM_MARKET_SHARE_RATIO,0.0
EQWT_NAM_MARKET_SHARE_RATIO,0.0
EQWT_NAM_MARKET_SHARE_RATIO,0.0
EQWT_NAM_MARKET_SHARE_RATIO,0.0927
EQWT_NAM_MARKET_SHARE_RATIO,0.0
EQWT_NAM_MARKET_SHARE_RATIO,0.0
EQWT_NAM_MARKET_SHARE_RATIO,0.0806
EQWT_NAM_MARKET_SHARE_RATIO,0.0
EQWT_NAM_MARKET_SHARE_RATIO,0.1365
EQWT_NAM_MARKET_SHARE_RATIO,0.1729
EQWT_NAM_MARKET_SHARE_RATIO,0.0
EQWT_NAM_MARKET_SHARE_RATIO,0.0
EQWT_NAM_MARKET_SHARE_RATIO,0.0
EQWT_NAM_MARKET_SHARE_RATIO,0.0
EQWT_NAM_MARKET_SHARE_RATIO,0.0
EQWT_NAM_MARKET_SHARE_RATIO,0.0
EQWT_NAM_MARKET_SHARE_RATIO,0.0
EQWT_NAM_OWS_MARKET_SHARE_RATIO,0.8381
EQWT_NAM_OWS_MARKET_SHARE_RATIO,0.4947
EQWT_NAM_OWS_MARKET_SHARE_RATIO,0.1057
EQWT_NAM_OWS_MARKET_SHARE_RATIO,0.1741
EQWT_NAM_OWS_MARKET_SHARE_RATIO,1.0
EQWT_NAM_OWS_MARKET_SHARE_RATIO,0.33799999999999997
EQWT_NAM_OWS_MARKET_SHARE_RATIO,0.1423
EQWT_NAM_OWS_MARKET_SHARE_RATIO,0.0
EQWT_NAM_OWS_MARKET_SHARE_RATIO,0.6317
EQWT_NAM_OWS_MARKET_SHARE_RATIO,0.7345
EQWT_NAM_OWS_MARKET_SHARE_RATIO,0.3179
EQWT_NAM_OWS_MARKET_SHARE_RATIO,1.0
EQWT_NAM_OWS_MARKET_SHARE_RATIO,0.6924
EQWT_NAM_OWS_MARKET_SHARE_RATIO,0.8986
EQWT_NAM_OWS_MARKET_SHARE_RATIO,1.0
EQWT_NAM_OWS_MARKET_SHARE_RATIO,0.7774
EQWT_NAM_OWS_MARKET_SHARE_RATIO,0.5111
EQWT_NAM_OWS_MARKET_SHARE_RATIO,0.4005
EQWT_NAM_OWS_MARKET_SHARE_RATIO,0.8322
EQWT_NAM_OWS_MARKET_SHARE_RATIO,0.6596
EQWT_NAM_OWS_MARKET_SHARE_RATIO,0.8247
EQWT_NAM_OWS_MARKET_SHARE_RATIO,0.1751
EQWT_NAM_OWS_MARKET_SHARE_RATIO,0.0
EQWT_NAM_OWS_MARKET_SHARE_RATIO,0.7777
EQWT_NAM_OWS_MARKET_SHARE_RATIO,0.9895
EQWT_NAM_OWS_MARKET_SHARE_RATIO,0.3512
EQWT_NAM_OWS_MARKET_SHARE_RATIO,0.7867
EQWT_NAM_OWS_MARKET_SHARE_RATIO,0.5996
EQWT_NAM_OWS_MARKET_SHARE_RATIO,0.5182
EQWT_NAM_OWS_MARKET_SHARE_RATIO,0.8440000000000001
EQWT_NAM_OWS_MARKET_SHARE_RATIO,0.7090000000000001
EQWT_NAM_OWS_MARKET_SHARE_RATIO,0.7105
EQWT_NAM_OWS_MARKET_SHARE_RATIO,0.3452
EQWT_NAM_OWS_MARKET_SHARE_RATIO,0.7226
EQWT_NAM_OWS_MARKET_SHARE_RATIO,0.5076
EQWT_NAM_OWS_MARKET_SHARE_RATIO,1.0
EQWT_NAM_OWS_MARKET_SHARE_RATIO,0.3512
EQWT_NAM_OWS_MARKET_SHARE_RATIO,0.5429999999999999
EQWT_NAM_OWS_MARKET_SHARE_RATIO,0.2459
EQWT_NAM_OWS_MARKET_SHARE_RATIO,0.4073
EQWT_NAM_OWS_MARKET_SHARE_RATIO,0.3164
EQWT_NAM_OWS_MARKET_SHARE_RATIO,0.5995
EQWT_NAM_OWS_MARKET_SHARE_RATIO,0.5126
EQWT_NAM_WASH_AVERAGE_VOLUME_RATIO,1.0
EQWT_NAM_WASH_AVERAGE_VOLUME_RATIO,0.7098
EQWT_NAM_WASH_AVERAGE_VOLUME_RATIO,1.0
EQWT_NAM_WASH_AVERAGE_VOLUME_RATIO,1.0
EQWT_NAM_WASH_AVERAGE_VOLUME_RATIO,1.0
EQWT_NAM_WASH_AVERAGE_VOLUME_RATIO,1.0
EQWT_NAM_WASH_AVERAGE_VOLUME_RATIO,1.0
EQWT_NAM_WASH_AVERAGE_VOLUME_RATIO,1.0
EQWT_NAM_WASH_AVERAGE_VOLUME_RATIO,0.0103
EQWT_NAM_WASH_AVERAGE_VOLUME_RATIO,0.3894
EQWT_NAM_WASH_AVERAGE_VOLUME_RATIO,1.0
EQWT_NAM_WASH_AVERAGE_VOLUME_RATIO,0.1805
EQWT_NAM_WASH_AVERAGE_VOLUME_RATIO,1.0
EQWT_NAM_WASH_AVERAGE_VOLUME_RATIO,1.0
EQWT_NAM_WASH_AVERAGE_VOLUME_RATIO,1.0
EQWT_NAM_WASH_AVERAGE_VOLUME_RATIO,0.0705
EQWT_NAM_WASH_AVERAGE_VOLUME_RATIO,0.2385
EQWT_NAM_WASH_AVERAGE_VOLUME_RATIO,0.4361
EQWT_NAM_WASH_AVERAGE_VOLUME_RATIO,0.1151
EQWT_NAM_WASH_AVERAGE_VOLUME_RATIO,0.7504
EQWT_NAM_WASH_AVERAGE_VOLUME_RATIO,0.1964
EQWT_NAM_WASH_AVERAGE_VOLUME_RATIO,1.0
EQWT_NAM_WASH_AVERAGE_VOLUME_RATIO,0.7665
EQWT_NAM_WASH_AVERAGE_VOLUME_RATIO,1.0
EQWT_NAM_WASH_AVERAGE_VOLUME_RATIO,1.0
EQWT_NAM_WASH_AVERAGE_VOLUME_RATIO,1.0
EQWT_NAM_WASH_AVERAGE_VOLUME_RATIO,0.6167
EQWT_NAM_WASH_AVERAGE_VOLUME_RATIO,1.0
EQWT_NAM_WASH_AVERAGE_VOLUME_RATIO,1.0
EQWT_NAM_WASH_AVERAGE_VOLUME_RATIO,0.0028
EQWT_NAM_WASH_AVERAGE_VOLUME_RATIO,0.2652
EQWT_NAM_WASH_AVERAGE_VOLUME_RATIO,1.0
EQWT_NAM_WASH_AVERAGE_VOLUME_RATIO,0.9027
EQWT_NAM_WASH_AVERAGE_VOLUME_RATIO,0.326
EQWT_NAM_WASH_AVERAGE_VOLUME_RATIO,0.4424
EQWT_NAM_WASH_AVERAGE_VOLUME_RATIO,0.0
EQWT_NAM_WASH_AVERAGE_VOLUME_RATIO,0.8528
EQWT_NAM_WASH_AVERAGE_VOLUME_RATIO,1.0
EQWT_NAM_WASH_AVERAGE_VOLUME_RATIO,0.3997
EQWT_NAM_WASH_AVERAGE_VOLUME_RATIO,1.0
EQWT_NAM_WASH_AVERAGE_VOLUME_RATIO,1.0
EQWT_NAM_WASH_AVERAGE_VOLUME_RATIO,1.0
EQWT_NAM_WASH_AVERAGE_VOLUME_RATIO,1.0
EQWT_NAM_WASH_VOLUME_DENSITY,0.8162
EQWT_NAM_WASH_VOLUME_DENSITY,0.8348
EQWT_NAM_WASH_VOLUME_DENSITY,0.7113
EQWT_NAM_WASH_VOLUME_DENSITY,0.3327
EQWT_NAM_WASH_VOLUME_DENSITY,0.0
EQWT_NAM_WASH_VOLUME_DENSITY,0.3296
EQWT_NAM_WASH_VOLUME_DENSITY,0.3333
EQWT_NAM_WASH_VOLUME_DENSITY,0.9985
EQWT_NAM_WASH_VOLUME_DENSITY,0.9028
EQWT_NAM_WASH_VOLUME_DENSITY,0.8838
EQWT_NAM_WASH_VOLUME_DENSITY,0.6212
EQWT_NAM_WASH_VOLUME_DENSITY,0.9145
EQWT_NAM_WASH_VOLUME_DENSITY,0.0285
EQWT_NAM_WASH_VOLUME_DENSITY,0.0
EQWT_NAM_WASH_VOLUME_DENSITY,0.7653
EQWT_NAM_WASH_VOLUME_DENSITY,0.9364
EQWT_NAM_WASH_VOLUME_DENSITY,0.8956
EQWT_NAM_WASH_VOLUME_DENSITY,0.7186
EQWT_NAM_WASH_VOLUME_DENSITY,0.8226
EQWT_NAM_WASH_VOLUME_DENSITY,0.6151
EQWT_NAM_WASH_VOLUME_DENSITY,0.8892
EQWT_NAM_WASH_VOLUME_DENSITY,0.5173
EQWT_NAM_WASH_VOLUME_DENSITY,0.7781
EQWT_NAM_WASH_VOLUME_DENSITY,0.8163
EQWT_NAM_WASH_VOLUME_DENSITY,0.044000000000000004
EQWT_NAM_WASH_VOLUME_DENSITY,0.6931
EQWT_NAM_WASH_VOLUME_DENSITY,0.7889
EQWT_NAM_WASH_VOLUME_DENSITY,0.4626
EQWT_NAM_WASH_VOLUME_DENSITY,0.7778
EQWT_NAM_WASH_VOLUME_DENSITY,0.9626
EQWT_NAM_WASH_VOLUME_DENSITY,0.8244
EQWT_NAM_WASH_VOLUME_DENSITY,0.8271
EQWT_NAM_WASH_VOLUME_DENSITY,0.9226
EQWT_NAM_WASH_VOLUME_DENSITY,0.8799
EQWT_NAM_WASH_VOLUME_DENSITY,0.8644
EQWT_NAM_WASH_VOLUME_DENSITY,0.9503
EQWT_NAM_WASH_VOLUME_DENSITY,0.7931
EQWT_NAM_WASH_VOLUME_DENSITY,0.9028
EQWT_NAM_WASH_VOLUME_DENSITY,0.4272
EQWT_NAM_WASH_VOLUME_DENSITY,0.0
EQWT_NAM_WASH_VOLUME_DENSITY,0.2199
EQWT_NAM_WASH_VOLUME_DENSITY,0.0
EQWT_NAM_WASH_VOLUME_DENSITY,0.8341
EQWT_NAM_WASH_VOLUME_RATIO,0.8340000000000001
EQWT_NAM_WASH_VOLUME_RATIO,0.6094
EQWT_NAM_WASH_VOLUME_RATIO,1.0
EQWT_NAM_WASH_VOLUME_RATIO,1.0
EQWT_NAM_WASH_VOLUME_RATIO,1.0
EQWT_NAM_WASH_VOLUME_RATIO,1.0
EQWT_NAM_WASH_VOLUME_RATIO,1.0
EQWT_NAM_WASH_VOLUME_RATIO,1.0
EQWT_NAM_WASH_VOLUME_RATIO,0.8320000000000001
EQWT_NAM_WASH_VOLUME_RATIO,0.8929
EQWT_NAM_WASH_VOLUME_RATIO,1.0
EQWT_NAM_WASH_VOLUME_RATIO,0.9046
EQWT_NAM_WASH_VOLUME_RATIO,1.0
EQWT_NAM_WASH_VOLUME_RATIO,1.0
EQWT_NAM_WASH_VOLUME_RATIO,1.0
EQWT_NAM_WASH_VOLUME_RATIO,0.9734
EQWT_NAM_WASH_VOLUME_RATIO,0.9256
EQWT_NAM_WASH_VOLUME_RATIO,0.7041
EQWT_NAM_WASH_VOLUME_RATIO,0.8942
EQWT_NAM_WASH_VOLUME_RATIO,0.7023
EQWT_NAM_WASH_VOLUME_RATIO,0.826
EQWT_NAM_WASH_VOLUME_RATIO,1.0
EQWT_NAM_WASH_VOLUME_RATIO,0.9872
EQWT_NAM_WASH_VOLUME_RATIO,1.0
EQWT_NAM_WASH_VOLUME_RATIO,1.0
EQWT_NAM_WASH_VOLUME_RATIO,1.0
EQWT_NAM_WASH_VOLUME_RATIO,0.7729
EQWT_NAM_WASH_VOLUME_RATIO,1.0
EQWT_NAM_WASH_VOLUME_RATIO,1.0
EQWT_NAM_WASH_VOLUME_RATIO,0.992
EQWT_NAM_WASH_VOLUME_RATIO,0.9239
EQWT_NAM_WASH_VOLUME_RATIO,0.3635
EQWT_NAM_WASH_VOLUME_RATIO,0.6794
EQWT_NAM_WASH_VOLUME_RATIO,0.7732
EQWT_NAM_WASH_VOLUME_RATIO,0.7905
EQWT_NAM_WASH_VOLUME_RATIO,0.9896
EQWT_NAM_WASH_VOLUME_RATIO,0.6485
EQWT_NAM_WASH_VOLUME_RATIO,1.0
EQWT_NAM_WASH_VOLUME_RATIO,0.6042
EQWT_NAM_WASH_VOLUME_RATIO,1.0
EQWT_NAM_WASH_VOLUME_RATIO,1.0
EQWT_NAM_WASH_VOLUME_RATIO,1.0
EQWT_NAM_WASH_VOLUME_RATIO,1.0
