feature,value
EQWT_NAM_AVERAGE_ORDER_TO_EXECUTION_TIME,0.0
EQWT_NAM_AVERAGE_ORDER_TO_EXECUTION_TIME,0.0
EQWT_NAM_AVERAGE_ORDER_TO_EXECUTION_TIME,0.0
EQWT_NAM_AVERAGE_ORDER_TO_EXECUTION_TIME,0.0
EQWT_NAM_AVERAGE_ORDER_TO_EXECUTION_TIME,0.0263
EQWT_NAM_AVERAGE_ORDER_TO_EXECUTION_TIME,0.0
EQWT_NAM_AVERAGE_ORDER_TO_EXECUTION_TIME,0.1174
EQWT_NAM_AVERAGE_ORDER_TO_EXECUTION_TIME,0.0
EQWT_NAM_AVERAGE_ORDER_TO_EXECUTION_TIME,0.0
EQWT_NAM_AVERAGE_ORDER_TO_EXECUTION_TIME,0.0
EQWT_NAM_AVERAGE_ORDER_TO_EXECUTION_TIME,0.0
EQWT_NAM_AVERAGE_ORDER_TO_EXECUTION_TIME,0.0
EQWT_NAM_AVERAGE_ORDER_TO_EXECUTION_TIME,0.0
EQWT_NAM_AVERAGE_ORDER_TO_EXECUTION_TIME,0.0
EQWT_NAM_AVERAGE_ORDER_TO_EXECUTION_TIME,0.0
EQWT_NAM_AVERAGE_ORDER_TO_EXECUTION_TIME,0.0
EQWT_NAM_AVERAGE_ORDER_TO_EXECUTION_TIME,0.0
EQWT_NAM_AVERAGE_ORDER_TO_EXECUTION_TIME,0.0
EQWT_NAM_AVERAGE_ORDER_TO_EXECUTION_TIME,0.0
EQWT_NAM_AVERAGE_ORDER_TO_EXECUTION_TIME,0.0
EQWT_NAM_AVERAGE_ORDER_TO_EXECUTION_TIME,0.0
EQWT_NAM_AVERAGE_ORDER_TO_EXECUTION_TIME,0.0
EQWT_NAM_AVERAGE_ORDER_TO_EXECUTION_TIME,0.0
EQWT_NAM_AVERAGE_ORDER_TO_EXECUTION_TIME,0.0
EQWT_NAM_AVERAGE_ORDER_TO_EXECUTION_TIME,0.0
EQWT_NAM_AVERAGE_ORDER_TO_EXECUTION_TIME,0.0
EQWT_NAM_AVERAGE_ORDER_TO_EXECUTION_TIME,0.0
EQWT_NAM_AVERAGE_ORDER_TO_EXECUTION_TIME,0.0
EQWT_NAM_AVERAGE_ORDER_TO_EXECUTION_TIME,0.0
EQWT_NAM_AVERAGE_ORDER_TO_EXECUTION_TIME,0.0
EQWT_NAM_AVERAGE_ORDER_TO_EXECUTION_TIME,0.0301
EQWT_NAM_AVERAGE_ORDER_TO_EXECUTION_TIME,0.0
EQWT_NAM_AVERAGE_ORDER_TO_EXECUTION_TIME,0.0
EQWT_NAM_AVERAGE_ORDER_TO_EXECUTION_TIME,0.0
EQWT_NAM_AVERAGE_ORDER_TO_EXECUTION_TIME,0.0
EQWT_NAM_AVERAGE_ORDER_TO_EXECUTION_TIME,0.0
EQWT_NAM_AVERAGE_ORDER_TO_EXECUTION_TIME,0.0
EQWT_NAM_AVERAGE_ORDER_TO_EXECUTION_TIME,0.0
EQWT_NAM_AVERAGE_ORDER_TO_EXECUTION_TIME,0.0
EQWT_NAM_AVERAGE_ORDER_TO_EXECUTION_TIME,0.0
EQWT_NAM_AVERAGE_ORDER_TO_EXECUTION_TIME,0.0
EQWT_NAM_AVERAGE_ORDER_TO_EXECUTION_TIME,0.0
EQWT_NAM_AVERAGE_ORDER_TO_EXECUTION_TIME,0.0
EQWT_NAM_AVERAGE_ORDER_TO_EXECUTION_TIME,0.0
EQWT_NAM_AVERAGE_ORDER_TO_EXECUTION_TIME,0.0585
EQWT_NAM_AVERAGE_ORDER_TO_EXECUTION_TIME,0.0
EQWT_NAM_AVERAGE_ORDER_TO_EXECUTION_TIME,0.0
EQWT_NAM_AVERAGE_ORDER_TO_EXECUTION_TIME,0.0
EQWT_NAM_AVERAGE_ORDER_TO_EXECUTION_TIME,0.0
EQWT_NAM_AVERAGE_ORDER_TO_EXECUTION_TIME,0.0
EQWT_NAM_AVERAGE_ORDER_TO_EXECUTION_TIME,0.0
EQWT_NAM_AVERAGE_ORDER_TO_EXECUTION_TIME,0.0
EQWT_NAM_AVERAGE_ORDER_TO_EXECUTION_TIME,0.0
EQWT_NAM_AVERAGE_ORDER_TO_EXECUTION_TIME,0.0
EQWT_NAM_AVERAGE_ORDER_TO_EXECUTION_TIME,0.0
EQWT_NAM_AVERAGE_ORDER_TO_EXECUTION_TIME,0.1325
EQWT_NAM_AVERAGE_ORDER_TO_EXECUTION_TIME,0.0
EQWT_NAM_AVERAGE_ORDER_TO_EXECUTION_TIME,0.0
EQWT_NAM_AVERAGE_ORDER_TO_EXECUTION_TIME,0.0
EQWT_NAM_AVERAGE_ORDER_TO_EXECUTION_TIME,0.0
EQWT_NAM_AVERAGE_ORDER_TO_EXECUTION_TIME,0.0983
EQWT_NAM_AVERAGE_ORDER_TO_EXECUTION_TIME,0.0
EQWT_NAM_AVERAGE_ORDER_TO_EXECUTION_TIME,0.0
EQWT_NAM_AVERAGE_ORDER_TO_EXECUTION_TIME,0.0
EQWT_NAM_AVERAGE_ORDER_TO_EXECUTION_TIME,0.0
EQWT_NAM_AVERAGE_ORDER_TO_EXECUTION_TIME,0.0
EQWT_NAM_AVERAGE_ORDER_TO_EXECUTION_TIME,0.0
EQWT_NAM_AVERAGE_ORDER_TO_EXECUTION_TIME,0.0
EQWT_NAM_AVERAGE_ORDER_TO_EXECUTION_TIME,0.1015
EQWT_NAM_AVERAGE_ORDER_TO_EXECUTION_TIME,0.0
EQWT_NAM_AVERAGE_ORDER_TO_EXECUTION_TIME,0.0307
EQWT_NAM_AVERAGE_ORDER_TO_EXECUTION_TIME,0.0
EQWT_NAM_AVERAGE_ORDER_TO_EXECUTION_TIME,0.2215
EQWT_NAM_AVERAGE_ORDER_TO_EXECUTION_TIME,0.0
EQWT_NAM_AVERAGE_ORDER_TO_EXECUTION_TIME,0.0
EQWT_NAM_AVERAGE_ORDER_TO_EXECUTION_TIME,0.0
EQWT_NAM_AVERAGE_ORDER_TO_EXECUTION_TIME,0.8118
EQWT_NAM_AVERAGE_ORDER_TO_EXECUTION_TIME,0.2228
EQWT_NAM_AVERAGE_ORDER_TO_EXECUTION_TIME,0.4086
EQWT_NAM_AVERAGE_ORDER_TO_EXECUTION_TIME,0.3938
EQWT_NAM_AVERAGE_ORDER_TO_EXECUTION_TIME,0.0
EQWT_NAM_AVERAGE_ORDER_TO_EXECUTION_TIME,0.6111
EQWT_NAM_AVERAGE_ORDER_TO_EXECUTION_TIME,0.0
EQWT_NAM_AVERAGE_ORDER_TO_EXECUTION_TIME,0.8112
EQWT_NAM_AVERAGE_ORDER_TO_EXECUTION_TIME,0.0
EQWT_NAM_AVERAGE_ORDER_TO_EXECUTION_TIME,0.5302
EQWT_NAM_AVERAGE_ORDER_TO_EXECUTION_TIME,0.0
EQWT_NAM_AVERAGE_ORDER_TO_EXECUTION_TIME,0.2895
EQWT_NAM_AVERAGE_ORDER_TO_EXECUTION_TIME,0.6111
EQWT_NAM_AVERAGE_ORDER_TO_EXECUTION_TIME,0.0973
EQWT_NAM_AVERAGE_ORDER_TO_EXECUTION_TIME,0.1966
EQWT_NAM_AVERAGE_ORDER_TO_EXECUTION_TIME,0.3253
EQWT_NAM_AVERAGE_ORDER_TO_EXECUTION_TIME,0.0
EQWT_NAM_AVERAGE_ORDER_TO_EXECUTION_TIME,0.0
EQWT_NAM_AVERAGE_ORDER_TO_EXECUTION_TIME,0.0637
EQWT_NAM_AVERAGE_ORDER_TO_EXECUTION_TIME,0.0
EQWT_NAM_AVERAGE_ORDER_TO_EXECUTION_TIME,0.0
EQWT_NAM_AVERAGE_ORDER_TO_EXECUTION_TIME,0.0
EQWT_NAM_AVERAGE_ORDER_TO_EXECUTION_TIME,0.0
EQWT_NAM_AVERAGE_ORDER_TO_EXECUTION_TIME,0.0
EQWT_NAM_AVERAGE_ORDER_TO_EXECUTION_TIME,0.0
EQWT_NAM_AVERAGE_ORDER_TO_EXECUTION_TIME,0.0
EQWT_NAM_MARKET_SHARE_RATIO,0.1444
EQWT_NAM_MARKET_SHARE_RATIO,0.505
EQWT_NAM_MARKET_SHARE_RATIO,0.2862
EQWT_NAM_MARKET_SHARE_RATIO,0.1056
EQWT_NAM_MARKET_SHARE_RATIO,0.2391
EQWT_NAM_MARKET_SHARE_RATIO,0.22399999999999998
EQWT_NAM_MARKET_SHARE_RATIO,0.1252
EQWT_NAM_MARKET_SHARE_RATIO,0.2191
EQWT_NAM_MARKET_SHARE_RATIO,0.3065
EQWT_NAM_MARKET_SHARE_RATIO,0.1864
EQWT_NAM_MARKET_SHARE_RATIO,0.1085
EQWT_NAM_MARKET_SHARE_RATIO,0.1407
EQWT_NAM_MARKET_SHARE_RATIO,0.2465
EQWT_NAM_MARKET_SHARE_RATIO,0.4094
EQWT_NAM_MARKET_SHARE_RATIO,0.2333
EQWT_NAM_MARKET_SHARE_RATIO,0.05
EQWT_NAM_MARKET_SHARE_RATIO,0.2209
EQWT_NAM_MARKET_SHARE_RATIO,0.3049
EQWT_NAM_MARKET_SHARE_RATIO,0.3563
EQWT_NAM_MARKET_SHARE_RATIO,0.2191
EQWT_NAM_MARKET_SHARE_RATIO,0.2085
EQWT_NAM_MARKET_SHARE_RATIO,0.3097
EQWT_NAM_MARKET_SHARE_RATIO,0.1596
EQWT_NAM_MARKET_SHARE_RATIO,0.1895
EQWT_NAM_MARKET_SHARE_RATIO,0.2704
EQWT_NAM_MARKET_SHARE_RATIO,0.2181
EQWT_NAM_MARKET_SHARE_RATIO,0.3584
EQWT_NAM_MARKET_SHARE_RATIO,0.2423
EQWT_NAM_MARKET_SHARE_RATIO,0.0504
EQWT_NAM_MARKET_SHARE_RATIO,0.2529
EQWT_NAM_MARKET_SHARE_RATIO,0.2125
EQWT_NAM_MARKET_SHARE_RATIO,0.1934
EQWT_NAM_MARKET_SHARE_RATIO,0.5197
EQWT_NAM_MARKET_SHARE_RATIO,0.2247
EQWT_NAM_MARKET_SHARE_RATIO,0.1735
EQWT_NAM_MARKET_SHARE_RATIO,0.28800000000000003
EQWT_NAM_MARKET_SHARE_RATIO,0.1809
EQWT_NAM_MARKET_SHARE_RATIO,0.2542
EQWT_NAM_MARKET_SHARE_RATIO,0.2861
EQWT_NAM_MARKET_SHARE_RATIO,0.2754
EQWT_NAM_MARKET_SHARE_RATIO,0.2501
EQWT_NAM_MARKET_SHARE_RATIO,0.33
EQWT_NAM_MARKET_SHARE_RATIO,0.245
EQWT_NAM_MARKET_SHARE_RATIO,0.19399999999999998
EQWT_NAM_MARKET_SHARE_RATIO,0.048
EQWT_NAM_MARKET_SHARE_RATIO,0.2226
EQWT_NAM_MARKET_SHARE_RATIO,0.1826
EQWT_NAM_MARKET_SHARE_RATIO,0.0941
EQWT_NAM_MARKET_SHARE_RATIO,0.067
EQWT_NAM_MARKET_SHARE_RATIO,0.1944
EQWT_NAM_MARKET_SHARE_RATIO,0.2184
EQWT_NAM_MARKET_SHARE_RATIO,0.1801
EQWT_NAM_MARKET_SHARE_RATIO,0.2282
EQWT_NAM_MARKET_SHARE_RATIO,0.2773
EQWT_NAM_MARKET_SHARE_RATIO,0.1865
EQWT_NAM_MARKET_SHARE_RATIO,0.013000000000000001
EQWT_NAM_MARKET_SHARE_RATIO,0.2003
EQWT_NAM_MARKET_SHARE_RATIO,0.2329
EQWT_NAM_MARKET_SHARE_RATIO,0.1463
EQWT_NAM_MARKET_SHARE_RATIO,0.2248
EQWT_NAM_MARKET_SHARE_RATIO,0.4018
EQWT_NAM_MARKET_SHARE_RATIO,0.5047
EQWT_NAM_MARKET_SHARE_RATIO,0.17600000000000002
EQWT_NAM_MARKET_SHARE_RATIO,0.2599
EQWT_NAM_MARKET_SHARE_RATIO,0.3065
EQWT_NAM_MARKET_SHARE_RATIO,0.3639
EQWT_NAM_MARKET_SHARE_RATIO,0.0557
EQWT_NAM_MARKET_SHARE_RATIO,0.1357
EQWT_NAM_MARKET_SHARE_RATIO,0.3479
EQWT_NAM_MARKET_SHARE_RATIO,0.2629
EQWT_NAM_MARKET_SHARE_RATIO,0.0407
EQWT_NAM_MARKET_SHARE_RATIO,0.3017
EQWT_NAM_MARKET_SHARE_RATIO,0.0919
EQWT_NAM_MARKET_SHARE_RATIO,0.2973
EQWT_NAM_MARKET_SHARE_RATIO,0.2413
EQWT_NAM_MARKET_SHARE_RATIO,0.1874
EQWT_NAM_MARKET_SHARE_RATIO,0.0
EQWT_NAM_MARKET_SHARE_RATIO,0.6920000000000001
EQWT_NAM_MARKET_SHARE_RATIO,0.2219
EQWT_NAM_MARKET_SHARE_RATIO,0.1594
EQWT_NAM_MARKET_SHARE_RATIO,0.521
EQWT_NAM_MARKET_SHARE_RATIO,0.0
EQWT_NAM_MARKET_SHARE_RATIO,0.5434
EQWT_NAM_MARKET_SHARE_RATIO,0.0
EQWT_NAM_MARKET_SHARE_RATIO,0.1722
EQWT_NAM_MARKET_SHARE_RATIO,0.2129
EQWT_NAM_MARKET_SHARE_RATIO,0.6739
EQWT_NAM_MARKET_SHARE_RATIO,0.7975
EQWT_NAM_MARKET_SHARE_RATIO,0.0375
EQWT_NAM_MARKET_SHARE_RATIO,0.0408
EQWT_NAM_MARKET_SHARE_RATIO,0.0924
EQWT_NAM_MARKET_SHARE_RATIO,0.2027
EQWT_NAM_MARKET_SHARE_RATIO,0.2889
EQWT_NAM_MARKET_SHARE_RATIO,0.0
EQWT_NAM_MARKET_SHARE_RATIO,0.1629
EQWT_NAM_MARKET_SHARE_RATIO,0.2674
EQWT_NAM_MARKET_SHARE_RATIO,0.4361
EQWT_NAM_MARKET_SHARE_RATIO,0.12300000000000001
EQWT_NAM_MARKET_SHARE_RATIO,0.6062
EQWT_NAM_MARKET_SHARE_RATIO,0.0
EQWT_NAM_MARKET_SHARE_RATIO,0.7323
EQWT_NAM_MARKET_SHARE_RATIO,0.0094
EQWT_NAM_OWS_MARKET_SHARE_RATIO,0.4616
EQWT_NAM_OWS_MARKET_SHARE_RATIO,0.8571
EQWT_NAM_OWS_MARKET_SHARE_RATIO,0.7170000000000001
EQWT_NAM_OWS_MARKET_SHARE_RATIO,0.3784
EQWT_NAM_OWS_MARKET_SHARE_RATIO,0.5635
EQWT_NAM_OWS_MARKET_SHARE_RATIO,0.5167
EQWT_NAM_OWS_MARKET_SHARE_RATIO,0.5643
EQWT_NAM_OWS_MARKET_SHARE_RATIO,0.4753
EQWT_NAM_OWS_MARKET_SHARE_RATIO,0.6995
EQWT_NAM_OWS_MARKET_SHARE_RATIO,0.4665
EQWT_NAM_OWS_MARKET_SHARE_RATIO,0.4134
EQWT_NAM_OWS_MARKET_SHARE_RATIO,0.5262
EQWT_NAM_OWS_MARKET_SHARE_RATIO,0.4475
EQWT_NAM_OWS_MARKET_SHARE_RATIO,0.8044
EQWT_NAM_OWS_MARKET_SHARE_RATIO,0.4768
EQWT_NAM_OWS_MARKET_SHARE_RATIO,0.5931
EQWT_NAM_OWS_MARKET_SHARE_RATIO,0.5101
EQWT_NAM_OWS_MARKET_SHARE_RATIO,0.6425
EQWT_NAM_OWS_MARKET_SHARE_RATIO,0.7856
EQWT_NAM_OWS_MARKET_SHARE_RATIO,0.5820000000000001
EQWT_NAM_OWS_MARKET_SHARE_RATIO,0.3831
EQWT_NAM_OWS_MARKET_SHARE_RATIO,0.6802
EQWT_NAM_OWS_MARKET_SHARE_RATIO,0.6288
EQWT_NAM_OWS_MARKET_SHARE_RATIO,0.4748
EQWT_NAM_OWS_MARKET_SHARE_RATIO,0.5372
EQWT_NAM_OWS_MARKET_SHARE_RATIO,0.5977
EQWT_NAM_OWS_MARKET_SHARE_RATIO,0.7931
EQWT_NAM_OWS_MARKET_SHARE_RATIO,0.5735
EQWT_NAM_OWS_MARKET_SHARE_RATIO,0.4235
EQWT_NAM_OWS_MARKET_SHARE_RATIO,0.7439
EQWT_NAM_OWS_MARKET_SHARE_RATIO,0.4911
EQWT_NAM_OWS_MARKET_SHARE_RATIO,0.4407
EQWT_NAM_OWS_MARKET_SHARE_RATIO,0.8417
EQWT_NAM_OWS_MARKET_SHARE_RATIO,0.5670000000000001
EQWT_NAM_OWS_MARKET_SHARE_RATIO,0.5752
EQWT_NAM_OWS_MARKET_SHARE_RATIO,0.5984
EQWT_NAM_OWS_MARKET_SHARE_RATIO,0.4135
EQWT_NAM_OWS_MARKET_SHARE_RATIO,0.6893
EQWT_NAM_OWS_MARKET_SHARE_RATIO,0.5414
EQWT_NAM_OWS_MARKET_SHARE_RATIO,0.5991
EQWT_NAM_OWS_MARKET_SHARE_RATIO,0.7433
EQWT_NAM_OWS_MARKET_SHARE_RATIO,0.5788
EQWT_NAM_OWS_MARKET_SHARE_RATIO,0.5294
EQWT_NAM_OWS_MARKET_SHARE_RATIO,0.6681
EQWT_NAM_OWS_MARKET_SHARE_RATIO,0.4956
EQWT_NAM_OWS_MARKET_SHARE_RATIO,0.7468
EQWT_NAM_OWS_MARKET_SHARE_RATIO,0.5717
EQWT_NAM_OWS_MARKET_SHARE_RATIO,0.4859
EQWT_NAM_OWS_MARKET_SHARE_RATIO,0.3971
EQWT_NAM_OWS_MARKET_SHARE_RATIO,0.7281
EQWT_NAM_OWS_MARKET_SHARE_RATIO,0.358
EQWT_NAM_OWS_MARKET_SHARE_RATIO,0.5056
EQWT_NAM_OWS_MARKET_SHARE_RATIO,0.3853
EQWT_NAM_OWS_MARKET_SHARE_RATIO,0.8248
EQWT_NAM_OWS_MARKET_SHARE_RATIO,0.4367
EQWT_NAM_OWS_MARKET_SHARE_RATIO,0.3477
EQWT_NAM_OWS_MARKET_SHARE_RATIO,0.5603
EQWT_NAM_OWS_MARKET_SHARE_RATIO,0.6095
EQWT_NAM_OWS_MARKET_SHARE_RATIO,0.6203
EQWT_NAM_OWS_MARKET_SHARE_RATIO,0.6578
EQWT_NAM_OWS_MARKET_SHARE_RATIO,0.8425
EQWT_NAM_OWS_MARKET_SHARE_RATIO,0.9353
EQWT_NAM_OWS_MARKET_SHARE_RATIO,0.4999
EQWT_NAM_OWS_MARKET_SHARE_RATIO,0.6079
EQWT_NAM_OWS_MARKET_SHARE_RATIO,0.7597
EQWT_NAM_OWS_MARKET_SHARE_RATIO,0.5705
EQWT_NAM_OWS_MARKET_SHARE_RATIO,0.5318
EQWT_NAM_OWS_MARKET_SHARE_RATIO,0.5348
EQWT_NAM_OWS_MARKET_SHARE_RATIO,0.7005
EQWT_NAM_OWS_MARKET_SHARE_RATIO,0.5026
EQWT_NAM_OWS_MARKET_SHARE_RATIO,0.3642
EQWT_NAM_OWS_MARKET_SHARE_RATIO,0.5838
EQWT_NAM_OWS_MARKET_SHARE_RATIO,0.3598
EQWT_NAM_OWS_MARKET_SHARE_RATIO,0.627
EQWT_NAM_OWS_MARKET_SHARE_RATIO,0.6004
EQWT_NAM_OWS_MARKET_SHARE_RATIO,0.4155
EQWT_NAM_OWS_MARKET_SHARE_RATIO,0.0452
EQWT_NAM_OWS_MARKET_SHARE_RATIO,0.9208
EQWT_NAM_OWS_MARKET_SHARE_RATIO,0.5517
EQWT_NAM_OWS_MARKET_SHARE_RATIO,0.45
EQWT_NAM_OWS_MARKET_SHARE_RATIO,0.7684
EQWT_NAM_OWS_MARKET_SHARE_RATIO,0.0766
EQWT_NAM_OWS_MARKET_SHARE_RATIO,0.9766
EQWT_NAM_OWS_MARKET_SHARE_RATIO,0.9329999999999999
EQWT_NAM_OWS_MARKET_SHARE_RATIO,0.7123
EQWT_NAM_OWS_MARKET_SHARE_RATIO,0.6619
EQWT_NAM_OWS_MARKET_SHARE_RATIO,1.0
EQWT_NAM_OWS_MARKET_SHARE_RATIO,1.0
EQWT_NAM_OWS_MARKET_SHARE_RATIO,0.3999
EQWT_NAM_OWS_MARKET_SHARE_RATIO,0.5195
EQWT_NAM_OWS_MARKET_SHARE_RATIO,0.4683
EQWT_NAM_OWS_MARKET_SHARE_RATIO,0.5031
EQWT_NAM_OWS_MARKET_SHARE_RATIO,0.8049
EQWT_NAM_OWS_MARKET_SHARE_RATIO,0.9928
EQWT_NAM_OWS_MARKET_SHARE_RATIO,0.9975
EQWT_NAM_OWS_MARKET_SHARE_RATIO,0.7423
EQWT_NAM_OWS_MARKET_SHARE_RATIO,0.8489
EQWT_NAM_OWS_MARKET_SHARE_RATIO,0.9965
EQWT_NAM_OWS_MARKET_SHARE_RATIO,1.0
EQWT_NAM_OWS_MARKET_SHARE_RATIO,0.9905
EQWT_NAM_OWS_MARKET_SHARE_RATIO,0.9868
EQWT_NAM_OWS_MARKET_SHARE_RATIO,0.9842
EQWT_NAM_WASH_AVERAGE_VOLUME_RATIO,1.0
EQWT_NAM_WASH_AVERAGE_VOLUME_RATIO,1.0
EQWT_NAM_WASH_AVERAGE_VOLUME_RATIO,1.0
EQWT_NAM_WASH_AVERAGE_VOLUME_RATIO,1.0
EQWT_NAM_WASH_AVERAGE_VOLUME_RATIO,1.0
EQWT_NAM_WASH_AVERAGE_VOLUME_RATIO,1.0
EQWT_NAM_WASH_AVERAGE_VOLUME_RATIO,1.0
EQWT_NAM_WASH_AVERAGE_VOLUME_RATIO,1.0
EQWT_NAM_WASH_AVERAGE_VOLUME_RATIO,1.0
EQWT_NAM_WASH_AVERAGE_VOLUME_RATIO,1.0
EQWT_NAM_WASH_AVERAGE_VOLUME_RATIO,1.0
EQWT_NAM_WASH_AVERAGE_VOLUME_RATIO,1.0
EQWT_NAM_WASH_AVERAGE_VOLUME_RATIO,1.0
EQWT_NAM_WASH_AVERAGE_VOLUME_RATIO,1.0
EQWT_NAM_WASH_AVERAGE_VOLUME_RATIO,1.0
EQWT_NAM_WASH_AVERAGE_VOLUME_RATIO,1.0
EQWT_NAM_WASH_AVERAGE_VOLUME_RATIO,1.0
EQWT_NAM_WASH_AVERAGE_VOLUME_RATIO,1.0
EQWT_NAM_WASH_AVERAGE_VOLUME_RATIO,1.0
EQWT_NAM_WASH_AVERAGE_VOLUME_RATIO,1.0
EQWT_NAM_WASH_AVERAGE_VOLUME_RATIO,1.0
EQWT_NAM_WASH_AVERAGE_VOLUME_RATIO,1.0
EQWT_NAM_WASH_AVERAGE_VOLUME_RATIO,1.0
EQWT_NAM_WASH_AVERAGE_VOLUME_RATIO,1.0
EQWT_NAM_WASH_AVERAGE_VOLUME_RATIO,1.0
EQWT_NAM_WASH_AVERAGE_VOLUME_RATIO,1.0
EQWT_NAM_WASH_AVERAGE_VOLUME_RATIO,1.0
EQWT_NAM_WASH_AVERAGE_VOLUME_RATIO,1.0
EQWT_NAM_WASH_AVERAGE_VOLUME_RATIO,1.0
EQWT_NAM_WASH_AVERAGE_VOLUME_RATIO,1.0
EQWT_NAM_WASH_AVERAGE_VOLUME_RATIO,1.0
EQWT_NAM_WASH_AVERAGE_VOLUME_RATIO,1.0
EQWT_NAM_WASH_AVERAGE_VOLUME_RATIO,1.0
EQWT_NAM_WASH_AVERAGE_VOLUME_RATIO,1.0
EQWT_NAM_WASH_AVERAGE_VOLUME_RATIO,1.0
EQWT_NAM_WASH_AVERAGE_VOLUME_RATIO,1.0
EQWT_NAM_WASH_AVERAGE_VOLUME_RATIO,1.0
EQWT_NAM_WASH_AVERAGE_VOLUME_RATIO,1.0
EQWT_NAM_WASH_AVERAGE_VOLUME_RATIO,1.0
EQWT_NAM_WASH_AVERAGE_VOLUME_RATIO,1.0
EQWT_NAM_WASH_AVERAGE_VOLUME_RATIO,0.769
EQWT_NAM_WASH_AVERAGE_VOLUME_RATIO,1.0
EQWT_NAM_WASH_AVERAGE_VOLUME_RATIO,1.0
EQWT_NAM_WASH_AVERAGE_VOLUME_RATIO,1.0
EQWT_NAM_WASH_AVERAGE_VOLUME_RATIO,1.0
EQWT_NAM_WASH_AVERAGE_VOLUME_RATIO,1.0
EQWT_NAM_WASH_AVERAGE_VOLUME_RATIO,1.0
EQWT_NAM_WASH_AVERAGE_VOLUME_RATIO,1.0
EQWT_NAM_WASH_AVERAGE_VOLUME_RATIO,1.0
EQWT_NAM_WASH_AVERAGE_VOLUME_RATIO,1.0
EQWT_NAM_WASH_AVERAGE_VOLUME_RATIO,1.0
EQWT_NAM_WASH_AVERAGE_VOLUME_RATIO,1.0
EQWT_NAM_WASH_AVERAGE_VOLUME_RATIO,1.0
EQWT_NAM_WASH_AVERAGE_VOLUME_RATIO,1.0
EQWT_NAM_WASH_AVERAGE_VOLUME_RATIO,1.0
EQWT_NAM_WASH_AVERAGE_VOLUME_RATIO,1.0
EQWT_NAM_WASH_AVERAGE_VOLUME_RATIO,1.0
EQWT_NAM_WASH_AVERAGE_VOLUME_RATIO,1.0
EQWT_NAM_WASH_AVERAGE_VOLUME_RATIO,1.0
EQWT_NAM_WASH_AVERAGE_VOLUME_RATIO,1.0
EQWT_NAM_WASH_AVERAGE_VOLUME_RATIO,1.0
EQWT_NAM_WASH_AVERAGE_VOLUME_RATIO,1.0
EQWT_NAM_WASH_AVERAGE_VOLUME_RATIO,1.0
EQWT_NAM_WASH_AVERAGE_VOLUME_RATIO,1.0
EQWT_NAM_WASH_AVERAGE_VOLUME_RATIO,1.0
EQWT_NAM_WASH_AVERAGE_VOLUME_RATIO,1.0
EQWT_NAM_WASH_AVERAGE_VOLUME_RATIO,1.0
EQWT_NAM_WASH_AVERAGE_VOLUME_RATIO,1.0
EQWT_NAM_WASH_AVERAGE_VOLUME_RATIO,1.0
EQWT_NAM_WASH_AVERAGE_VOLUME_RATIO,1.0
EQWT_NAM_WASH_AVERAGE_VOLUME_RATIO,1.0
EQWT_NAM_WASH_AVERAGE_VOLUME_RATIO,1.0
EQWT_NAM_WASH_AVERAGE_VOLUME_RATIO,1.0
EQWT_NAM_WASH_AVERAGE_VOLUME_RATIO,1.0
EQWT_NAM_WASH_AVERAGE_VOLUME_RATIO,1.0
EQWT_NAM_WASH_AVERAGE_VOLUME_RATIO,1.0
EQWT_NAM_WASH_AVERAGE_VOLUME_RATIO,1.0
EQWT_NAM_WASH_AVERAGE_VOLUME_RATIO,1.0
EQWT_NAM_WASH_AVERAGE_VOLUME_RATIO,0.2839
EQWT_NAM_WASH_AVERAGE_VOLUME_RATIO,0.5675
EQWT_NAM_WASH_AVERAGE_VOLUME_RATIO,1.0
EQWT_NAM_WASH_AVERAGE_VOLUME_RATIO,1.0
EQWT_NAM_WASH_AVERAGE_VOLUME_RATIO,0.0994
EQWT_NAM_WASH_AVERAGE_VOLUME_RATIO,1.0
EQWT_NAM_WASH_AVERAGE_VOLUME_RATIO,1.0
EQWT_NAM_WASH_AVERAGE_VOLUME_RATIO,1.0
EQWT_NAM_WASH_AVERAGE_VOLUME_RATIO,0.2464
EQWT_NAM_WASH_AVERAGE_VOLUME_RATIO,1.0
EQWT_NAM_WASH_AVERAGE_VOLUME_RATIO,1.0
EQWT_NAM_WASH_AVERAGE_VOLUME_RATIO,0.9502
EQWT_NAM_WASH_AVERAGE_VOLUME_RATIO,1.0
EQWT_NAM_WASH_AVERAGE_VOLUME_RATIO,1.0
EQWT_NAM_WASH_AVERAGE_VOLUME_RATIO,1.0
EQWT_NAM_WASH_AVERAGE_VOLUME_RATIO,1.0
EQWT_NAM_WASH_AVERAGE_VOLUME_RATIO,1.0
EQWT_NAM_WASH_AVERAGE_VOLUME_RATIO,0.9141
EQWT_NAM_WASH_AVERAGE_VOLUME_RATIO,1.0
EQWT_NAM_WASH_AVERAGE_VOLUME_RATIO,1.0
EQWT_NAM_WASH_AVERAGE_VOLUME_RATIO,1.0
EQWT_NAM_WASH_AVERAGE_VOLUME_RATIO,1.0
EQWT_NAM_WASH_AVERAGE_VOLUME_RATIO,1.0
EQWT_NAM_WASH_AVERAGE_VOLUME_RATIO,1.0
EQWT_NAM_WASH_VOLUME_DENSITY,0.9421
EQWT_NAM_WASH_VOLUME_DENSITY,0.9503
EQWT_NAM_WASH_VOLUME_DENSITY,0.9152
EQWT_NAM_WASH_VOLUME_DENSITY,0.9275
EQWT_NAM_WASH_VOLUME_DENSITY,0.9855
EQWT_NAM_WASH_VOLUME_DENSITY,0.9427
EQWT_NAM_WASH_VOLUME_DENSITY,0.9672
EQWT_NAM_WASH_VOLUME_DENSITY,0.9023
EQWT_NAM_WASH_VOLUME_DENSITY,0.9840000000000001
EQWT_NAM_WASH_VOLUME_DENSITY,0.6732
EQWT_NAM_WASH_VOLUME_DENSITY,0.8609
EQWT_NAM_WASH_VOLUME_DENSITY,0.8329
EQWT_NAM_WASH_VOLUME_DENSITY,0.9756
EQWT_NAM_WASH_VOLUME_DENSITY,0.9717
EQWT_NAM_WASH_VOLUME_DENSITY,0.8977
EQWT_NAM_WASH_VOLUME_DENSITY,0.948
EQWT_NAM_WASH_VOLUME_DENSITY,0.9412
EQWT_NAM_WASH_VOLUME_DENSITY,0.9771
EQWT_NAM_WASH_VOLUME_DENSITY,0.9717
EQWT_NAM_WASH_VOLUME_DENSITY,0.9631
EQWT_NAM_WASH_VOLUME_DENSITY,0.9481
EQWT_NAM_WASH_VOLUME_DENSITY,0.9540000000000001
EQWT_NAM_WASH_VOLUME_DENSITY,0.9768
EQWT_NAM_WASH_VOLUME_DENSITY,0.8903
EQWT_NAM_WASH_VOLUME_DENSITY,0.9681
EQWT_NAM_WASH_VOLUME_DENSITY,0.9654
EQWT_NAM_WASH_VOLUME_DENSITY,0.9946
EQWT_NAM_WASH_VOLUME_DENSITY,0.9723
EQWT_NAM_WASH_VOLUME_DENSITY,0.8347
EQWT_NAM_WASH_VOLUME_DENSITY,0.8696
EQWT_NAM_WASH_VOLUME_DENSITY,0.9865
EQWT_NAM_WASH_VOLUME_DENSITY,0.9342
EQWT_NAM_WASH_VOLUME_DENSITY,0.9976
EQWT_NAM_WASH_VOLUME_DENSITY,0.958
EQWT_NAM_WASH_VOLUME_DENSITY,0.9052
EQWT_NAM_WASH_VOLUME_DENSITY,0.9247
EQWT_NAM_WASH_VOLUME_DENSITY,0.841
EQWT_NAM_WASH_VOLUME_DENSITY,0.9317
EQWT_NAM_WASH_VOLUME_DENSITY,0.9076
EQWT_NAM_WASH_VOLUME_DENSITY,0.9264
EQWT_NAM_WASH_VOLUME_DENSITY,0.8109999999999999
EQWT_NAM_WASH_VOLUME_DENSITY,0.9574
EQWT_NAM_WASH_VOLUME_DENSITY,0.9672
EQWT_NAM_WASH_VOLUME_DENSITY,0.98
EQWT_NAM_WASH_VOLUME_DENSITY,0.982
EQWT_NAM_WASH_VOLUME_DENSITY,0.9872
EQWT_NAM_WASH_VOLUME_DENSITY,0.9474
EQWT_NAM_WASH_VOLUME_DENSITY,0.9167
EQWT_NAM_WASH_VOLUME_DENSITY,0.9795
EQWT_NAM_WASH_VOLUME_DENSITY,0.9829
EQWT_NAM_WASH_VOLUME_DENSITY,0.9506
EQWT_NAM_WASH_VOLUME_DENSITY,0.9279999999999999
EQWT_NAM_WASH_VOLUME_DENSITY,0.9367
EQWT_NAM_WASH_VOLUME_DENSITY,0.9993
EQWT_NAM_WASH_VOLUME_DENSITY,0.9674
EQWT_NAM_WASH_VOLUME_DENSITY,0.9802
EQWT_NAM_WASH_VOLUME_DENSITY,0.9201
EQWT_NAM_WASH_VOLUME_DENSITY,0.9648
EQWT_NAM_WASH_VOLUME_DENSITY,0.9558
EQWT_NAM_WASH_VOLUME_DENSITY,0.9424
EQWT_NAM_WASH_VOLUME_DENSITY,0.9964
EQWT_NAM_WASH_VOLUME_DENSITY,0.9982
EQWT_NAM_WASH_VOLUME_DENSITY,0.9722
EQWT_NAM_WASH_VOLUME_DENSITY,0.9119
EQWT_NAM_WASH_VOLUME_DENSITY,0.8902
EQWT_NAM_WASH_VOLUME_DENSITY,0.9621
EQWT_NAM_WASH_VOLUME_DENSITY,0.9787
EQWT_NAM_WASH_VOLUME_DENSITY,0.96
EQWT_NAM_WASH_VOLUME_DENSITY,0.9576
EQWT_NAM_WASH_VOLUME_DENSITY,0.9822
EQWT_NAM_WASH_VOLUME_DENSITY,0.9895
EQWT_NAM_WASH_VOLUME_DENSITY,0.8527
EQWT_NAM_WASH_VOLUME_DENSITY,0.9906
EQWT_NAM_WASH_VOLUME_DENSITY,0.9757
EQWT_NAM_WASH_VOLUME_DENSITY,0.9723
EQWT_NAM_WASH_VOLUME_DENSITY,0.8028
EQWT_NAM_WASH_VOLUME_DENSITY,0.5679
EQWT_NAM_WASH_VOLUME_DENSITY,0.9934
EQWT_NAM_WASH_VOLUME_DENSITY,0.9631
EQWT_NAM_WASH_VOLUME_DENSITY,0.9885
EQWT_NAM_WASH_VOLUME_DENSITY,0.9974
EQWT_NAM_WASH_VOLUME_DENSITY,0.8962
EQWT_NAM_WASH_VOLUME_DENSITY,0.9892
EQWT_NAM_WASH_VOLUME_DENSITY,0.7307
EQWT_NAM_WASH_VOLUME_DENSITY,0.9911
EQWT_NAM_WASH_VOLUME_DENSITY,0.9971
EQWT_NAM_WASH_VOLUME_DENSITY,0.9967
EQWT_NAM_WASH_VOLUME_DENSITY,0.9965
EQWT_NAM_WASH_VOLUME_DENSITY,0.9953
EQWT_NAM_WASH_VOLUME_DENSITY,0.9568
EQWT_NAM_WASH_VOLUME_DENSITY,0.9890000000000001
EQWT_NAM_WASH_VOLUME_DENSITY,0.9772
EQWT_NAM_WASH_VOLUME_DENSITY,0.9869
EQWT_NAM_WASH_VOLUME_DENSITY,0.7867
EQWT_NAM_WASH_VOLUME_DENSITY,0.8528
EQWT_NAM_WASH_VOLUME_DENSITY,0.9995
EQWT_NAM_WASH_VOLUME_DENSITY,0.9995
EQWT_NAM_WASH_VOLUME_DENSITY,0.975
EQWT_NAM_WASH_VOLUME_DENSITY,0.9972
EQWT_NAM_WASH_VOLUME_DENSITY,0.9672
EQWT_NAM_WASH_VOLUME_DENSITY,0.997
EQWT_NAM_WASH_VOLUME_DENSITY,0.9272
EQWT_NAM_WASH_VOLUME_RATIO,1.0
EQWT_NAM_WASH_VOLUME_RATIO,1.0
EQWT_NAM_WASH_VOLUME_RATIO,1.0
EQWT_NAM_WASH_VOLUME_RATIO,1.0
EQWT_NAM_WASH_VOLUME_RATIO,1.0
EQWT_NAM_WASH_VOLUME_RATIO,1.0
EQWT_NAM_WASH_VOLUME_RATIO,1.0
EQWT_NAM_WASH_VOLUME_RATIO,1.0
EQWT_NAM_WASH_VOLUME_RATIO,1.0
EQWT_NAM_WASH_VOLUME_RATIO,1.0
EQWT_NAM_WASH_VOLUME_RATIO,1.0
EQWT_NAM_WASH_VOLUME_RATIO,1.0
EQWT_NAM_WASH_VOLUME_RATIO,1.0
EQWT_NAM_WASH_VOLUME_RATIO,1.0
EQWT_NAM_WASH_VOLUME_RATIO,1.0
EQWT_NAM_WASH_VOLUME_RATIO,1.0
EQWT_NAM_WASH_VOLUME_RATIO,1.0
EQWT_NAM_WASH_VOLUME_RATIO,1.0
EQWT_NAM_WASH_VOLUME_RATIO,0.8589
EQWT_NAM_WASH_VOLUME_RATIO,1.0
EQWT_NAM_WASH_VOLUME_RATIO,1.0
EQWT_NAM_WASH_VOLUME_RATIO,1.0
EQWT_NAM_WASH_VOLUME_RATIO,1.0
EQWT_NAM_WASH_VOLUME_RATIO,1.0
EQWT_NAM_WASH_VOLUME_RATIO,1.0
EQWT_NAM_WASH_VOLUME_RATIO,1.0
EQWT_NAM_WASH_VOLUME_RATIO,1.0
EQWT_NAM_WASH_VOLUME_RATIO,1.0
EQWT_NAM_WASH_VOLUME_RATIO,1.0
EQWT_NAM_WASH_VOLUME_RATIO,1.0
EQWT_NAM_WASH_VOLUME_RATIO,1.0
EQWT_NAM_WASH_VOLUME_RATIO,1.0
EQWT_NAM_WASH_VOLUME_RATIO,0.9995
EQWT_NAM_WASH_VOLUME_RATIO,1.0
EQWT_NAM_WASH_VOLUME_RATIO,0.948
EQWT_NAM_WASH_VOLUME_RATIO,1.0
EQWT_NAM_WASH_VOLUME_RATIO,1.0
EQWT_NAM_WASH_VOLUME_RATIO,1.0
EQWT_NAM_WASH_VOLUME_RATIO,1.0
EQWT_NAM_WASH_VOLUME_RATIO,1.0
EQWT_NAM_WASH_VOLUME_RATIO,0.9983
EQWT_NAM_WASH_VOLUME_RATIO,1.0
EQWT_NAM_WASH_VOLUME_RATIO,1.0
EQWT_NAM_WASH_VOLUME_RATIO,1.0
EQWT_NAM_WASH_VOLUME_RATIO,1.0
EQWT_NAM_WASH_VOLUME_RATIO,1.0
EQWT_NAM_WASH_VOLUME_RATIO,0.9977
EQWT_NAM_WASH_VOLUME_RATIO,0.997
EQWT_NAM_WASH_VOLUME_RATIO,1.0
EQWT_NAM_WASH_VOLUME_RATIO,1.0
EQWT_NAM_WASH_VOLUME_RATIO,1.0
EQWT_NAM_WASH_VOLUME_RATIO,1.0
EQWT_NAM_WASH_VOLUME_RATIO,1.0
EQWT_NAM_WASH_VOLUME_RATIO,1.0
EQWT_NAM_WASH_VOLUME_RATIO,1.0
EQWT_NAM_WASH_VOLUME_RATIO,0.9957
EQWT_NAM_WASH_VOLUME_RATIO,1.0
EQWT_NAM_WASH_VOLUME_RATIO,1.0
EQWT_NAM_WASH_VOLUME_RATIO,1.0
EQWT_NAM_WASH_VOLUME_RATIO,1.0
EQWT_NAM_WASH_VOLUME_RATIO,1.0
EQWT_NAM_WASH_VOLUME_RATIO,1.0
EQWT_NAM_WASH_VOLUME_RATIO,1.0
EQWT_NAM_WASH_VOLUME_RATIO,1.0
EQWT_NAM_WASH_VOLUME_RATIO,1.0
EQWT_NAM_WASH_VOLUME_RATIO,1.0
EQWT_NAM_WASH_VOLUME_RATIO,1.0
EQWT_NAM_WASH_VOLUME_RATIO,1.0
EQWT_NAM_WASH_VOLUME_RATIO,1.0
EQWT_NAM_WASH_VOLUME_RATIO,1.0
EQWT_NAM_WASH_VOLUME_RATIO,0.9981
EQWT_NAM_WASH_VOLUME_RATIO,1.0
EQWT_NAM_WASH_VOLUME_RATIO,1.0
EQWT_NAM_WASH_VOLUME_RATIO,1.0
EQWT_NAM_WASH_VOLUME_RATIO,1.0
EQWT_NAM_WASH_VOLUME_RATIO,1.0
EQWT_NAM_WASH_VOLUME_RATIO,1.0
EQWT_NAM_WASH_VOLUME_RATIO,0.945
EQWT_NAM_WASH_VOLUME_RATIO,0.9949
EQWT_NAM_WASH_VOLUME_RATIO,0.9925
EQWT_NAM_WASH_VOLUME_RATIO,1.0
EQWT_NAM_WASH_VOLUME_RATIO,0.7227
EQWT_NAM_WASH_VOLUME_RATIO,0.9997
EQWT_NAM_WASH_VOLUME_RATIO,0.9858
EQWT_NAM_WASH_VOLUME_RATIO,0.9212
EQWT_NAM_WASH_VOLUME_RATIO,0.9715
EQWT_NAM_WASH_VOLUME_RATIO,0.9988
EQWT_NAM_WASH_VOLUME_RATIO,0.9976
EQWT_NAM_WASH_VOLUME_RATIO,0.8887
EQWT_NAM_WASH_VOLUME_RATIO,0.9662
EQWT_NAM_WASH_VOLUME_RATIO,0.9753
EQWT_NAM_WASH_VOLUME_RATIO,0.965
EQWT_NAM_WASH_VOLUME_RATIO,1.0
EQWT_NAM_WASH_VOLUME_RATIO,0.9856
EQWT_NAM_WASH_VOLUME_RATIO,1.0
EQWT_NAM_WASH_VOLUME_RATIO,0.9995
EQWT_NAM_WASH_VOLUME_RATIO,1.0
EQWT_NAM_WASH_VOLUME_RATIO,1.0
EQWT_NAM_WASH_VOLUME_RATIO,1.0
EQWT_NAM_WASH_VOLUME_RATIO,0.8883
EQWT_NAM_WASH_VOLUME_RATIO,1.0
EQWT_NAM_WASH_VOLUME_RATIO,1.0
